user_input,retrieved_contexts,response,reference,faithfulness,answer_relevancy,context_precision,context_recall,answer_correctness,factual_mismatch,answerable
Qual è la definizione di operatore?,"['Il testo fornisce informazioni sui requisiti relativi al numero di addetti per la gestione degli animali in base a diverse modalità di mungitura. \n\nIn primo luogo, si evidenzia che un numero non sufficiente di addetti si verifica quando un operatore è responsabile di più di 120 animali totali, nel caso in cui la mungitura sia eseguita da altri. In alternativa, si considera non sufficiente un operatore per più di 100 animali totali con mungitura tramite lattodotto per 50 capi in lattazione, oppure un operatore per più di 80 animali totali con mungitura a secchio per 40 capi in lattazione. In questa situazione, il livello di non conformità è indicato come ""no"".\n\nD\'altra parte, il numero accettabile di addetti è definito come un operatore per un intervallo di 80-120 animali, sempre nel caso in cui la mungitura sia eseguita da altri. Inoltre, è accettabile un operatore per circa 50-100 animali totali con mungitura tramite lattodotto per 25-50 capi in lattazione, oppure un operatore per circa 40-80 animali totali con mungitura a secchio per 20-40 capi in lattazione. In questo caso, il livello di non conformità è indicato come ""sì"".\n\nInfine, il numero ottimale di addetti è rappresentato da un operatore per meno di 80 animali, nel caso in cui la mungitura sia eseguita da altri.', 'Il numero accettabile di addetti per la gestione degli animali varia a seconda delle condizioni di mungitura. In particolare, si prevede un operatore per 200-300 animali nel caso in cui la mungitura sia eseguita da altri. Se, invece, la stessa persona si occupa anche della mungitura di circa 50 capi in lattazione, il numero accettabile scende a un operatore per 100-120 animali. Tuttavia, in questo scenario, il livello di non conformità è considerato ""sì"".\n\nPer quanto riguarda il numero ottimale di addetti, si raccomanda un operatore per meno di 200 animali se la mungitura è eseguita da altri. Se la stessa persona si occupa anche della mungitura dei circa 50 capi in lattazione, il numero ottimale scende a un operatore per meno di 100 animali. In questo caso, il livello di non conformità è definito come ""ottimale"".\n\nPassando alla linea vacca-vitello, si evidenzia che il numero non sufficiente di addetti si verifica quando, nella stalla, c\'è un operatore per più di 70 animali e, al pascolo, un operatore per più di 120 animali. In questa situazione, il livello di non conformità è considerato ""no"".\n\nAl contrario, il numero sufficiente di addetti è stabilito con un operatore per 30-70 animali nella stalla e un operatore per 80-120 animali al pascolo. In questo caso, il livello di non conformità è ""sì"".', ""Nel contesto della gestione degli allevamenti, si stabiliscono specifiche indicazioni riguardo al numero di operatori necessari in base alla tipologia e al numero di animali. \n\nPer quanto riguarda i riproduttori, è previsto un operatore per un numero di animali compreso tra 500 e 800. Invece, per gli animali all’ingrasso, è necessario un operatore per un numero di animali inferiore a 5000. Per i riproduttori, la situazione cambia ulteriormente: è richiesto un operatore per meno di 500 animali.\n\nGli addetti, che possono essere il proprietario, il detentore o il custode degli animali, sono definiti come le persone responsabili della cura e dell'alimentazione degli animali e degli ambienti in cui vivono. Questi addetti possono lavorare a tempo pieno, corrispondente a una persona, oppure a tempo parziale, con un minimo di mezza giornata, che equivale a mezza persona. È importante notare che non si considerano come addetti coloro che operano esclusivamente nei campi o i tecnici, nel caso di filiere integrate.\n\nInfine, il numero di addetti può variare in base a diversi fattori, tra cui la fase di allevamento, il livello di meccanizzazione e l'organizzazione dell'azienda, come ad esempio se si opera in ciclo aperto o chiuso e il numero di capannoni disponibili."", ""Sistema Integrato «ClassyFarm» - Guida per l'Operatore e i suoi Delegati\n\nDelegato dell'Operatore: figura designata dall'operatore responsabile degli animali, con la sola facoltà di visualizzare i cruscotti degli allevamenti associati allo stesso operatore."", ""Il testo analizza il numero di addetti necessari per un allevamento di animali, specificando le condizioni in cui si trovano. \n\nIn primo luogo, viene evidenziato che un numero insufficiente di addetti è rappresentato da diverse situazioni: \n- Un operatore per più di 300 animali totali, nel caso in cui la mungitura sia eseguita da altri o se si tratta di allevamenti non orientati alla produzione di latte.\n- Un operatore per più di 150 animali totali, se la stessa persona si occupa anche della mungitura.\n- Un operatore per più di 100 animali totali, se la mungitura è effettuata a mano dalla stessa persona.\n\nIn queste circostanze, la risposta è negativa riguardo alla sufficienza del personale.\n\nD'altra parte, viene definito un numero accettabile di addetti:\n- Un operatore per 200-300 animali totali, se la mungitura è eseguita da altri o se si tratta di allevamenti non da latte.\n- Un operatore per 100-150 animali totali, se la stessa persona svolge anche la mungitura.\n- Un operatore per 60-100 animali totali, se la mungitura è effettuata a mano dalla stessa persona.\n\nIn questo caso, la risposta è positiva, indicando che il numero di addetti è considerato adeguato."", 'Nel contesto degli allevamenti, la gestione del personale è fondamentale e varia in base al numero di animali e al metodo di mungitura. \n\nIn particolare, si possono identificare tre categorie di operatori in relazione al numero di animali:\n\n1. **Situazione non accettabile**: \n   - Un operatore per più di 150 animali totali, se la stessa persona si occupa anche della mungitura.\n   - Un operatore per più di 100 animali totali, se la mungitura è effettuata a mano.\n\n2. **Numero accettabile di addetti**: \n   - Un operatore per 200-300 animali totali, nel caso in cui la mungitura sia eseguita da altri o se si tratta di allevamenti non orientati alla produzione di latte.\n   - Un operatore per 100-150 animali totali, se la stessa persona svolge anche la mungitura.\n   - Un operatore per 60-100 animali totali, se la mungitura è effettuata a mano.\n\n3. **Numero ottimale di addetti**: \n   - Un operatore per meno di 200 animali totali, se la mungitura è eseguita da altri o se si tratta di allevamenti non da latte.\n   - Un operatore per meno di 100 animali totali, se la mungitura è effettuata dalla stessa persona.\n\nQueste linee guida aiutano a garantire una gestione efficiente e sostenibile degli allevamenti, tenendo conto delle diverse modalità di mungitura e delle caratteristiche degli animali.', 'Un operatore è necessario per gestire un totale di 60-100 animali, nel caso in cui la stessa persona si occupi anche della mungitura manuale. \n\nNumero ottimale di addetti:\n- Un operatore per meno di 200 animali totali, qualora la mungitura venga eseguita da personale diverso;\n- Un operatore per meno di 100 animali totali, nel caso in cui la stessa persona si occupi anche della mungitura;\n- Un operatore per meno di 60 animali totali, se la mungitura è effettuata manualmente dalla stessa persona.', ""La gestione della mungitura richiede la presenza di uno o più operatori dedicati esclusivamente a questa attività. Tuttavia, il numero di addetti necessari varia in base a diversi fattori, come il numero totale di animali e il metodo di mungitura utilizzato.\n\nIn situazioni in cui il numero di addetti è insufficiente, si osservano le seguenti condizioni: se la mungitura è eseguita da altri, è necessario avere un operatore per più di 300 animali totali. Se la stessa persona si occupa anche della mungitura, il limite scende a un operatore per più di 150 animali. Infine, nel caso in cui la mungitura venga effettuata a mano dalla stessa persona, è richiesto un operatore per più di 100 animali totali.\n\nUn numero accettabile di addetti prevede un operatore per 200-300 animali totali se la mungitura è eseguita da altri. Se la stessa persona svolge anche la mungitura, il rapporto ottimale è di un operatore per 100-150 animali. Per la mungitura a mano, si considera indicativamente un operatore per 60-100 animali totali.\n\nInfine, il numero ottimale di addetti è rappresentato da un operatore per meno di 200 animali totali, nel caso in cui la mungitura sia eseguita da altri. Questo approccio garantisce una gestione più efficiente e sostenibile dell'attività di mungitura."", ""Il testo fornisce indicazioni sul numero di addetti necessari per la gestione di animali, suddivisi in diverse categorie e situazioni. \n\nPer quanto riguarda la mungitura, si stabilisce che il numero accettabile di addetti è di un operatore per 200-300 animali, nel caso in cui la mungitura sia eseguita da altri. Se la stessa persona si occupa anche della mungitura di circa 50 capi in lattazione, il numero accettabile scende a un operatore per 100-120 animali. Tuttavia, il numero ottimale di addetti è inferiore: si consiglia un operatore per meno di 200 animali se la mungitura è eseguita da altri, e un operatore per meno di 100 animali se la mungitura è svolta dalla stessa persona.\n\nPassando alla linea vacca-vitello, si evidenziano diverse situazioni. Un numero non sufficiente di addetti è rappresentato da un operatore per più di 70 animali nella stalla e per più di 120 animali al pascolo. In questo caso, la risposta è negativa. Al contrario, un numero sufficiente di addetti prevede un operatore per 30-70 animali nella stalla e per 80-120 animali al pascolo, il che è considerato accettabile. Infine, il numero ottimale di addetti è di un operatore per meno di 30 animali nella stalla e per meno di 80 animali al pascolo.\n\nQueste indicazioni sono particolarmente rilevanti per la gestione del bovino da carne, dove la corretta distribuzione del personale è fondamentale per garantire il benessere degli animali e l'efficienza operativa."", 'Il numero ottimale di addetti per la gestione delle bufale da latte varia in base al numero di animali e al metodo di mungitura utilizzato. In particolare, si raccomanda un operatore per meno di 80 animali se la mungitura è eseguita da altri. Se la mungitura avviene tramite lattodotto, è consigliato avere un operatore per meno di 50 animali totali, considerando che 25 di questi siano in lattazione. In alternativa, nel caso di mungitura a secchio, è opportuno avere un operatore per meno di 40 animali totali, con 20 capi in lattazione.\n\nIl livello di non conformità per queste situazioni è considerato ottimale.\n\nD\'altra parte, si riscontra una situazione di insufficienza di addetti quando un operatore è responsabile di più di 300 animali, sempre nel caso in cui la mungitura sia eseguita da altri. Inoltre, se la stessa persona si occupa della mungitura di circa 60 capi in lattazione, è necessario un operatore per più di 120 animali. In questo caso, il livello di non conformità è indicato come ""no"".\n\nInfine, il numero accettabile di addetti è stabilito in un operatore per un intervallo di 200-300 animali, sempre nel caso in cui la mungitura sia eseguita da altri.']","Un operatore è definito come la persona responsabile della cura e dell'alimentazione degli animali e degli ambienti in cui vivono. Gli operatori possono essere il proprietario, il detentore o il custode degli animali e possono lavorare a tempo pieno o parziale. Non si considerano come operatori coloro che operano esclusivamente nei campi o i tecnici, nel caso di filiere integrate.",Per operatore si intende una persona fisica o giuridica che ha la responsabilità di animali o prodotti. Non sono considerati operatori i detentori di animali da compagnia e i veterinari.,0.8888888888888888,0.5702249476766297,,0.5,0.41235570656636017,OK,True
Qual è la definizione di delegato?,"['**ISTRUZIONI PER LA DELEGA**\n\n1. Scaricare, compilare e firmare il modello di delega disponibile al seguente link.\n2. Inviare la delega e i documenti di identità (sia dell\'allevatore che del delegato) al Ministero della Salute, utilizzando uno degli indirizzi sottostanti, e in copia conoscenza (CC) a ClassyFarm.\n\n- **Delegato da singolo operatore**: Attendere l\'e-mail di avvenuta abilitazione.\n- **Delegato da più operatori**: Caricare nel sistema i documenti di identità e le deleghe nella sezione ""Seleziona azienda"".\n\nPer ulteriori informazioni, visitare il sito: www.classyfarm.it.', ""La valutazione della formazione del personale è un aspetto cruciale per garantire la qualità e il benessere degli animali. La formazione è considerata adeguata quando tutti i membri del personale hanno ricevuto istruzioni pratiche. Inoltre, è fondamentale che il detentore o un suo delegato abbia almeno 10 anni di esperienza nel settore o possieda un titolo di studio pertinente. Un requisito basilare è la partecipazione a un corso di formazione specifico sul benessere del suino, che deve essere frequentato sia dal detentore che dal suo delegato, nonché dal proprietario.\n\nD'altra parte, si identificano situazioni in cui le capacità e le conoscenze del personale non sono adeguate. Queste si verificano quando l'esperienza è inferiore a 10 anni, non ci sono titoli formativi, non è stato frequentato alcun corso di formazione pertinente, oppure è presente anche solo un addetto agli animali che non ha ricevuto istruzioni pratiche.\n\nInfine, le capacità e le conoscenze sono considerate ottimali quando il personale ha almeno 10 anni di esperienza, possiede un titolo di studio e ha partecipato a un corso di formazione pertinente negli ultimi tre anni, con la presenza di istruzioni pratiche per tutti gli addetti."", '**Sistema Integrato «ClassyFarm» - Guida per l\'Operatore e i suoi Delegati**\n\n**RICHIESTA DI PROFILO**  \n**Delegato da Singolo Operatore**  \n\nLa richiesta di accesso con la qualifica di Delegato da singolo operatore deve essere redatta e inviata al Ministero della Salute, con copia conoscenza all\'indirizzo info@classyfarm.it. Le modalità e la documentazione necessaria sono disponibili nella sezione ""OPERATORE E SUOI DELEGATI"" sul sito www.classyfarm.it. \n\nIl Delegato da singolo operatore è tenuto a comunicare, attraverso i canali sopra indicati, la cessazione della delega.', ""Il documento riguarda la registrazione e il controllo degli apiari, con particolare riferimento ai dati da inserire nel BDN (Banca Dati Nazionale). \n\nIn primo luogo, si fa riferimento ai nuclei dichiarati nel BDN, che possono essere registrati attraverso la dichiarazione di inizio attività o il censimento annuale. \n\nSuccessivamente, viene indicato il numero di apiari registrati nel BDN per l'operatore a cui è stato attribuito un codice aziendale specifico. È necessario fornire i dati del delegato responsabile per gli inserimenti nel BDN, inclusi il codice fiscale e il numero di telefono.\n\nPer quanto riguarda l'apiario oggetto del controllo, è richiesto di fornire il numero di identificazione dell'apiario, le coordinate geografiche (latitudine e longitudine) e l'indirizzo completo dell'apiario stesso. \n\nInoltre, è importante specificare la classificazione dell'apiario, che può essere biologica o convenzionale, e la modalità di allevamento, che può essere stanziale o nomadismo.\n\nInfine, si sottolinea che il numero di identificazione deve essere assegnato dalle autorità competenti locali o, in alternativa, in automatico dal sistema Vetinfo al momento della registrazione. Durante il controllo, è fondamentale valutare la congruenza dei dati e, se necessario, procedere con la correzione delle informazioni."", ""Per garantire il benessere degli animali, è fondamentale che gli addetti ai suini possiedano capacità e conoscenze adeguate. Ogni persona che assume o impiega personale addetto deve assicurarsi che questi abbiano ricevuto istruzioni pratiche in conformità con le disposizioni dell'articolo 3 e dell'allegato I del D.lgs 122/2011. \n\nLa valutazione della formazione del personale è cruciale. Essa è considerata adeguata quando tutti gli addetti hanno ricevuto le necessarie istruzioni pratiche. Inoltre, è essenziale che almeno il detentore o un suo delegato abbia accumulato un'esperienza di almeno 5 anni nel settore, specificamente nei reparti di svezzamento e ingrasso. Per i reproduttori, l'esperienza richiesta sale a 10 anni. In alternativa, il detentore o il suo delegato deve possedere un titolo di studio pertinente. Un requisito basilare è anche la partecipazione a un corso di formazione specifico sul benessere del suino, che deve essere frequentato sia dal detentore che dal proprietario o da un loro delegato.\n\nAl contrario, si considerano inadeguate le capacità e le conoscenze di coloro che hanno un'esperienza inferiore a 5 anni nel settore dello svezzamento e ingrasso, o meno di 10 anni per i riproduttori."", ""Negli allevamenti in cui non si utilizzano medicinali omeopatici e fitoterapici, la risposta riguardo alla loro applicazione è considerata non applicabile (NA). \n\nPer quanto riguarda la presenza e l'applicazione di Procedure Operative, è stato riscontrato che la somministrazione dei medicinali veterinari in acqua da bere o nei mangimi liquidi non avviene in conformità alle indicazioni previste dall’autorizzazione, con un totale di 8 risposte negative, 0 risposte positive e 0 risposte non applicabili.\n\nA partire dal 9 novembre 2025, entrerà in vigore il regolamento delegato (UE) 2024/1159, il quale stabilisce norme sulle misure adeguate per garantire l’impiego sicuro ed efficace dei medicinali veterinari autorizzati e prescritti per la somministrazione orale, utilizzando modalità diverse dai mangimi medicati. Questo regolamento si applica agli animali destinati alla produzione di alimenti e sarà responsabilità del detentore degli animali garantire la corretta somministrazione. È importante notare che la miscelazione di alcune formulazioni di medicinali veterinari con acqua di abbeveraggio o mangime può comportare un rischio maggiore di riduzione dell'efficacia del trattamento."", ""Nel contesto della gestione della sicurezza alimentare, è fondamentale adottare misure adeguate per prevenire la contaminazione da parte di animali e insetti nocivi. A tal fine, è necessario verificare l'esistenza di azioni specifiche destinate al controllo degli infestanti, come mosche, roditori e parassiti.\n\nIn particolare, si deve prestare attenzione all'eventuale assenza di misure efficaci per il controllo degli infestanti. Ad esempio, è inaccettabile che venga dichiarata la presenza di gatti come unico metodo di lotta contro i roditori, poiché ciò rappresenta un approccio approssimativo e insufficiente.\n\nAl contrario, è auspicabile la presenza di azioni strutturate e ben definite per il controllo degli infestanti. Queste dovrebbero includere piani di derattizzazione dettagliati, che specifichino i principi attivi utilizzati, le schede di sicurezza, la planimetria con la localizzazione delle esche, la definizione dei limiti critici e le azioni da intraprendere in caso di superamento di tali limiti. Inoltre, è importante che vengano registrati i trattamenti effettuati e le azioni correttive intraprese.\n\nInfine, per garantire un'ispezione completa degli animali in qualsiasi momento, è essenziale che sia disponibile un'adeguata illuminazione, sia fissa che mobile, per facilitare le operazioni di controllo."", ""Il documento riguarda la registrazione e il controllo degli apiari nel sistema BDN (Banca Dati Nazionale). Inizialmente, si fa riferimento ai nuclei dichiarati, che possono essere registrati attraverso la dichiarazione di inizio attività o il censimento annuale.\n\nSuccessivamente, viene indicato il numero di apiari registrati nel BDN per l'operatore a cui è stato attribuito un codice aziendale specifico. È presente anche un delegato per gli inserimenti nel BDN, il quale deve fornire il proprio codice fiscale e numero di telefono.\n\nPer quanto riguarda l'apiario oggetto del controllo, è necessario fornire il numero di identificazione dell'apiario, le coordinate geografiche (latitudine e longitudine) e l'indirizzo specifico dell'apiario stesso. \n\nInoltre, è richiesta la classificazione dell'apiario, che può essere biologica o convenzionale, e la modalità di allevamento, che può essere stanziale o nomadismo. \n\nInfine, si sottolinea che il numero di identificazione deve essere assegnato dalle autorità competenti locali o, in alternativa, in automatico dal sistema Vetinfo al momento della registrazione. Durante il controllo, è fondamentale valutare la congruenza dei dati e, se necessario, procedere con la correzione delle informazioni."", ""La tabella presenta due elementi di verifica riguardanti la gestione degli animali malati o feriti e la presenza di dispositivi per l'abbattimento d'emergenza.\n\nIl primo elemento di verifica riguarda la gestione degli animali malati o feriti. Si distingue tra due situazioni: la presenza di animali malati o feriti gestiti in maniera non adeguata e la presenza di animali malati o feriti gestiti in maniera adeguata. Per garantire il rispetto delle normative, è prevista un'ispezione che include la consultazione di un medico veterinario, come stabilito dal Decreto Legislativo 146/2001, Allegato Controllo, Punto 4, e dal Check Min. Altre specie 2.5.\n\nIl secondo elemento di verifica si concentra sulla presenza di dispositivi specifici per l'abbattimento d'emergenza. Questi dispositivi, definiti nell'Allegato I, capo I, del Regolamento 1099/2009, devono essere presenti per garantire un intervento tempestivo e appropriato. Si evidenziano tre situazioni: l'assenza di dispositivi specifici per l'abbattimento d'emergenza dei tacchini, la presenza di tali dispositivi e, infine, la presenza di dispositivi specifici accompagnati da personale che ha ricevuto informazioni scritte. Inoltre, è previsto che un veterinario o un tecnico delegato effettui un sopralluogo tecnico-sanitario durante il ciclo, generalmente verso la fine dello stesso."", 'Nella valutazione degli spazi all\'aperto per l\'allevamento, è fondamentale garantire che siano presenti adeguati ripari per proteggere gli animali da intemperie e predatori. Inoltre, è necessario che gli spazi siano dotati di un numero sufficiente di abbeveratoi esterni. \n\nDalla verifica effettuata, si evidenzia che per la categoria A non sono stati riscontrati ripari adeguati, mentre per la categoria C la situazione è analoga. Tuttavia, per la categoria B, sono stati identificati ripari idonei. In generale, si può affermare che gli spazi all\'aperto sono stati considerati ottimali, con la presenza di ripari e abbeveratoi in numero adeguato.\n\nIn aggiunta, secondo il Regolamento delegato (UE) 2168/2017, le ""uova da allevamento all\'aperto"" devono provenire da aziende che rispettano specifiche condizioni, come quelle delineate nell\'articolo 4 della direttiva 1999/74/CE del Consiglio. Tra queste condizioni, è essenziale che gli spazi all\'aperto accessibili alle galline siano prevalentemente coperti di vegetazione e possano essere utilizzati come frutteto, bosco o pascolo, a condizione che tali utilizzi siano autorizzati dalle autorità competenti.']","Un delegato è una persona designata da un operatore (come un allevatore) per svolgere determinate funzioni o compiti in sua vece. Nel contesto del sistema ClassyFarm, il delegato può essere un singolo operatore o un rappresentante di più operatori. La richiesta di accesso come delegato deve essere inviata al Ministero della Salute, con copia conoscenza all'indirizzo email [[EMAIL_RIMOSSO]](mailto:[EMAIL_RIMOSSO]). Per ulteriori informazioni, è possibile visitare il sito [www.classyfarm.it](http://www.classyfarm.it).",Il delegato è una figura delegata da un operatore che ha solo la possibilità di visualizzare i cruscotti degli allevamenti afferenti all’operatore delegante.,0.75,0.50751310919683,0.2916666666520833,0.0,0.34158010874259315,OK,True
Come richiedo il profilo da operatore?,"['**Sistema Integrato «ClassyFarm» - Guida per l\'Operatore e i suoi Delegati**\n\n**RICHIESTA DI PROFILO**  \n**Delegato da Singolo Operatore**  \n\nLa richiesta di accesso con la qualifica di Delegato da singolo operatore deve essere redatta e inviata al Ministero della Salute, con copia conoscenza all\'indirizzo info@classyfarm.it. Le modalità e la documentazione necessaria sono disponibili nella sezione ""OPERATORE E SUOI DELEGATI"" sul sito www.classyfarm.it. \n\nIl Delegato da singolo operatore è tenuto a comunicare, attraverso i canali sopra indicati, la cessazione della delega.', '**Sistema Integrato «ClassyFarm» - Guida per l\'Operatore e i suoi Delegati**\n\n**RICHIESTA DI PROFILO**  \n**Operatore**  \nLa richiesta di accesso con la qualifica di Operatore deve essere redatta e inviata direttamente all\'indirizzo email info@classyfarm.it, seguendo le modalità e i documenti indicati nella sezione ""OPERATORE E SUOI DELEGATI"" presente sul sito www.classyfarm.it.', '**Sistema Integrato «ClassyFarm» - Guida per l\'Operatore e i suoi Delegati**\n\n**RICHIESTA DI PROFILO**\n\nLa richiesta di accesso con la qualifica di Delegato da parte di più operatori deve essere redatta e inviata al Ministero della Salute, con copia conoscenza all\'indirizzo email info@classyfarm.it. Le modalità e la documentazione necessaria sono disponibili nella sezione ""OPERATORE E SUOI DELEGATI"" sul sito www.classyfarm.it.\n\nSuccessivamente, il Delegato da parte di più operatori sarà responsabile della raccolta, del caricamento e dell\'aggiornamento delle singole adesioni dei vari operatori attraverso il pannello predisposto, selezionando l\'opzione ""Selezione azienda"".', ""**Sistema Integrato «ClassyFarm» - Guida per l'Operatore e i suoi Delegati**\n\n**PAG**\n\n**GUIDA ILLUSTRATA PER L'OPERATORE E IL DELEGATO**\n\n- Richiesta di Profilo per l'Operatore\n- Nomina del Ruolo di Delegato da parte di un Singolo Operatore\n- Nomina del Ruolo di Delegato da parte di più Operatori\n- Accesso al Ruolo di Operatore\n- Accesso al Ruolo di Delegato da parte di un Singolo Operatore\n- Accesso e Caricamento delle Autorizzazioni per il Ruolo di Delegato da parte di più Operatori\n\n**7**"", ""La gestione della mungitura richiede la presenza di uno o più operatori dedicati esclusivamente a questa attività. Tuttavia, il numero di addetti necessari varia in base a diversi fattori, come il numero totale di animali e il metodo di mungitura utilizzato.\n\nIn situazioni in cui il numero di addetti è insufficiente, si osservano le seguenti condizioni: se la mungitura è eseguita da altri, è necessario avere un operatore per più di 300 animali totali. Se la stessa persona si occupa anche della mungitura, il limite scende a un operatore per più di 150 animali. Infine, nel caso in cui la mungitura venga effettuata a mano dalla stessa persona, è richiesto un operatore per più di 100 animali totali.\n\nUn numero accettabile di addetti prevede un operatore per 200-300 animali totali se la mungitura è eseguita da altri. Se la stessa persona svolge anche la mungitura, il rapporto ottimale è di un operatore per 100-150 animali. Per la mungitura a mano, si considera indicativamente un operatore per 60-100 animali totali.\n\nInfine, il numero ottimale di addetti è rappresentato da un operatore per meno di 200 animali totali, nel caso in cui la mungitura sia eseguita da altri. Questo approccio garantisce una gestione più efficiente e sostenibile dell'attività di mungitura."", '[ASSISTENZA_TELEFONICA] [INVIO_EMAIL] L\'analisi dello screenshot della piattaforma ministeriale ClassyFarm si articola in diversi punti fondamentali che delineano il processo di registrazione per gli operatori. \n\nIn primo luogo, il titolo della pagina è ""OPERATORE"", il che indica chiaramente la sezione dedicata agli utenti che desiderano registrarsi o accedere come operatori. All\'interno di questa sezione, è presente un elemento visivo importante: un numero e una freccia che guidano l\'utente verso la sezione ""Operatore e delegati"" nel menu di navigazione. Questo suggerisce che l\'utente deve selezionare questa opzione per procedere con la registrazione.\n\nSuccessivamente, un altro punto evidenziato è il testo ""Richiesta di registrazione ClassyFarm"", che funge da link per scaricare, compilare e firmare il modulo necessario per la registrazione. La freccia rossa che accompagna questo testo sottolinea l\'importanza di questo passaggio, evidenziando che il modulo deve essere compilato e firmato per poter proseguire.\n\nLa procedura logica per la registrazione si articola in vari passaggi. Innanzitutto, l\'utente deve collegarsi al sito www.classyfarm.it per iniziare la procedura di abilitazione. Una volta sul sito, è necessario navigare nella sezione ""Operatore e delegati"" per accedere alle informazioni specifiche per gli operatori. Il passo successivo consiste nel cliccare sul link ""Richiesta di registrazione ClassyFarm"" per scaricare il modulo necessario. Dopo aver scaricato il modulo, l\'utente deve compilarlo e firmarlo, allegando i documenti richiesti. Infine, per completare la registrazione, è necessario inviare la richiesta online accedendo al link fornito, che consente di inviare la documentazione necessaria.\n\nTra i testi rilevanti che accompagnano questa procedura, si trovano frasi come ""Per far richiesta di abilitazione al sistema collegarsi al sito www.classyfarm.it"" e ""Sistema per la categorizzazione del rischio degli allevamenti in ambito sanità pubblica veterinar', ""**MODULO DI RICHIESTA DI ACCESSO AL SISTEMA CLASSYFARM CON RUOLO DI OPERATORE**\n\nIl sottoscritto, Signor (Cognome e Nome): ______________________________________,  \nin possesso del seguente Codice Fiscale: ____________________,  \nin qualità di operatore ai sensi del Regolamento (UE) 2016/429 dell'Azienda ____________________,  \ncon sede in _____________________, con attuale codice fiscale/partita IVA _______________________  \ne codice aziendale BDN: ______________,  \n\nDICHIARA  \n\n- di essere in possesso e di fornire i seguenti recapiti:  \n  - e-mail (NO PEC): ____________________________________,  \n  - telefono cellulare: ___________________.  \n\n- di essere in possesso della seguente Username Vetinfo: _______________, oppure di non essere in possesso della Username di Vetinfo e di richiederla contestualmente (barrare la parte non necessaria).  \n\n- di accettare le condizioni del servizio.  \n\n- di essere consapevole che i dati personali appena comunicati saranno trattati in conformità alla normativa vigente."", 'Il testo fornisce informazioni sui requisiti di personale per la gestione di animali in stalla e al pascolo, suddivisi per bovini da carne. \n\nPer quanto riguarda il numero sufficiente di addetti, in stalla è richiesto un operatore per gestire un numero compreso tra 30 e 70 animali, mentre al pascolo è necessario un operatore per un numero di animali che varia da 80 a 120. In entrambi i casi, il livello di non conformità è considerato ""sì"".\n\nPassando al numero ottimale di addetti, in stalla si raccomanda un operatore per meno di 30 animali, mentre al pascolo si suggerisce un operatore per meno di 80 animali. In questa situazione, il livello di non conformità è definito ""ottimale"".\n\nPer quanto riguarda i bovini da carne, il numero non sufficiente di addetti è rappresentato da un operatore per più di 800 animali, con un livello di non conformità che è ""no"". Un numero accettabile di addetti è di un operatore per un intervallo di 400-800 animali, ma in questo caso il livello di non conformità è ""sì"". Infine, il numero ottimale di addetti per i bovini da carne è di un operatore per meno di 400 animali, con un livello di non conformità che è considerato ""ottimale"".', '**Sistema Integrato «ClassyFarm» - Guida per l\'Operatore e i suoi Delegati**\n\n**Operatore**  \n**Pagina 14**\n\n1. Selezionare ""ClassyFarm 2.0"".\n2. Scegliere il ruolo di Operatore.\n\n**Nota Bene:** In caso di attesa prolungata, si consiglia di cliccare su ""Aggiorna Pagina"".', ""• di accettare le condizioni del servizio;  \n• di essere consapevole che i dati personali forniti saranno trattati in conformità alla normativa vigente sulla privacy dal sistema ClassyFarm per:  \n  o le operazioni di accesso e profilazione al sistema;  \n  o l'invio di comunicazioni via e-mail relative al funzionamento del sistema;  \n• di essere a conoscenza delle conseguenze penali previste dal D.P.R. 445/2000 in caso di dichiarazioni false e mendaci.  \n\nCHIEDE  \nl'accesso al sistema ClassyFarm con il ruolo di Operatore.  \n\nFIRMA  \n………………………………, lì ………………………  \n………………………………..  \n\nAllegare copia del documento d'identità.""]","Per richiedere il profilo da operatore nel sistema ClassyFarm, segui questi passaggi:

1. **Collegati al sito**: Vai su www.classyfarm.it.
   
2. **Naviga nella sezione**: Seleziona ""Operatore e delegati"" per accedere alle informazioni specifiche per gli operatori.

3. **Scarica il modulo**: Clicca sul link ""Richiesta di registrazione ClassyFarm"" per scaricare il modulo necessario.

4. **Compila il modulo**: Inserisci i tuoi dati personali, inclusi nome, cognome, codice fiscale, e i recapiti richiesti (email e telefono cellulare). Indica anche se possiedi una Username Vetinfo o se la richiedi contestualmente.

5. **Firma il modulo**: Assicurati di firmare il modulo, sia in modalità autografa che digitale.

6. **Invia la richiesta**: Invia il modulo compilato e firmato direttamente all'indirizzo email [EMAIL_RIMOSSO], allegando anche una copia del documento d'identità.

7. **Attendi conferma**: Dopo l'invio, attendi una risposta per la conferma dell'accesso al sistema.

Assicurati di seguire tutte le istruzioni e di fornire la documentazione richiesta per completare correttamente la tua richiesta.","Per richiedere il profilo da operatore è necessario redigere una richiesta e inviarla a info@classyfarm.it. Le modalità e i documenti necessari sono disponibili nella sezione ""operatore e delegato"" del sito classyfarm.it.",0.6,0.771244378669107,0.9055555555404629,1.0,0.4393992484289266,EMAIL_MISMATCH,True
Come seleziono l’azienda?,"[""**7. Selezione dell'Azienda**  \nPer associare un'azienda, selezionare l'opzione: «Selezione Azienda»."", ""**Selezione Azienda**  \nPer associare un'azienda, selezionare l'opzione: «Selezione Azienda»  \n6"", '1. Selezionare l\'allevamento di interesse nella parte superiore sinistra dello schermo.  \nNota Bene: Gli allevamenti visualizzati nel menu a tendina sono quelli associati alla voce ""Selezione Azienda"".  \n\n2. Procedere quindi alla compilazione della checklist.  \n2.1. È possibile inserire il codice dell\'allevamento manualmente oppure selezionarlo dal menu a tendina.  \n\nComunicazione Esito Valutazione.', '1. Selezionare l\'allevamento di interesse nella parte superiore sinistra dello schermo.  \nNota Bene: Gli allevamenti visualizzati nel menu a tendina sono quelli precedentemente associati nella sezione ""Selezione Azienda"".  \n\n2. Procedere quindi alla compilazione del questionario.  \n\n**Compilazione del Questionario**  \nÈ possibile inserire il codice dell\'allevamento manualmente oppure selezionarlo dal menu a tendina.', '1. Cliccare su ""Nuovo Allevamento"".\n2. Inserire il codice aziendale (es. 001XX001) e fare clic su ""Verifica"".\n   - Il sistema recupererà automaticamente i dati dell\'allevamento.\n3. Selezionare l\'Azienda.', 'Il Valutatore può essere associato all\'azienda immediatamente oppure in un secondo momento. \n\n6. Cliccare su ""Conferma""; successivamente apparirà una finestra in cui sarà necessario confermare nuovamente (7).\n\n**Selezione Azienda**\n\nNota Bene: I Valutatori visualizzati nel menu a tendina sono quelli precedentemente associati nella sezione ""Selezione Valutatore"".', ""Per associarsi all'allevamento nel sistema integrato «ClassyFarm», seguire questi passaggi:\n\n1. Dopo aver scelto il proprio ruolo, cliccare su «Selezione Azienda».\n2. Procedere cliccando su «Nuovo Allevamento».\n3. Inserire il codice aziendale e poi cliccare su «Verifica».\n4. Cliccando su «Dettagli», è possibile visualizzare le informazioni relative all'allevamento, come la ragione sociale, la partita IVA e l'indirizzo.\n5. Selezionare la checklist che deve essere compilata per l'allevamento scelto. Si noti che, nel caso si disponga di un veterinario aziendale, il passaggio 4 non è necessario."", ""**11  \nSelezione Azienda**  \nPossibilità di scaricare un file CSV contenente un riepilogo delle aziende associate all'Ordine dei Commercialisti (OdC)."", ""**Punteggio**  \n**Descrizione**  \n**Punteggio**  \n**Descrizione**  \n\n0  \nTutte le aree del corpo sono classificate come A.  \n\n1 (Lievi)  \nSono presenti aree del corpo classificate come B e/o al massimo una area classificata come C.  \n\n2 (Gravi)  \nSono presenti due o più aree classificate come C, oppure almeno un'area con più di 15 lesioni."", '**Punteggio**  \n**Descrizione**  \n**Punteggio**  \n**Descrizione**  \n\n0  \nTutte le aree del corpo sono classificate come A.  \n\n1 (Lievi)  \nSono presenti aree del corpo classificate come B e/o al massimo una area classificata come C.  \n\n2 (Gravi)  \nSono presenti due o più aree classificate come C, oppure almeno una area con più di 15 lesioni.']","Per selezionare un'azienda, segui questi passaggi:

1. **Selezione dell'Allevamento**: Nella parte superiore sinistra dello schermo, seleziona l'allevamento di interesse. Gli allevamenti visualizzati nel menu a tendina sono quelli associati alla voce ""Selezione Azienda"".

2. **Compilazione della Checklist**: Procedi alla compilazione della checklist. Puoi inserire il codice dell'allevamento manualmente oppure selezionarlo dal menu a tendina.

3. **Nuovo Allevamento**: Clicca su ""Nuovo Allevamento"".

4. **Inserimento del Codice Aziendale**: Inserisci il codice aziendale (es. 001XX001) e fai clic su ""Verifica"". Il sistema recupererà automaticamente i dati dell'allevamento.

5. **Selezione dell'Azienda**: Dopo che i dati sono stati recuperati, seleziona l'Azienda.

6. **Conferma**: Clicca su ""Conferma""; successivamente apparirà una finestra in cui sarà necessario confermare nuovamente.

Seguendo questi passaggi, potrai associare correttamente l'azienda nel sistema.","Per selezionare l’azienda bisogna cliccare su ""Selezione azienda"", poi su ""Nuovo allevamento"", inserire il codice aziendale e cliccare ""Verifica"". Successivamente si selezionano uno o più disciplinari, si inserisce la data di presentazione della domanda, si carica il file PDF della ""Domanda di certificazione"" e si clicca su ""Conferma"" e di nuovo su ""Conferma"" nella finestra che appare.",1.0,0.8331359530121748,,0.5,0.5412134181675913,OK,True
"Non riesco a visualizzare il cruscotto, cosa devo fare?","['[DASHBOARD] **14  \nDashboard: Cruscotto di Visualizzazione**  \nAzienda già associata al Valutatore.  \nSarà possibile visualizzare, tramite il cruscotto, tutti gli allevamenti associati nella sezione ""Selezione Azienda"".  \nÈ prevista la possibilità di visualizzare la tabella a schermo intero cliccando sull\'icona corrispondente.  \nFiltri di Selezione: Azienda non ancora associata al Valutatore.', ""**3**  \n**0**  \n**2**  \n**1**  \n**10**  \n\n**Dashboard: Cruscotto Verifica Prerequisiti**  \nIl Valutatore visualizza nel cruscotto esclusivamente gli allevamenti assegnati dall'Organismo di Controllo (OdC).  \nÈ possibile visualizzare la tabella a schermo intero cliccando sull'icona corrispondente.  \n**Filtri di Selezione**  \nÈ prevista la possibilità di filtrare le aziende che soddisfano sia i Requisiti che i Prerequisiti."", '[DASHBOARD] **12  \nCruscotto di Visualizzazione**  \nDopo 48 ore, sarà possibile accedere al cruscotto interattivo: selezionare ""Dashboard"".', ""[DASHBOARD] **Dashboard: Cruscotto di Visualizzazione**  \nSelezionando l'opzione «Sì», verranno visualizzati gli allevamenti che soddisfano i Prerequisiti Verdi e i Requisiti Verdi/Gialli."", '[DASHBOARD] **16**  \nVisualizzazione a schermo intero della tabella  \nDashboard: Cruscotto di Visualizzazione  \nPossibilità di esportare i dati in Excel.', '[DASHBOARD] **www.classyfarm.it**  \n**Andamento storico dei controlli e relativi esiti**  \n- Modifica delle schermate del cruscotto  \n- Ripristino dei filtri applicati  \n- Accesso alla guida del cruscotto in formato PDF  \n- Data di aggiornamento del cruscotto  \n- Variazione degli indicatori Heatmap: forniscono una visione complessiva e di confronto tra le regioni  \n- Indicatori nazionali per specie e area: consentono il confronto a livello nazionale con la regione/ASL selezionata  \n- Rischio-programmazione', '[DASHBOARD] Per scegliere l\'ambiente, è necessario seguire alcuni passaggi specifici. Innanzitutto, si deve cliccare su ""Selezione Azienda"" per associarsi all\'allevamento desiderato. In secondo luogo, è possibile cliccare su ""Trasmissione Checklist"" per accedere alla compilazione del controllo. Infine, per consultare i cruscotti, si deve cliccare su ""Dashboard"". \n\nIn aggiunta, è importante notare che è possibile cambiare il nome utente e il ruolo scelto, cliccando sull\'apposito link.', ""[DASHBOARD] **8  \nDashboard: Cruscotto per la verifica dei prerequisiti**  \nPer accedere al cruscotto interattivo, selezionare l'opzione «Dashboard»."", ""[DASHBOARD] **Sistema Integrato «ClassyFarm» - Guida per l'Operatore e i suoi Delegati**\n\n**PAG**  \n**SELEZIONE DELL'AMBIENTE**  \n20  \n\n1. Cliccare su «Dashboard» per accedere alla consultazione dei cruscotti.  \n1. Nome utente e profilo selezionato; cliccare qui per modificare il profilo."", '**Sistema Integrato «ClassyFarm» - GUIDA ALL\'INSERIMENTO DEL CONTROLLO BIOSICUREZZA PER SUINI**\n\n**PAGINA 20**\n\n**COMPILAZIONE DEL CONTROLLO**\n\n**6. CARICAMENTO DEL VERBALE**\n\n1. Procedere al caricamento del verbale. È possibile allegare fino a 7 fotografie o documenti, in formato immagine o PDF. Per scattare fotografie utilizzando un dispositivo mobile, fare clic sull’icona corrispondente, catturare l’immagine e confermare. Per caricare un documento in formato PDF o JPEG, fare clic sull’icona appropriata, selezionare il file desiderato e fare clic su ""Apri"". Per completare il caricamento della foto o del documento, fare clic sull’icona ""Carica"". Per visualizzare esclusivamente i file immagine, fare clic sull’icona dedicata.\n\n2. Salvare.\n\n**Nota Bene:** Se non è necessario caricare tutti e 7 i documenti, è sufficiente premere ""NA"" sul primo documento non necessario e procedere al salvataggio.']","Dopo 48 ore, sarà possibile accedere al cruscotto interattivo: selezionare ""Dashboard"".","Per visualizzare il cruscotto è necessario cliccare su ""Dashboard"". Il cruscotto interattivo è visibile solo dopo 48 ore dall’associazione.",1.0,0.5544993127231943,0.6301587301461269,1.0,0.9541572072594351,OK,True
Come faccio ad associare un valutatore?,"[""Selezione del Valutatore  \nPer associare un Valutatore, selezionare l'opzione «Selezione Valutatore»."", 'Il Valutatore può essere associato all\'azienda immediatamente oppure in un secondo momento. \n\n6. Cliccare su ""Conferma""; successivamente apparirà una finestra in cui sarà necessario confermare nuovamente (7).\n\n**Selezione Azienda**\n\nNota Bene: I Valutatori visualizzati nel menu a tendina sono quelli precedentemente associati nella sezione ""Selezione Valutatore"".', ""**ISTRUZIONI PER L'ASSOCIAZIONE DEL VALUTATORE**\n\n1. Inserire il codice fiscale del Valutatore che si desidera associare.\n2. Cliccare su «Cerca».\n\nSe il Valutatore è già abilitato in ClassyFarm, il sistema troverà una corrispondenza e sarà sufficiente selezionarlo dal menu a tendina.\n\nSe il Valutatore non è abilitato in ClassyFarm, sarà comunque possibile associarlo creando un'utenza.\n\n**Selezione Valutatore**  \nValutatori già associati dall'Odc."", '[DASHBOARD] **14  \nDashboard: Cruscotto di Visualizzazione**  \nAzienda già associata al Valutatore.  \nSarà possibile visualizzare, tramite il cruscotto, tutti gli allevamenti associati nella sezione ""Selezione Azienda"".  \nÈ prevista la possibilità di visualizzare la tabella a schermo intero cliccando sull\'icona corrispondente.  \nFiltri di Selezione: Azienda non ancora associata al Valutatore.', ""Selezionare il questionario di interesse, fare clic sull'icona e successivamente su «Compila». \n\nPiani di Controllo disponibili: \nOgni Valutatore avrà accesso esclusivamente ai Piani di Controllo associati al disciplinare attribuito dall'Organismo di Controllo. \n\nProcedere con la compilazione della Checklist di Valutazione."", 'Per registrare l\'esito della valutazione, selezionare l\'opzione ""Esito valutazione"". Comunicazione dell\'esito della valutazione.', ""Per inserire una checklist, selezionare l'opzione «Compilazione Checklist (Nuovo)». Procedere con la compilazione della Checklist di Valutazione."", ""25  \n2.  \n3. Selezionare l'esito della valutazione da modificare, cliccare su «Modifica» e successivamente salvare l'esito della valutazione in bozza."", '**8. SISTEMA QUESTIONARI**\n\nÈ possibile creare un nuovo questionario selezionando l\'opzione ""+ Crea nuovo questionario"".\n\n**CREAZIONE DI UN NUOVO QUESTIONARIO**\n\nATTENZIONE: per i veterinari liberi professionisti, è necessario prima associare l\'allevamento.']","Per associare un Valutatore, segui questi passaggi:

1. Seleziona l'opzione «Selezione Valutatore».
2. Inserisci il codice fiscale del Valutatore che desideri associare.
3. Clicca su «Cerca».

   - Se il Valutatore è già abilitato in ClassyFarm, il sistema troverà una corrispondenza e potrai selezionarlo dal menu a tendina.
   - Se il Valutatore non è abilitato in ClassyFarm, puoi comunque associarlo creando un'utenza.

4. Dopo aver selezionato il Valutatore, clicca su ""Conferma"".
5. Apparirà una finestra in cui sarà necessario confermare nuovamente l'associazione.

Assicurati di avere già associato l'azienda al Valutatore, se necessario.","Per associare un valutatore bisogna aver effettuato l’accesso come organismo di certificazione, cliccare su ""Selezione Valutatore"", inserire il codice fiscale del valutatore da associare e cliccare su ""Cerca"". Se il valutatore è già abilitato in ClassyFarm il sistema lo trova e va selezionato dal menù a tendina; se non è ancora abilitato è possibile associarlo creandogli un’utenza.",1.0,0.7197933775850639,0.9999999999666667,1.0,0.793626494743852,OK,True
Come faccio a finire un esito di valutazione che non avevo terminato?,"['Durante l\'ispezione, il proprietario, detentore o conduttore ha fornito alcune note e osservazioni. L\'esito dell\'ispezione è stato favorevole, ma ci sono anche esiti sfavorevoli. In particolare, è stato registrato un esito sfavorevole a causa di un controllo che non è stato effettuato o è stato rifiutato. \n\nIn merito all\'intenzionalità, è stata richiesta una valutazione nel caso di un esito sfavorevole. Le opzioni disponibili per questa valutazione sono: ""Sì"", ""No"" e ""Non Applicabile"".', 'Durante l\'ispezione, il proprietario, il detentore o il conduttore ha fornito alcune note e osservazioni. L\'esito dell\'ispezione è stato favorevole, ma ci sono anche esiti sfavorevoli. In particolare, è stato registrato un esito sfavorevole a causa di un controllo che non è stato effettuato o è stato rifiutato. \n\nIn merito all\'intenzionalità, è stata richiesta una valutazione nel caso di un esito sfavorevole del controllo. Le opzioni per questa valutazione sono: ""Sì"", ""No"" o ""Non Applicabile"".', ""Se l'esito della valutazione è stato salvato come bozza, per riprendere la compilazione seguire i seguenti passaggi:\n\n1. Cliccare su «Esito Valutazione».\n2. Individuare la specie di interesse, cliccare su di essa e successivamente selezionare «Storico».\n\nEsito della valutazione salvato in bozza: 24."", 'Riprendere la compilazione di un Esito di Valutazione salvato in bozza.  \n23', 'Il pulsante ""Visualizza"" consente esclusivamente di visualizzare le risposte selezionate nel questionario prima del salvataggio.  \nPer continuare la compilazione, fare clic su ""Modifica"".  \nEsito della valutazione salvato come bozza.', 'Per registrare l\'esito della valutazione, selezionare l\'opzione ""Esito valutazione"". Comunicazione dell\'esito della valutazione.', ""25  \n2.  \n3. Selezionare l'esito della valutazione da modificare, cliccare su «Modifica» e successivamente salvare l'esito della valutazione in bozza."", ""Selezionare il questionario di interesse, fare clic sull'icona e successivamente su «Compila». \n\nPiani di Controllo disponibili: \nOgni Valutatore avrà accesso esclusivamente ai Piani di Controllo associati al disciplinare attribuito dall'Organismo di Controllo. \n\nProcedere con la compilazione della Checklist di Valutazione."", 'Esempio di compilazione\n\nPer completare e inviare, fare clic su ""Completa il questionario"". Si raccomanda di salvare la bozza prima di uscire.', '**Esempio di compilazione**\n\nPer completare e inviare il questionario, fare clic su ""Completa il questionario"". Si raccomanda di salvare la bozza prima di uscire.']","Per finire un esito di valutazione che non avevi terminato, segui questi passaggi:

1. Clicca su «Esito Valutazione».
2. Individua la specie di interesse e clicca su di essa.
3. Seleziona «Storico» per visualizzare gli esiti salvati.
4. Trova l'esito della valutazione salvato come bozza.
5. Seleziona l'esito della valutazione da modificare e clicca su «Modifica».
6. Procedi con la compilazione della Checklist di Valutazione.
7. Una volta completato, per registrare l'esito della valutazione, fai clic su ""Completa il questionario"" e assicurati di salvare la bozza prima di uscire.

Ricorda che il pulsante ""Visualizza"" serve solo per visualizzare le risposte selezionate nel questionario prima del salvataggio.","Se l’esito è stato salvato in bozza, per riprendere la compilazione bisogna cliccare su ""Esito valutazione"", individuare la specie di interesse, cliccare il relativo tasto e successivamente ""Storico"". Poi si individua l’esito di valutazione da modificare, si clicca ""Modifica"" e, per completare e inviare, si clicca su ""Completa il questionario"".",0.7777777777777778,0.6420329985420057,0.5709183673387828,1.0,0.9298463865809684,OK,True
Come faccio a continuare una compilazione di checklist di valutazione salvata in bozza?,"['**Checklist Salvata in Bozza**\n\nSe il questionario è stato salvato come bozza, per riprendere la compilazione seguire i seguenti passaggi:\n\n1. Cliccare su «Compilazione Checklist (Nuovo)».\n2. Individuare il disciplinare di interesse, cliccare su di esso e successivamente selezionare «Storico».', ""Se l'esito della valutazione è stato salvato come bozza, per riprendere la compilazione seguire i seguenti passaggi:\n\n1. Cliccare su «Esito Valutazione».\n2. Individuare la specie di interesse, cliccare su di essa e successivamente selezionare «Storico».\n\nEsito della valutazione salvato in bozza: 24."", 'Riprendere la compilazione di una checklist salvata come bozza.', 'Riprendere la compilazione di un Esito di Valutazione salvato in bozza.  \n23', '**INDICE**\n\n• Accesso a ClassyFarm  \npagina 3  \n\n• Cruscotto per la verifica dei prerequisiti (Dashboard)  \npagina 7  \n\n• Compilazione della checklist di valutazione  \npagina 11  \n\n• Ripresa della compilazione di una checklist salvata in bozza  \npagina 19  \n\n• Consultazione delle checklist compilate  \npagina 23  \n\n• Report  \npagina 25', ""Per inserire una checklist, selezionare l'opzione «Compilazione Checklist (Nuovo)». Procedere con la compilazione della Checklist di Valutazione."", ""**Questionario Salvato in Bozza**\n\nQualora il questionario sia stato salvato come bozza, per riprendere la compilazione è necessario selezionare l'opzione «Storico» e successivamente «Modifica».  \n1.  \n2.  \n13"", 'Esempio di compilazione\n\nPer completare e inviare, fare clic su ""Completa il questionario"". Si raccomanda di salvare la bozza prima di uscire.', '**Esempio di compilazione**\n\nPer completare e inviare il questionario, fare clic su ""Completa il questionario"". Si raccomanda di salvare la bozza prima di uscire.']","Per continuare la compilazione di una checklist di valutazione salvata in bozza, segui questi passaggi:

1. Clicca su «Compilazione Checklist (Nuovo)».
2. Individua il disciplinare di interesse e clicca su di esso.
3. Seleziona l'opzione «Storico» per accedere alle checklist salvate.

Assicurati di seguire questi passaggi per riprendere correttamente la tua compilazione.","Se il questionario è stato salvato in bozza, per riprendere la compilazione bisogna cliccare su ""Compilazione checklist (nuovo)"", individuare il disciplinare di interesse e cliccare ""Storico"". Poi si individua il questionario da modificare, si clicca ""Modifica"", si completa la bozza e per terminare e inviare il questionario si clicca su ""Completa il questionario"".",1.0,0.9180974796037196,0.7861904761747525,1.0,0.7306274242660539,OK,True
Come faccio a scaricare il report SQNBA?,"['[DASHBOARD] Dopo aver completato la compilazione del questionario, per scaricare il report, fare clic su «Report SQNBA». Procedere con il download del report.', '27  \nSelezionare il questionario di interesse e fare clic su:  \n• Per scaricare il report contenente le risposte non conformi, fare clic su «Download PDF risposte non conformi».  \n• Per scaricare il report con tutte le risposte, fare clic su «Download PDF con tutte le risposte».  \nScaricare il Report.', '[DASHBOARD] **Report**\n\nAl termine della compilazione, per visualizzare il report, è necessario seguire i seguenti passaggi:\n\n1. Accedere a «Trasmissione Checklist (Nuovo)».\n2. Cliccare su «Azioni» e successivamente su «Storico».\n3. Selezionare il controllo di interesse e cliccare su «Azioni».\n4. Scorrere fino in fondo alla pagina e cliccare su «Salva PDF».\n\n**Nota Bene:** Questa modalità di download del report è temporanea; in futuro, il report sarà nuovamente scaricabile dal cruscotto.', 'Per valutare la zoppia nelle bovine legate, è importante osservare diversi indicatori. Tra questi, si possono notare:\n\n1. **Mancato scarico del peso**: L\'animale potrebbe non scaricare il peso su un arto per un periodo prolungato.\n2. **Posizione dell\'arto**: Potrebbe mostrare una tendenza a mantenere un arto esteso o a posizionarlo su una superficie rialzata per evitare di caricarlo o per non gravare su una parte specifica del piede.\n3. **Cambio di peso**: Un altro segnale è il cambio frequente dello scarico del peso da un arto all’altro, noto come ""stepping"".\n4. **Riluttanza al movimento**: L\'animale potrebbe mostrare riluttanza a scaricare il peso su un arto durante il movimento.\n\nPer una valutazione accurata, è consigliabile iniziare osservando l\'animale in stazione. Successivamente, si può spingere la bovina a destra e a sinistra per valutare come sposta il peso da un arto all’altro. Infine, è utile osservare come la bovina ritorna nella sua posizione di equilibrio dopo il movimento. Se l\'animale è coricato, è opportuno farlo alzare e attendere 3-4 minuti per permettergli di abituarsi alla stazione eretta.\n\nIn aggiunta, è importante monitorare il numero di trattamenti antibiotici somministrati per mastiti cliniche negli ultimi 12 mesi, confrontandolo con il numero di bovine in lattazione al momento della visita. Questa informazione può essere verificata attraverso il registro dei farmaci.', '[DASHBOARD] **14  \nSISTEMA QUESTIONARI**  \n**CARICARE UN QUESTIONARIO**  \nUna volta che il questionario è stato compilato correttamente in tutte le sue parti e si è cliccato sul tasto ""Salva"" situato in fondo alla pagina, apparirà un pulsante giallo per la verifica in alto a destra. Dopo aver selezionato il pulsante giallo, sarà possibile visualizzare il tasto per procedere con il caricamento.  \nI report dei questionari caricati saranno disponibili esclusivamente 48 ore dopo il caricamento nella sezione ""Dashboard"".', '[DASHBOARD] **14  \nSISTEMA QUESTIONARI**  \n**CARICAMENTO DI UN QUESTIONARIO**  \nUna volta che il questionario è stato compilato correttamente in tutte le sue sezioni e si è cliccato sul tasto ""Salva"" situato in fondo alla pagina, apparirà un pulsante giallo per la verifica in alto a destra. Dopo aver selezionato il pulsante giallo, sarà possibile visualizzare il tasto per procedere con il caricamento. I report dei questionari caricati saranno disponibili esclusivamente 48 ore dopo il caricamento nella sezione ""Dashboard"".', '[DASHBOARD] **SISTEMA QUESTIONARI**\n\nÈ possibile caricare un nuovo questionario selezionando l\'opzione ""Azioni"" e successivamente ""Carica"". Un questionario si considera caricato quando la data di completamento è valorizzata.\n\n**CARICAMENTO DI UN QUESTIONARIO**\n\nI report relativi ai questionari caricati saranno disponibili esclusivamente 48 ore dopo il caricamento, nella sezione ""Dashboard"".', '**www.classyfarm.it**\n\nI filtri a tendina permettono di selezionare il questionario desiderato in base all\'Allevamento (tramite il codice BDN) e all\'Anno/Quest. (anno di compilazione o codice del questionario). \n\nPer ottenere il report, è necessario cliccare su ""Report"". \n\nNella sezione ""Dati Anagrafici"" sono riportate le principali informazioni e la localizzazione dell\'allevamento selezionato. \n\nÈ possibile confrontare il Punteggio di Biosicurezza Complessivo del proprio allevamento (indicato in blu) con la media Nazionale, Regionale o dell\'ATS/ASL, cliccando sui rispettivi riquadri. \n\nIl confronto include il Punteggio di Biosicurezza Complessivo storico dell\'allevamento selezionato (in blu) e il Punteggio di Biosicurezza Complessivo Nazionale (in grigio). \n\nSono fornite informazioni riassuntive sull\'Allevamento, Data Visita, Data di Completamento (ovvero la data dell\'ultimo caricamento della checklist), Codice Questionario, Veterinario, Indicatore (Punteggio di Biosicurezza Complessivo) e Posizionamento nei Quartili. \n\nNella sezione ""Confronto Quartili"" è possibile visualizzare...', '[DASHBOARD] Il sistema integrato ""ClassyFarm"" offre una guida per l\'inserimento della check-list tramite l\'app. I risultati ottenuti dall\'allevamento, insieme al report del questionario, saranno disponibili sulla dashboard entro 24-48 ore dal caricamento. \n\nPer accedere alla dashboard, è necessario seguire alcuni passaggi. Prima di tutto, bisogna entrare in VETINFO. Successivamente, si deve selezionare ""ClassyFarm"" e poi ""ClassyFarm 2.0"". A questo punto, è importante scegliere il proprio ruolo, che può essere ""Medico Veterinario Aziendale"" o ""Medico Veterinario Incaricato"". Infine, si deve cliccare su ""Dashboard"" per visualizzare i risultati e i report.', '[DASHBOARD] **INDICE**\n\n• Accesso a ClassyFarm  \npagina 3  \n\n• Cruscotto per la verifica dei prerequisiti (Dashboard)  \npagina 7  \n\n• Compilazione della checklist di valutazione  \npagina 11  \n\n• Ripresa della compilazione di una checklist salvata in bozza  \npagina 19  \n\n• Consultazione delle checklist compilate  \npagina 23  \n\n• Report  \npagina 25']","Per scaricare il report SQNBA, segui questi passaggi:

1. Dopo aver completato la compilazione del questionario, vai alla sezione «Dashboard».
2. Clicca su «Report SQNBA» per procedere con il download del report.

In alternativa, se hai bisogno di visualizzare il report dopo la compilazione, puoi seguire questi passaggi:

1. Accedi a «Trasmissione Checklist (Nuovo)».
2. Clicca su «Azioni» e poi su «Storico».
3. Seleziona il controllo di interesse e clicca su «Azioni».
4. Scorri fino in fondo alla pagina e clicca su «Salva PDF» per scaricare il report.

Ricorda che questa modalità di download del report è temporanea; in futuro, il report sarà nuovamente scaricabile direttamente dal cruscotto.","Per scaricare il report di un questionario compilato bisogna cliccare su ""Report SQNBA"", scegliere il questionario di interesse e scaricare il report desiderato: per le sole risposte non conformi cliccare ""Download PDF risposte non conformi"", per tutte le risposte cliccare ""Download PDF con tutte le risposte"". Se si seleziona un questionario contenente file viene creato un file ZIP, se il questionario non contiene file viene scaricato un PDF.",1.0,0.9765136067611969,,0.5,0.375170606638622,OK,True
Cosa si intende per OdC?,"['**Categoria**: Procedure  \n**Contesto**: Raccolta dati ClassyFarm e BDN  \n\n**Domanda**: Cosa si intende per ""animali a rischio"" nel contesto del calcolo DDDAit?  \n**Risposta**: Gli ""animali a rischio"" sono definiti come quegli animali che possono essere esposti ai medicinali antimicrobici in un determinato periodo. La loro biomassa viene impiegata per normalizzare i consumi di antimicrobici e costituisce la base di calcolo per gli indicatori di consumo.  \n**Categoria**: Definizioni  \n**Contesto**: Classificazione degli animali a rischio  \n\n**Domanda**: Per quale motivo è fondamentale monitorare il consumo di antimicrobici negli allevamenti?  \n**Risposta**: Il monitoraggio del consumo di antimicrobici è essenziale per valutare l\'esposizione reale degli animali, analizzare le tendenze di utilizzo e prevenire la diffusione dell\'antimicrobico-resistenza, in conformità con il Piano Nazionale di Contrasto dell\'Antimicrobico-Resistenza (PNCAR).  \n**Categoria**: Avvertenze  \n**Contesto**: Obiettivi del monitoraggio', 'Il testo discute le esigenze nutrizionali delle scrofe e delle scrofette asciutte gravide, sottolineando l\'importanza di fornire loro un mangime adeguato per evitare inutili sofferenze o lesioni. È specificato che il mangime deve essere riempitivo o ricco di fibre, in quantità sufficiente. \n\nPer definire cosa si intende per ""sufficiente"", si stabilisce che il tenore di cellulosa grezza deve essere compreso tra il 2,23% e il 6% della razione alimentare, oppure deve essere fornito un quantitativo di almeno 100 grammi al giorno per ogni scrofa, utilizzando paglia o fieno. Questi limiti servono come guida per il valutatore, che deve considerare anche altri fattori di rischio presenti nell\'allevamento prima di esprimere un giudizio.\n\nLe condizioni nutrizionali sono classificate in due categorie: \n- La condizione non adeguata si verifica quando la quantità di fibra nella razione non è sufficiente.\n- La condizione adeguata si verifica quando la quantità di fibra nella razione è sufficiente.\n\nInfine, si fa riferimento alla normativa vigente, citando il Regolamento 146/2001, Allegato riguardante mangimi, acqua e altre sostanze, e il Regolamento 122/2011, Articolo 3, punto 7. È importante notare che tutte le scrofe e le scrofette asciutte gravide ricevono mangime per calmare la fame e soddisfare il loro bisogno di masticare.', 'Ecco la riscrittura del testo in italiano professionale, mantenendo i dati tecnici:\n\n```json\n[\n  {\n    ""Domanda"": ""Cosa indica l\'acronimo DDDAit?"",\n    ""Risposta"": ""DDDAit sta per Defined Daily Dose Animal for Italy. Si riferisce alla dose in milligrammi di principio attivo necessaria per mantenere in trattamento un chilogrammo di peso vivo animale per un periodo di 24 ore. La DDDAit rappresenta una dose standard di riferimento, distinta dalla dose effettivamente somministrata, ed è definita in base al Riassunto delle Caratteristiche del Prodotto (RCP) dei farmaci veterinari."",\n    ""Categoria"": ""Definizioni"",\n    ""Contesto"": ""Indicatori di consumo antimicrobici""\n  },\n  {\n    ""Domanda"": ""Cosa si intende per DCDAit?"",\n    ""Risposta"": ""La DCDAit (Defined Course Dose Animal for Italy) rappresenta la quantità totale di principio attivo, espressa in milligrammi, necessaria per mantenere un chilogrammo di peso vivo sotto trattamento per l\'intero ciclo terapeutico. Essa viene calcolata moltiplicando la DDDAit per il numero di giorni previsti per il trattamento."",\n    ""Categoria"": ""Definizioni""\n  }\n]\n```', '[ASSISTENZA_TELEFONICA] La sanità animale e il benessere degli animali sono interconnessi: un miglioramento della sanità animale contribuisce a un maggiore benessere degli animali e viceversa. Inoltre, l\'articolo 4 chiarisce che, per ""pericolo"", si intende un agente patogeno o una condizione di un animale o di un suo prodotto in grado di causare effetti avversi sulla salute umana o animale (punto 21). Per ""rischio"", invece, si intende la probabilità di insorgenza e la probabile entità delle conseguenze biologiche ed economiche di un effetto avverso sulla salute umana o animale, in relazione all\'esposizione a un pericolo (punto 22). \n\nPertanto, il Ministero della Salute, con il supporto del CReNBA, ha sviluppato nuove linee guida basandosi sulle normative vigenti in materia di protezione degli animali negli allevamenti, sulle checklist già utilizzate per i controlli dei servizi veterinari pubblici e sui più recenti studi disponibili sull\'argomento.', ""**11  \nSelezione Azienda**  \nPossibilità di scaricare un file CSV contenente un riepilogo delle aziende associate all'Ordine dei Commercialisti (OdC)."", ""La DCDAit del principio attivo di un determinato farmaco si ottiene moltiplicando la DDDAit per i giorni di trattamento. \n\n**DDDAit**  \nDefined Daily Dose Animal for Italy - rappresenta la dose in milligrammi di principio attivo utilizzata per mantenere in trattamento un chilogrammo di peso vivo nell'arco di ventiquattro ore. Questa dose non corrisponde a quella realmente somministrata in campo, ma piuttosto alla posologia corretta, come definita dal riassunto delle caratteristiche del prodotto (RCP). Tale dose è identificata e distinta per ciascun principio attivo presente nei farmaci antimicrobici veterinari utilizzabili nelle specie incluse nel sistema di monitoraggio.\n\n**EMA**  \nEuropean Medicines Agency\n\n**ESVAC**  \nEuropean Surveillance of Veterinary Antimicrobial Consumption\n\n**OMS**  \nOrganizzazione Mondiale della Sanità\n\n**PA**  \nPrincipio attivo\n\n**PCU**  \nPopulation Correction Unit\n\n**PNCAR**  \n[Nota: il significato di PNCAR non è fornito nel testo originale e potrebbe necessitare di una definizione specifica.]"", ""**Ministero della Salute – Direzione Generale della Sanità Animale e dei Farmaci Veterinari**  \n**Dose Giornaliera Definita per Animali in Italia (DDDAit)**  \n\n1. **Definizioni e acronimi**  \n   **AACTING**  \n   Rete per la quantificazione dell'uso degli antimicrobici veterinari a livello di allevamento e per l'analisi, comunicazione e benchmarking al fine di migliorare l'uso responsabile.  \n\n   **AMEG**  \n   Gruppo di Esperti Ad Hoc per la Consulenza sugli Antimicrobici.  \n\n   **BDN**  \n   Banca Dati Nazionale per l’identificazione e registrazione degli animali.  \n\n   **ClassyFarm**  \n   Sistema informatizzato per la classificazione delle aziende zootecniche basato su una valutazione dei rischi.  \n\n   **DDD**  \n   Dose Giornaliera Definita.  \n\n   **DCDAit**  \n   Dose Correttamente Definita per Animali in Italia - dose espressa in milligrammi di principio attivo utilizzata per mantenere in trattamento un chilogrammo di peso vivo durante l'intero ciclo terapeutico. Tale dose non corrisponde a quella realmente somministrata, ma è quella corretta, definita dal riassunto delle caratteristiche del prodotto (RCP). La DCDAit del..."", 'Ogni animale è potenzialmente soggetto a esposizione. Questo indicatore, basato sulle DCDAit (Defined Course Dose Animal for Italy), viene attualmente calcolato per motivi statistici e non è considerato direttamente nella valutazione dei consumi aziendali. Pertanto, il presente documento si concentrerà sulla spiegazione dei ""giorni/animale"". Il significato degli indicatori basati sulle DCD e il loro rapporto con le DDD potranno essere oggetto di discussione in future revisioni o aggiornamenti del presente documento.\n\nIntegrazione con la Banca Dati Nazionale (BDN) e il Sistema Informativo della Farmacosorveglianza\n\nI dati di consumo aziendale vengono attualmente acquisiti retrospettivamente su base annuale o semestrale. Le informazioni inserite nel sistema ClassyFarm per il calcolo del consumo di antimicrobici provengono da fonti ufficiali, quali registri di carico/scarico, prescrizioni e registri dei trattamenti, ecc.', ""(ESVAC)  \nOMS  \nOrganizzazione Mondiale della Sanità  \nPA  \nPrincipio Attivo  \nPCU  \nUnità di Correzione della Popolazione  \nPNCAR  \nPiano Nazionale di Contrasto all'Antimicrobico-Resistenza  \nRCP  \nRiassunto delle Caratteristiche del Prodotto"", '**Contesto**: ""Base di calcolo ClassyFarm""\n\n1. **Termine**: RCP (Riassunto delle Caratteristiche del Prodotto)  \n   **Definizione**: Documento ufficiale approvato per ciascun medicinale veterinario, contenente informazioni su dosi, posologie, durata del trattamento e specie target. Rappresenta la base tecnica per la definizione delle DDDAit.  \n   **Categoria**: Regolamentazione farmaci  \n   **Contesto**: Definizione dei parametri nazionali  \n\n2. **Termine**: BDN (Banca Dati Nazionale)  \n   **Definizione**: Sistema informativo nazionale che raccoglie i dati anagrafici e produttivi degli allevamenti. Fornisce informazioni sulla biomassa animale utilizzate per i calcoli delle DDDAit e DCDAit.  \n   **Categoria**: Banche dati  \n   **Contesto**: Riferimento per ClassyFarm e farmacovigilanza  \n\n3. **Termine**: ClassyFarm  \n   **Definizione**: [Definizione da completare]  \n   **Categoria**: [Categoria da completare]  \n   **Contesto**: [Contesto da completare]']","Nel contesto fornito, non è presente una definizione specifica per ""OdC"". Tuttavia, si fa riferimento a un file CSV contenente un riepilogo delle aziende associate all'Ordine dei Commercialisti (OdC) nel documento [Guida_Organismo_di_Certificatore_02-10-25.pdf](5). Se hai bisogno di ulteriori informazioni o chiarimenti, fammi sapere!",OdC si intende l’organismo di certificazione.,0.6666666666666666,0.0,0.0,0.0,0.1646679685815325,OK,True
Cosa mi serve per inserire i dati di valutazione del Benessere Animale e della Biosicurezza tramite app?,"[""Prima di iniziare a inserire i dati di valutazione del Benessere Animale e della Biosicurezza tramite l'app ClassyFarm 2.0, è necessario seguire alcune indicazioni fondamentali. \n\nInnanzitutto, è indispensabile essere in possesso delle credenziali VETINFO, che possono essere ottenute visitando il sito www.vetinfo.it. \n\nIn secondo luogo, per i Veterinari Aziendali, è richiesto di essere iscritti all'Elenco Pubblico Nazionale dei Veterinari Aziendali, gestito dalla FNOVI. \n\nPer quanto riguarda i Veterinari Incaricati, secondo l'aggiornamento della Nota Ministeriale 0016001-16/07/2020-DGSAF-MDS-P, non è necessaria l'iscrizione all'Elenco FNOVI. Tuttavia, è obbligatorio aver completato un corso di veterinario aziendale e aver seguito un percorso di formazione specifico, che includa argomenti pertinenti alla specie animale oggetto di valutazione."", ""Il Nazionale per il Benessere Animale (CReNBA) ha sviluppato un sistema di valutazione e categorizzazione del rischio per il benessere animale e la biosicurezza negli allevamenti, basandosi su normative e conoscenze scientifiche recenti. Questo sistema è attualmente applicabile agli allevamenti di suini e bovini, con l'intenzione di estenderlo anche agli allevamenti di pollo da carne.\n\nIl sistema prevede una raccolta di dati tramite autocontrollo, utilizzando specifiche checklist di autovalutazione. I dati raccolti vengono poi elaborati e validati attraverso una piattaforma informatica chiamata ClassyFarm. \n\nPer garantire la comparabilità tra la valutazione effettuata dal veterinario aziendale, incaricato dall'allevatore e registrata in ClassyFarm, e quella realizzata durante i controlli ufficiali previsti dal Piano Nazionale Benessere Animale, è stata progettata una metodologia che consente di confrontare i risultati delle due valutazioni."", ""### Guida all'Inserimento della Check-list per il Benessere Riproduttori nel Sistema Integrato «ClassyFarm»\n\n#### Prima di Iniziare\n\nPer procedere con l'inserimento dei dati relativi alla valutazione del Benessere Animale e della Biosicurezza tramite l'app, è fondamentale che sia il Medico Veterinario Aziendale che il Medico Veterinario Incaricato abbiano a disposizione alcuni documenti essenziali. Questi documenti possono essere presentati in forma di foto o scansione e sono necessari per associarsi all'allevamento. \n\nI documenti richiesti sono i seguenti:\n\n1. **Documento di identità personale** del veterinario.\n2. **Documento di identità dell'allevatore**.\n3. **Modulo di richiesta di associazione all'operatore** (modulo di autorizzazione), che deve essere compilato in ogni sua parte e firmato sia dal veterinario che dall'allevatore. Questo modulo è disponibile per il download sul sito ufficiale di ClassyFarm, www.classyfarm.it.\n\nÈ importante notare che esistono due moduli di associazione distinti: uno specifico per il Medico Veterinario Aziendale e l'altro per il Medico Veterinario Incaricato. \n\n#### Moduli di Richiesta di Associazione\n\n- **Modulo di richiesta di associazione per il Medico Veterinario Aziendale**\n- **Modulo di richiesta di associazione per il Medico Veterinario Incaricato** \n\nAssicurati di avere tutti i documenti pronti prima di iniziare il processo di associazione."", ""Il CReNBA, ovvero il Centro di Referenza Nazionale per il Benessere Animale, ha sviluppato un sistema di valutazione e categorizzazione del rischio per il benessere animale e la biosicurezza negli allevamenti. Questo sistema si basa su norme consolidate e sulle più recenti conoscenze scientifiche. Attualmente, è applicabile agli allevamenti di suini e bovini, con l'intenzione di estenderlo anche agli allevamenti di galline ovaiole.\n\nIl sistema prevede una raccolta di dati tramite un processo di autocontrollo, utilizzando specifiche checklist di autovalutazione. I dati raccolti vengono poi elaborati e validati attraverso una piattaforma informatica chiamata ClassyFarm. \n\nInoltre, per garantire la comparabilità tra le valutazioni effettuate dai veterinari aziendali, incaricati dagli allevatori, e quelle realizzate durante i controlli ufficiali previsti dal Piano Nazionale Benessere Animale, è stato progettato un sistema che integra le valutazioni inserite in ClassyFarm con quelle dei controlli ufficiali."", ""**116**\n\n**INSERIMENTO DEI DATI NEL PROGRAMMA CLASSYFARM PER LA VALUTAZIONE DEL BENESSERE NELL'ALLEVAMENTO DEGLI ANIMALI DA REDDITO**\n\n**APPLICAZIONE DEL SISTEMA E INSERIMENTO DEI DATI PER IL CALCOLO DEL LIVELLO DI BENESSERE/INDICE DI RISCHIO**\n\nLa valutazione del benessere animale in allevamento, attraverso le procedure delineate in questo manuale, può essere effettuata utilizzando due modalità: cartacea e informatizzata, tramite tablet o PC. In entrambe le opzioni, si utilizza la check-list per l'allevamento suino da ingrasso e svezzamento, composta da 53 elementi.\n\nI dati devono essere inseriti tramite l'applicativo ClassyFarm, accedendo attraverso VETINFO con le consuete credenziali, previa abilitazione. L'ultima versione di ogni check-list cartacea, il presente manuale e tutta la documentazione necessaria sono disponibili in formato .pdf sul sito https://www.classyfarm.it.\n\nSi ricorda che il caricamento della valutazione del benessere nel sistema deve avvenire utilizzando un..."", ""**118**\n\n**INSERIMENTO DEI DATI NEL PROGRAMMA CLASSYFARM PER LA VALUTAZIONE DEL BENESSERE NELL'ALLEVAMENTO DEGLI ANIMALI DA REDDITO**\n\n**APPLICAZIONE DEL SISTEMA E INSERIMENTO DEI DATI PER IL CALCOLO DEL LIVELLO DI BENESSERE/INDICE DI RISCHIO**\n\nLa valutazione del benessere animale in allevamento, attraverso le procedure delineate in questo manuale, può essere effettuata utilizzando due modalità: cartacea e informatizzata, tramite tablet o PC. In entrambe le opzioni, si utilizza la check-list per l'allevamento suino da ingrasso, composta da 50 elementi.\n\nI dati devono essere inseriti tramite l'applicativo ClassyFarm, accedendo attraverso VETINFO con le consuete credenziali, previa abilitazione. L'ultima versione di ogni check-list cartacea, il presente manuale e tutta la documentazione necessaria sono disponibili in formato .pdf sul sito https://www.classyfarm.it.\n\nSi ricorda che il caricamento della valutazione del benessere nel sistema deve avvenire utilizzando un..."", ""Il testo descrive il processo di inserimento dei dati nel programma ClassyFarm, utilizzato per valutare il benessere degli animali da reddito, in particolare per l'allevamento di suini riproduttori. \n\nLa valutazione del benessere animale può essere effettuata attraverso due modalità: una cartacea e una informatizzata, utilizzando un tablet o un computer. In entrambe le modalità, si fa riferimento a una check-list specifica per l'allevamento dei suini, che è composta da 71 item.\n\nPer inserire i dati, è necessario accedere all'applicativo ClassyFarm tramite VETINFO, utilizzando le credenziali consuete, previa abilitazione. È importante notare che l'ultima versione della check-list cartacea, insieme al manuale e ad altri documenti necessari, è disponibile in formato PDF sul sito ufficiale di ClassyFarm.\n\nInfine, si sottolinea che il caricamento della valutazione del benessere nel sistema deve essere effettuato seguendo le procedure indicate."", ""[ASSISTENZA_TELEFONICA] Il Ministero della salute, con il supporto del CReNBA, ha sviluppato un sistema di valutazione e categorizzazione del rischio per il benessere animale e la biosicurezza negli allevamenti bovini. Questo sistema si basa su diverse fonti, tra cui le normative vigenti in materia di protezione degli animali negli allevamenti, le check-list già utilizzate per i controlli dei servizi veterinari pubblici e i più recenti studi disponibili sull'argomento.\n\nIl sistema è stato reso disponibile per gli allevatori e i veterinari aziendali e prevede una raccolta di dati in autocontrollo attraverso specifiche check-list di autovalutazione. Successivamente, i dati raccolti vengono elaborati e validati tramite una piattaforma informatica chiamata ClassyFarm. L'obiettivo di queste check-list è quello di rendere più agevole, omogenea e validata la verifica delle condizioni di benessere animale negli allevamenti italiani."", 'Nel contesto della gestione del benessere animale, è emerso che la mancanza di adeguate procedure di biosicurezza espone gli animali a un rischio maggiore di disagio, sia a causa di nuove infezioni che per la diffusione di quelle già esistenti. Questo può compromettere la loro integrità fisica e psichica. \n\nPer affrontare questa problematica, è stata introdotta un\'ulteriore valutazione nell\'Area A, dedicata al ""Management aziendale e personale"", della check-list ClassyFarm. Questa valutazione si concentra sulle condizioni derivanti dal punteggio ottenuto per la biosicurezza all\'interno dello stesso allevamento. \n\nIl valore relativo a questa valutazione è rappresentato dall\'item denominato ""Biosicurezza"", che costituisce l\'ultimo quesito dell\'Area A del benessere animale. È importante notare che questo item viene completato automaticamente dal sistema ClassyFarm, in seguito all\'analisi dei dati raccolti durante la valutazione della biosicurezza.', ""Nel contesto della valutazione del benessere animale, si è deciso di introdurre un ulteriore elemento di verifica nell'Area A (Management). Questa decisione è stata presa in considerazione del fatto che gli animali sono maggiormente a rischio di subire disagio a causa di nuove infezioni o della diffusione di quelle già presenti, il che potrebbe compromettere la loro integrità fisica e psichica. L'elemento di verifica aggiunto è rappresentato dall'item 33, il quale viene completato automaticamente dal sistema ClassyFarm. Questo avviene dopo un'analisi dei dati raccolti durante la valutazione della biosicurezza, fornendo così un giudizio complessivo sull'azienda.""]","Per inserire i dati di valutazione del Benessere Animale e della Biosicurezza tramite l'app ClassyFarm 2.0, hai bisogno di:

1. **Credenziali VETINFO**: Puoi ottenerle visitando il sito [www.vetinfo.it](http://www.vetinfo.it).
2. **Documenti necessari**:
   - Documento di identità personale del veterinario.
   - Documento di identità dell'allevatore.
   - Modulo di richiesta di associazione all'operatore, compilato e firmato da entrambi (disponibile su [www.classyfarm.it](http://www.classyfarm.it)).

Inoltre, per i Veterinari Incaricati, non è necessaria l'iscrizione all'Elenco FNOVI, ma è obbligatorio aver completato un corso di veterinario aziendale e un percorso di formazione specifico.

⏰ **Nota Temporale**: 16/07/2020","Prima di inserire i dati di valutazione, sia per il medico veterinario aziendale sia per il medico veterinario incaricato è necessario avere a disposizione, in formato foto o scansione, il documento di identità, il documento di identità dell’allevatore e il modulo di richiesta di associazione all’operatore compilato e firmato da veterinario e allevatore. Sono disponibili due moduli distinti, uno per il veterinario aziendale e uno per il veterinario incaricato.",0.9090909090909091,0.6555446081438466,0.9093537414836077,1.0,0.3623321276431861,OK,True
Come faccio ad associarmi all’allevamento?,"[""Per associarsi all'allevamento nel sistema integrato «ClassyFarm», seguire questi passaggi:\n\n1. Dopo aver scelto il proprio ruolo, cliccare su «Selezione Azienda».\n2. Procedere cliccando su «Nuovo Allevamento».\n3. Inserire il codice aziendale e poi cliccare su «Verifica».\n4. Cliccando su «Dettagli», è possibile visualizzare le informazioni relative all'allevamento, come la ragione sociale, la partita IVA e l'indirizzo.\n5. Selezionare la checklist che deve essere compilata per l'allevamento scelto. Si noti che, nel caso si disponga di un veterinario aziendale, il passaggio 4 non è necessario."", 'Il sistema integrato ""ClassyFarm"" offre una guida per l\'inserimento della check-list relativa al benessere durante le fasi di svezzamento e ingrasso. Per associarsi all\'allevamento, è necessario seguire alcuni passaggi. Innanzitutto, bisogna caricare tutti i documenti richiesti, che includono il documento di identità del veterinario, il documento di identità dell\'allevatore e il modulo di autorizzazione, noto come ""Modulo di richiesta di associazione"". Una volta completata questa fase, si deve cliccare su ""Conferma"" per finalizzare il processo di associazione.', 'Per associarsi all\'allevamento nel sistema integrato ""ClassyFarm"" e procedere con l\'inserimento della check-list per il benessere dei riproduttori, seguire i seguenti passaggi:\n\n1. Dopo aver scelto il proprio ruolo, cliccare su ""Selezione Azienda"".\n2. Selezionare l\'opzione ""Nuovo Allevamento"".\n3. Inserire il codice aziendale e cliccare su ""Verifica"".\n4. Cliccando su ""Dettagli"", sarà possibile visualizzare le informazioni relative all\'allevamento, come la ragione sociale, la partita IVA e l\'indirizzo.\n5. Infine, selezionare la check-list che deve essere compilata per l\'allevamento scelto. Si noti che, nel caso in cui si disponga di un veterinario aziendale, il passaggio 4 non è necessario.', ""Il sistema integrato «ClassyFarm» offre una guida per l'inserimento della check-list sull'app. Per associarsi all'allevamento, è necessario seguire alcuni passaggi. Innanzitutto, bisogna caricare tutti i documenti richiesti, che includono il documento di identità del veterinario, il documento di identità dell'allevatore e il modulo di autorizzazione, noto come «Modulo di richiesta di associazione». Una volta completata questa fase, si deve cliccare su «Conferma» per finalizzare il processo di associazione."", 'Il sistema integrato ""ClassyFarm"" offre una guida per l\'inserimento della check-list relativa al benessere dei riproduttori. Per associarsi all\'allevamento, è necessario seguire alcuni passaggi. Innanzitutto, è fondamentale caricare tutti i documenti richiesti, che includono il documento di identità del veterinario, il documento di identità dell\'allevatore e il modulo di autorizzazione, noto come ""Modulo di richiesta di associazione"". Una volta completata questa fase, si deve cliccare su ""Conferma"" per finalizzare il processo di associazione.', '**ISTRUZIONI PER L\'ASSOCIAZIONE DI UN ALLEVAMENTO**\n\nPrima di procedere con l\'inserimento della checklist, è fondamentale associare l\'allevamento di interesse.\n\n1. Cliccare sul pulsante ""Nuovo Allevamento"".\n2. Inserire il codice dell\'allevamento, quindi cliccare sul pulsante ""Verifica"" e selezionare l\'allevamento da associare.', 'Il sistema integrato ""ClassyFarm"" offre una guida per l\'inserimento della check-list per la valutazione del rischio relativo al taglio della coda. Per procedere, è necessario seguire alcuni passaggi.\n\nInnanzitutto, è importante cliccare sul pulsante ""Conferma"". Successivamente, per associarsi all\'allevamento, è richiesto di caricare tutti i documenti necessari. Questi documenti includono:\n\n- Il documento di identità del veterinario.\n- Il documento di identità dell\'allevatore.\n- Il modulo di autorizzazione, noto anche come ""Modulo di richiesta di associazione"".\n\nSeguendo queste indicazioni, sarà possibile completare il processo di associazione all\'allevamento.', '**21  \nASSOCIAZIONE DI UN ALLEVAMENTO**  \nQuesta operazione è necessaria esclusivamente per il Veterinario Incaricato e il Veterinario Aziendale.\n\n1. Accedere a ClassyFarm e selezionare l\'opzione ""Selezione Azienda"".\n2. Cliccare sul pulsante ""Nuovo Allevamento"".\n3. Inserire il codice dell\'allevamento, cliccare sul pulsante ""Verifica"" e selezionare l\'allevamento da associare.\n4. Scegliere le tipologie di questionario che si desidera compilare tramite il menu a tendina.\n5. Caricare i documenti richiesti (si consiglia di utilizzare file in formato PDF; il modulo di autorizzazione è scaricabile al seguente link: https://www.classyfarm.it/index.php/register-it) e cliccare sul pulsante ""Conferma"" in fondo alla pagina.', ""**Tutte le fasi di carico e scarico devono avvenire in quest'area**  \nSI  \nNO  \nNA  \nNote:  \n\n---\n\n**10. CARATTERISTICHE STRUTTURALI DELL’ALLEVAMENTO**  \n**Quesiti specifici per allevamenti ad indirizzo svezzamento >250**  \n**Anticamera capannoni**  \n\n**10.1** La dogana danese è presente e correttamente utilizzata*  \nSI  \nNO  \nNA  \nNote:  \n\n**10.2** L’anticamera dei capannoni si presenta, al momento del controllo, priva di macchinari, attrezzature o oggetti non funzionali all’allevamento  \nSI  \nNO  \nNA  \nNote:  \n\n**10.3** Presenza di calzature dedicate per ogni singolo capannone (stanza)*  \nSI  \nNO  \nNA  \nNote:  \n\n**Strutture capannoni**  \n\n**10.4** Presenza di adeguate chiusure dei capannoni (stanze) (serrature, lucchetti, ecc.)  \nSI  \nNO  \nNA  \nNote:  \n\n**10.5** Pavimento, pareti e soffitti sono lavabili, disinfettabili e mantenuti in buono stato di manutenzione*  \nSI  \nNO  \nNA  \nNote:  \n\n**10.6** Sono presenti adeguati sistemi volti a impedire l’accesso ai volatili (es. reti antipassero, cupolino protetto) su tutte le aperture del capannone*  \nSI  \nNO  \nNA  \nNote:  \n\n**10.7**"", ""**14.5**  \nGli animali deceduti vengono rimossi tempestivamente dall'area di allevamento e smaltiti in modo appropriato.*  \n**SI**  \n**NO**  \n**NA**  \nNote:  \n\n**Trasporto degli animali in ingresso destinati all’allevamento di deposizione**  \n**13.6**  \nIl veicolo trasporta esclusivamente animali destinati a un singolo allevamento.  \n**SI**  \n**NO**  \n**NA**  \nNote:  \n\n**13.7**  \nGli animali trasportati con un unico veicolo sono sistemati in un unico capannone.  \n**SI**  \n**NO**  \n**NA**  \nNote:  \n\n**Carico animali per destinazione macello**  \n**13.8**  \nL’allevamento adotta la pratica del tutto pieno/tutto vuoto.  \n**SI**  \n**NO**  \n**NA**  \nNote:  \n\n**Quesiti specifici per allevamenti ad indirizzo svezzamento <250**  \n**13.9**  \nNell’allevamento sono presenti tacchini e/o selvaggina da penna e/o riproduttori.*  \n**SI**  \n**NO**  \n**NA**  \nNote:  \n\n**13.10**  \nGli animali di nuova introduzione vengono mantenuti separati dai volatili già allevati per un periodo di tempo adeguato.*  \n**SI**  \n**NO**  \n**NA**  \nNote:  \n\n**15. GESTIONE POLLINA, LETTIERA VERGINE E LETTIERA A FINE CICLO**  \n**15.1**  \nLa gestione della lettiera a fine ciclo è effettuata in modo corretto.*  \n**SI**  \n**NO**  \n**NA**  \nNote:""]","Per associarsi all'allevamento nel sistema integrato «ClassyFarm», segui questi passaggi:

1. Accedi a ClassyFarm e seleziona l'opzione «Selezione Azienda».
2. Clicca sul pulsante «Nuovo Allevamento».
3. Inserisci il codice aziendale e poi clicca su «Verifica».
4. Cliccando su «Dettagli», puoi visualizzare le informazioni relative all'allevamento, come la ragione sociale, la partita IVA e l'indirizzo. (Nota: se hai un veterinario aziendale, questo passaggio non è necessario).
5. Seleziona la checklist che deve essere compilata per l'allevamento scelto.
6. Carica tutti i documenti richiesti, che includono:
   - Il documento di identità del veterinario.
   - Il documento di identità dell'allevatore.
   - Il modulo di autorizzazione, noto come «Modulo di richiesta di associazione» (scaricabile dal link fornito).
7. Clicca sul pulsante «Conferma» per finalizzare il processo di associazione.

Assicurati di seguire attentamente questi passaggi per completare l'associazione all'allevamento.","Per associarsi all’allevamento, una volta selezionato il ruolo bisogna cliccare su ""Seleziona azienda"", poi su ""Nuovo allevamento"", inserire il codice aziendale e cliccare su ""Verifica"". Solo per il veterinario incaricato è necessario selezionare la checklist che verrà compilata per l’allevamento selezionato. Infine si caricano i documenti richiesti (documento di identità, documento di identità dell’allevatore, modulo di autorizzazione) e si clicca su ""Conferma"".",1.0,0.7269296950794746,0.9999999999875,1.0,0.6170584834000062,OK,True
"Perché se clicco su ""Visualizza"" in una bozza non me lo fa modificare?","['Il pulsante ""Visualizza"" consente esclusivamente di visualizzare le risposte selezionate nel questionario prima del salvataggio.  \nPer continuare la compilazione, fare clic su ""Modifica"".  \nEsito della valutazione salvato come bozza.', 'Il pulsante ""Visualizza"" consente esclusivamente di visualizzare il questionario.  \nPer continuare la compilazione, è necessario cliccare su ""Modifica"".  \nPiano di Rientro salvato come bozza.', 'Il pulsante «Visualizza» permette esclusivamente di visualizzare le risposte selezionate nel questionario prima del salvataggio. \n\nQuestionario salvato come bozza \n(per continuare la compilazione, cliccare su «Modifica») \n14', ""25  \n2.  \n3. Selezionare l'esito della valutazione da modificare, cliccare su «Modifica» e successivamente salvare l'esito della valutazione in bozza."", '**SISTEMA QUESTIONARI**\n\nSelezionare il questionario di interesse, quindi cliccare su ""Azioni"" e successivamente su ""Modifica"". \n\n**MODIFICA DI UN QUESTIONARIO**', ""**Questionario Salvato in Bozza**\n\nQualora il questionario sia stato salvato come bozza, per riprendere la compilazione è necessario selezionare l'opzione «Storico» e successivamente «Modifica».  \n1.  \n2.  \n13"", 'Quando si valuta la superficie su cui gli animali si coricano, è importante considerare che, se questa è pulita, il giudizio non potrà superare il livello di ""accettabile"". Questo perché gli animali, in ogni caso, si trovano costretti a sdraiarsi su una superficie bagnata. \n\nAnche nel caso di animali allevati al pascolo o in paddock esterni, dove non hanno accesso a strutture chiuse, è fondamentale effettuare una valutazione del loro livello igienico. Si considera adeguata una situazione in cui ci sia una prevalenza di ambienti asciutti e puliti, con aree bagnate o fangose limitate a zone specifiche, come quelle vicino ai punti di abbeverata. In questo modo, gli animali possono scegliere di coricarsi in spazi che siano puliti, asciutti e confortevoli. \n\nAl contrario, se la maggior parte degli ambienti è molto sporca e paludosa, la situazione igienica risulta inadeguata.', ""Il testo fornisce indicazioni importanti riguardo all'alimentazione dei vitelli, evidenziando che essa deve essere adeguata all'età, al peso e alle esigenze comportamentali e fisiologiche degli animali. Questo approccio è fondamentale per garantire buone condizioni di salute e benessere. \n\nIn particolare, si sottolinea che tutti i vitelli devono ricevere nutrimento almeno due volte al giorno. Nel caso in cui i vitelli siano stabulati in gruppo e non abbiano accesso libero al cibo o non siano alimentati tramite un sistema automatico, è essenziale che ogni vitello possa accedere agli alimenti contemporaneamente agli altri membri del gruppo.\n\nIl giudizio sull'adeguatezza dell'alimentazione è considerato positivo solo se tutte queste condizioni sono rispettate. Al contrario, si definisce non adeguata la situazione in cui la razione alimentare non soddisfa le esigenze degli animali, sia perché non è stata calcolata correttamente, sia perché non è in linea con i fabbisogni nutrizionali, oppure se è composta da alimenti non sani. Inoltre, la somministrazione dell'alimento una sola volta al giorno è considerata inadeguata."", '**SISTEMA QUESTIONARI**\n\nPer alcuni questionari, dopo la generazione del documento in formato PDF, è possibile visualizzarlo selezionando l\'opzione ""Azioni"" e successivamente ""Documenti"". \n\n**VISUALIZZAZIONE DEL DOCUMENTO**', ""L'introduzione di nuovi soggetti richiede l'adozione di prassi ottimali, in particolare per quanto riguarda le procedure di pulizia e disinfezione al termine di ogni ciclo. È consigliabile formalizzare queste procedure in specifici protocolli operativi, come ad esempio un manuale di buone prassi.\n\nNel caso in cui il materiale da lettiera non sia disponibile e gli animali debbano coricarsi su una superficie grigliata, è importante considerare che, se tale superficie è pulita, il giudizio sulla situazione potrà essere al massimo accettabile. Questo perché gli animali si trovano costretti a sdraiarsi su una superficie bagnata.\n\nInoltre, anche per gli animali allevati al pascolo o in paddock esterni, privi di accesso ai fabbricati, è fondamentale effettuare una valutazione del loro livello igienico. Si considera adeguata una situazione igienica che rispetti determinati standard.""]","Cliccando su ""Visualizza"" in una bozza, non puoi modificare il contenuto perché questa funzione è progettata esclusivamente per visualizzare le risposte selezionate nel questionario. Per continuare la compilazione e apportare modifiche, è necessario cliccare su ""Modifica"". Questo è un comportamento comune in diversi documenti e guide, come indicato nei materiali consultati.","Se si clicca sul pulsante ""Visualizza"" quando è selezionata una bozza, il sistema permette solo di visualizzare il questionario senza poter apportare modifiche. Per completare o modificare il questionario o la checklist, dopo aver selezionato la bozza di interesse, è necessario cliccare su ""Modifica"".",0.6,0.6602887206206939,0.968253968240136,1.0,0.5918334741610888,OK,True
"Cosa vogliono dire Q1, Q2, Q3, Q4 nei cruscotti?","[""**Sistema Integrato «ClassyFarm» - Guida per l'Operatore e i suoi Delegati**\n\nL'operatore ha la possibilità di delegare un referente per la visualizzazione delle informazioni presenti nei cruscotti e nei report.\n\n1. **SITO WWW.CLASSYFARM.IT – SEZIONE OPERATORE E SUOI DELEGATI**: In questa sezione sono forniti dettagli sul percorso da seguire e sui documenti da compilare e caricare su ClassyFarm per ottenere l'autorizzazione all'accesso.\n   \n2. **ACCESSO AL SISTEMA CLASSYFARM (da VetInfo)**: L'accesso è suddiviso in tre aree distinte:\n   1. AREA OPERATORE\n   2. AREA DELEGATO DA SINGOLO OPERATORE\n   3. AREA DELEGATO DA PIÙ OPERATORI\n\n**PERCORSO**"", ""**Sistema Integrato «ClassyFarm» - GUIDA ALL'INSERIMENTO DEL CONTROLLO REMOTO DEL BENESSERE SUINO**\n\n**PAG**  \n**CRUSCOTTI**  \n23  \n\nSe necessario, abilitare il plugin Flash cliccando sul pulsante indicato dalla freccia e attendere il caricamento dei cruscotti.  \nNota bene: verificare che non ci sia il blocco del plugin in alto a destra (icona rossa).  \n\nPer consultare la guida completa sui cruscotti relativi al benessere suino e al mozzamento della coda, cliccare qui.  \nPer accedere alla guida completa sui cruscotti CF_Rischio, cliccare qui."", '**PAG**  \nSistema Integrato «ClassyFarm» - Guida per Delegati Operatori - Filiera o Gruppo  \n**CRUSCOTTI - RISULTATI**  \n29  \n\nPer accedere ai cruscotti interattivi:  \n- Accedere a VETINFO  \n- Selezionare ClassyFarm → ClassyFarm 2.0  \n- Scegliere il profilo  \n- Cliccare su Dashboard  \n\n1. Consultare la GUIDA AI CRUSCOTTI INTERATTIVI al seguente link: www.classyfarm.it', '**PAG**  \nSistema Integrato «ClassyFarm» - Guida per Delegati Operatori - Filiera o Gruppo  \n**CRUSCOTTI - RISULTATI**  \n21  \n\nPer accedere ai cruscotti interattivi:  \n- Accedere a VETINFO  \n- Selezionare ClassyFarm → ClassyFarm 2.0  \n- Selezionare il PROFILO  \n- Cliccare su Dashboard  \n\n1. Consultare la GUIDA AI CRUSCOTTI INTERATTIVI al seguente link: www.classyfarm.it', '**PAG**  \nSistema Integrato «ClassyFarm» - Guida per Delegati Operatori - Filiera o Gruppo  \n**CRUSCOTTI - RISULTATI**  \n16  \n\nPer accedere ai cruscotti interattivi:  \n- Accedere a VETINFO  \n- Selezionare ClassyFarm → ClassyFarm 2.0  \n- Selezionare il PROFILO  \n- Cliccare su Dashboard  \n\n1. Consultare la GUIDA AI CRUSCOTTI INTERATTIVI al seguente link: www.classyfarm.it', '[DASHBOARD] **PAG**  \nSistema Integrato «ClassyFarm» - Guida per Delegati Operatori - Filiera o Gruppo  \n**CRUSCOTTI - RISULTATI**  \n16  \n\nPer accedere ai cruscotti interattivi:  \n- Accedere a VETINFO  \n- Selezionare ClassyFarm → ClassyFarm 2.0  \n- Selezionare il PROFILO  \n- Cliccare su Dashboard  \n\n1. Consultare la GUIDA AI CRUSCOTTI INTERATTIVI al seguente link: www.classyfarm.it', '[DASHBOARD] **PAG**  \nSistema Integrato «ClassyFarm» - Guida per Delegati Operatori - Filiera o Gruppo  \n**CRUSCOTTI - RISULTATI**  \n29  \n\nPer accedere ai cruscotti interattivi:  \n- Accedere a VETINFO  \n- Selezionare ClassyFarm → ClassyFarm 2.0  \n- Scegliere il profilo  \n- Cliccare su Dashboard  \n\n1. Consultare la GUIDA AI CRUSCOTTI INTERATTIVI al seguente link: www.classyfarm.it', ""Sistema Integrato «ClassyFarm» - Guida per l'Operatore e i suoi Delegati\n\nDelegato dell'Operatore: figura designata dall'operatore responsabile degli animali, con la sola facoltà di visualizzare i cruscotti degli allevamenti associati allo stesso operatore."", 'I veterinari ufficiali hanno la possibilità di accedere al programma di elaborazione dei dati rilevati. Questa funzionalità è disponibile nella sezione cruscotti di ClassyFarm, che può essere raggiunta attraverso il portale Vetinfo. È importante notare che l\'elaborazione dei dati sarà accessibile a partire dal giorno successivo all\'invio dei dati da parte del sistema informativo veterinario nazionale, che si trova nella sezione ""controlli"".', ""**Sistema Integrato «ClassyFarm» - GUIDA ALL'INSERIMENTO DEL CONTROLLO BIOSICUREZZA PER SUINI**\n\n**INDICE**\n- Premesse\n- Accesso al sistema\n- Compilazione del controllo\n- Stampa in formato PDF e invio tramite e-mail\n- Consultazione dei cruscotti\n- Domande frequenti (FAQ)\n- Contatti\n- Tutto il materiale informativo (guide, manuali, moduli, ecc.) è disponibile all’indirizzo www.classyfarm.it""]","Nel contesto dei cruscotti del Sistema Integrato «ClassyFarm», le sigle Q1, Q2, Q3 e Q4 si riferiscono probabilmente a diverse categorie o indicatori di qualità o di stato di benessere degli animali, ma il documento non fornisce una spiegazione dettagliata di queste sigle. Per ulteriori informazioni sui cruscotti e sui loro contenuti, puoi consultare la [GUIDA AI CRUSCOTTI INTERATTIVI](http://www.classyfarm.it).","Q1, Q2, Q3 e Q4 rappresentano i quartili in cui vengono raggruppati gli allevamenti. Gli allevamenti vengono ordinati in funzione del punteggio ottenuto, i quartili sono rappresentati da intensità di blu diverse e, in statistica, sono valori che dividono una distribuzione ordinata in quattro parti uguali. ClassyFarm li usa per semplificare la lettura dei dati.",0.6666666666666666,0.0,0.0,0.0,0.15908189754718,OK,True
"Cosa mi dice ""Sintesi risposte"" nel cruscotto?","['[DASHBOARD] **14  \nDashboard: Cruscotto di Visualizzazione**  \nAzienda già associata al Valutatore.  \nSarà possibile visualizzare, tramite il cruscotto, tutti gli allevamenti associati nella sezione ""Selezione Azienda"".  \nÈ prevista la possibilità di visualizzare la tabella a schermo intero cliccando sull\'icona corrispondente.  \nFiltri di Selezione: Azienda non ancora associata al Valutatore.', '**12  \nCruscotto di Visualizzazione**  \nDopo 48 ore, sarà possibile accedere al cruscotto interattivo: selezionare ""Dashboard"".', '[DASHBOARD] **12  \nCruscotto di Visualizzazione**  \nDopo 48 ore, sarà possibile accedere al cruscotto interattivo: selezionare ""Dashboard"".', ""[DASHBOARD] **Dashboard: Cruscotto di Visualizzazione**  \nSelezionando l'opzione «Sì», verranno visualizzati gli allevamenti che soddisfano i Prerequisiti Verdi e i Requisiti Verdi/Gialli."", '[DASHBOARD] **www.classyfarm.it**  \n**Andamento storico dei controlli e relativi esiti**  \n- Modifica delle schermate del cruscotto  \n- Ripristino dei filtri applicati  \n- Accesso alla guida del cruscotto in formato PDF  \n- Data di aggiornamento del cruscotto  \n- Variazione degli indicatori Heatmap: forniscono una visione complessiva e di confronto tra le regioni  \n- Indicatori nazionali per specie e area: consentono il confronto a livello nazionale con la regione/ASL selezionata  \n- Rischio-programmazione', ""**8  \nDashboard: Cruscotto per la verifica dei prerequisiti**  \nPer accedere al cruscotto interattivo, selezionare l'opzione «Dashboard»."", ""[DASHBOARD] **8  \nDashboard: Cruscotto per la verifica dei prerequisiti**  \nPer accedere al cruscotto interattivo, selezionare l'opzione «Dashboard»."", '[DASHBOARD] **Report**\n\nAl termine della compilazione, per visualizzare il report, è necessario seguire i seguenti passaggi:\n\n1. Accedere a «Trasmissione Checklist (Nuovo)».\n2. Cliccare su «Azioni» e successivamente su «Storico».\n3. Selezionare il controllo di interesse e cliccare su «Azioni».\n4. Scorrere fino in fondo alla pagina e cliccare su «Salva PDF».\n\n**Nota Bene:** Questa modalità di download del report è temporanea; in futuro, il report sarà nuovamente scaricabile dal cruscotto.', '[DASHBOARD] **16**  \nVisualizzazione a schermo intero della tabella  \nDashboard: Cruscotto di Visualizzazione  \nPossibilità di esportare i dati in Excel.', '[DASHBOARD] **Dashboard: Consultazione delle Checklist Compilate**\n\nÈ possibile visualizzare le checklist compilate dal Valutatore direttamente dal cruscotto, in formato tabellare. \n\n1. \n2.']","Dopo 48 ore, sarà possibile accedere al cruscotto interattivo: selezionare ""Dashboard"".","Cliccando su ""Analisi risposte"" nella consultazione di un cruscotto compare il grafico relativo alla distribuzione delle risposte ai questionari per gli allevamenti selezionati.",1.0,0.5398347449238224,0.0,0.0,0.11009216837829883,OK,True
Che codice devo inserire per poter compilare un controllo di farmacosorveglianza?,"[""[ASSISTENZA_TELEFONICA] **Sistema Integrato «ClassyFarm» - GUIDA ALL'INSERIMENTO DEL CONTROLLO FARMACOSORVEGLIANZA**\n\n**COMPILAZIONE DEL CONTROLLO**\n\n1. Inserire il codice aziendale BDN* (es. 000XY000) e cliccare su «cerca» (1.1).\n2. Selezionare l'allevamento da controllare (facendo clic sopra) tra quelli disponibili per il codice aziendale.\n3. I dati aziendali verranno automaticamente compilati nella testata del questionario.\n\n*Gli utenti ufficiali sono autorizzati a effettuare la compilazione per il proprio territorio di competenza. Qualora si inserisca un codice e non venga visualizzato alcun risultato, si prega di contattare l'assistenza inviando un'email a info@classyfarm.it."", '**Sistema Integrato «ClassyFarm» - GUIDA ALL\'INSERIMENTO DEL CONTROLLO FARMACOSORVEGLIANZA**\n\nIn caso di un secondo controllo per verificare l\'adempimento delle prescrizioni:\n\n1. Compilare un nuovo controllo, inserendo esclusivamente le informazioni necessarie. Per tutte le altre risposte, selezionare l\'opzione NA. (Nota bene: per velocizzare la compilazione, è possibile utilizzare gli aiuti disponibili. Ad esempio, se si desidera compilare l\'area A, selezionare ""No"", quindi cliccare su ""Salva""; in questo modo, tutte le risposte verranno automaticamente contrassegnate come NA. Se è necessario compilare solo una o due risposte, è possibile selezionare ""Sì"" e modificare le informazioni richieste).\n\nSi prega di prestare attenzione: alcune risposte sono comunque obbligatorie per la sezione. Assicurarsi di compilare tali risposte secondo le indicazioni fornite al momento del salvataggio del controllo.\n\n**SECONDO CONTROLLO**  \n29', ""Sistema Integrato «ClassyFarm» - GUIDA PER L'INSERIMENTO DEL CONTROLLO FARMACOSORVEGLIANZA\n\nPAGINA\n\nCOMPILAZIONE DEL CONTROLLO\n\n20\n\n5. AREA D – VALUTAZIONE DEL RISCHIO\n\nProcedere come indicato nella sezione precedente, seguendo le istruzioni contenute nel Manuale Operativo."", '**Sistema Integrato «ClassyFarm» - GUIDA PER L\'INSERIMENTO DEL CONTROLLO FARMACOSORVEGLIANZA**\n\n**PAGINA**  \n**COMPILAZIONE DEL CONTROLLO**  \n**22**  \n\n**7. PROVVEDIMENTI ADOTTATI**  \n1. Rispondere a tutte le domande (barrare ""NA"" quando non applicabili).  \n2. Salvare e procedere alla sezione successiva (2.1).  \n**2.1**  \n**2**  \n**1**', '**Sistema Integrato «ClassyFarm» - GUIDA ALL\'INSERIMENTO DEL CONTROLLO FARMACOSORVEGLIANZA**\n\n**COMPILAZIONE CONTROLLO**\n\n**PAGINA 16**\n\n**1. INFORMAZIONI SPECIFICHE E RACCOLTA DATI AZIENDALI GENERALI**\n\n1. Selezionare e inserire le risposte pertinenti.\n2. Cliccare su ""Salva"".\n3. Cliccare su ""Prossima sezione"".\n\nSi prega di notare che è obbligatorio fornire una risposta a ciascuna domanda. Alcuni dati si autocompilano al momento del salvataggio; qualora rimanessero vuoti, procedere con l\'inserimento manuale.\n\n1. Risposta fornita\n2. Cancella risposta\n3. Info\n\n**Sezione completata**', '**Sistema Integrato «ClassyFarm» - GUIDA ALL\'INSERIMENTO DEL CONTROLLO FARMACOSORVEGLIANZA**\n\n**PAGINA 17**\n\n**COMPILAZIONE DEL CONTROLLO**\n\n**2. AREA A – SCORTA DEI MEDICINALI VETERINARI**\n\nQualora non si desideri compilare questa sezione (ad esempio, in caso di un controllo successivo alla verifica delle prescrizioni), è possibile selezionare ""NO"" (1.) alla prima domanda, salvare (2.) e procedere alla sezione successiva (3).\n\nNegli altri casi, selezionare ""SI"" e procedere alla compilazione delle ulteriori domande e campi, quindi salvare e proseguire alla sezione successiva. \n\n1  \n2  \n3', '**Sistema Integrato «ClassyFarm» - GUIDA ALL\'INSERIMENTO DEL CONTROLLO FARMACOSORVEGLIANZA**\n\n**PAGINA**  \n**COMPILAZIONE DEL CONTROLLO**  \n**23**\n\n**8. VERIFICA DELLE PRESCRIZIONI**\n\n1. Rispondere a tutte le domande (barrare ""NA"" quando non applicabili, ad esempio, indicare la data delle verifiche delle prescrizioni nel caso in cui non siano state assegnate prescrizioni).\n2. Salvare e procedere alla sezione successiva (2.1).  \n**2.1**  \n**2**  \n**1**', 'Il sistema integrato ""ClassyFarm"" offre una guida per l\'inserimento della check-list tramite l\'app. Per compilare la check-list, è necessario seguire alcuni passaggi.\n\nInnanzitutto, si deve inserire il codice di allevamento. Successivamente, è necessario cliccare sulla lente d’ingrandimento, che funge da funzione di ricerca, per cercare l\'allevamento nel BDN (Banca Dati Nazionale). Una volta effettuata la ricerca, il sistema restituirà un elenco di allevamenti che corrispondono al codice aziendale inserito. A questo punto, è sufficiente selezionare l\'allevamento desiderato con un click. Il sistema provvederà automaticamente a completare i dati anagrafici dell\'allevamento utilizzando le informazioni disponibili nel BDN. È importante notare che non bisogna inserire il prefisso ""IT"" o eventuali sottocodici, come ad esempio ""/2"".\n\nInfine, si procederà con la compilazione della testata del questionario.', '**Sistema Integrato «ClassyFarm» - GUIDA ALL\'INSERIMENTO DEL CONTROLLO FARMACOSORVEGLIANZA**\n\nIn caso di necessità di modificare la data relativa alle prescrizioni:\n\n1. Utilizzare la funzione ""Copia"" → cliccare sul pulsante e attendere → verrà creata una copia identica del controllo con tutte le risposte già fornite per quel controllo dell\'azienda → apportare le modifiche necessarie, giustificando nei campi di testo il motivo della variazione → caricare il nuovo controllo.\n\n**MODIFICA DATA PRESCRIZIONI**  \n30', '[ASSISTENZA_TELEFONICA] [INVIO_EMAIL] Benvenuti al servizio di assistenza ClassyFarm. In questa pagina, avrete la possibilità di inserire le vostre richieste di assistenza per il sistema ClassyFarm. Per iniziare, vi invitiamo a seguire attentamente la procedura di richiesta accesso.\n\nIn primo luogo, dovrete inserire l\'email nel campo indicato per ricevere la conferma della vostra richiesta. Assicuratevi di compilare il form con i dati personali e dell\'allevamento, inclusi nome, cognome, data di nascita, codice fiscale e altri dettagli richiesti. Se non possedete un\'utenza Vetinfo o se l\'avete dimenticata, vi preghiamo di lasciare il campo corrispondente vuoto.\n\nSuccessivamente, utilizzate il pulsante ""Sfoglia"" per allegare il modulo di adesione e il documento di identità, sia fronte che retro. È fondamentale che, prima di inviare la richiesta, verifichiate che tutti i dati siano corretti. Solo dopo aver effettuato questa verifica, potrete cliccare su ""Invia"" per inoltrare la vostra richiesta.\n\nDopo l\'invio, attendete un\'email di default che confermerà il codice CSD e il corretto invio della vostra richiesta. Infine, restate in attesa dell\'email di avvenuta abilitazione, che vi informerà sull\'esito della vostra richiesta.\n\nGrazie per aver scelto il servizio di assistenza ClassyFarm. Siamo qui per aiutarvi!']","Per compilare un controllo di farmacosorveglianza, devi inserire il codice aziendale BDN* (es. 000XY000) e cliccare su «cerca». Se non visualizzi alcun risultato, contatta l'assistenza inviando un'email a [[EMAIL_RIMOSSO]](mailto:[EMAIL_RIMOSSO]).

*Gli utenti ufficiali possono compilare per il proprio territorio di competenza.","Per compilare un controllo di farmacosorveglianza è necessario inserire il codice azienda BDN. Dopo aver inserito il codice si clicca su ""Cerca"" per poter scegliere l’allevamento corrispondente.",1.0,0.595733906570848,0.7916666666402777,1.0,0.5935980869994162,OK,True
Come faccio a modificare la data delle prescrizioni in un controllo già compilato?,"['**Sistema Integrato «ClassyFarm» - GUIDA ALL\'INSERIMENTO DEL CONTROLLO FARMACOSORVEGLIANZA**\n\nIn caso di necessità di modificare la data relativa alle prescrizioni:\n\n1. Utilizzare la funzione ""Copia"" → cliccare sul pulsante e attendere → verrà creata una copia identica del controllo con tutte le risposte già fornite per quel controllo dell\'azienda → apportare le modifiche necessarie, giustificando nei campi di testo il motivo della variazione → caricare il nuovo controllo.\n\n**MODIFICA DATA PRESCRIZIONI**  \n30', 'Nel documento sono riportate le prescrizioni relative a un controllo. Si inizia con la domanda se siano state assegnate delle prescrizioni, con la possibilità di rispondere ""Sì"" o ""No"". Se la risposta è affermativa, è richiesto di specificare quali prescrizioni sono state assegnate, lasciando uno spazio per la descrizione.\n\nSuccessivamente, viene chiesto di indicare entro quale data le prescrizioni dovranno essere eseguite.\n\nIn merito alle sanzioni applicate, sono elencate diverse opzioni, tra cui il blocco delle movimentazioni, l\'abbattimento dei capi, sanzioni amministrative o pecuniarie, sequestro dei capi e la possibilità di un\'informativa in procura. È anche prevista la possibilità di specificare ulteriori sanzioni, se presenti.\n\nInfine, è presente uno spazio dedicato alle note e osservazioni del controllore, dove possono essere annotate ulteriori informazioni o commenti relativi al controllo effettuato.', '**Sistema Integrato «ClassyFarm» - GUIDA ALL\'INSERIMENTO DEL CONTROLLO FARMACOSORVEGLIANZA**\n\nIn caso di un secondo controllo per verificare l\'adempimento delle prescrizioni:\n\n1. Compilare un nuovo controllo, inserendo esclusivamente le informazioni necessarie. Per tutte le altre risposte, selezionare l\'opzione NA. (Nota bene: per velocizzare la compilazione, è possibile utilizzare gli aiuti disponibili. Ad esempio, se si desidera compilare l\'area A, selezionare ""No"", quindi cliccare su ""Salva""; in questo modo, tutte le risposte verranno automaticamente contrassegnate come NA. Se è necessario compilare solo una o due risposte, è possibile selezionare ""Sì"" e modificare le informazioni richieste).\n\nSi prega di prestare attenzione: alcune risposte sono comunque obbligatorie per la sezione. Assicurarsi di compilare tali risposte secondo le indicazioni fornite al momento del salvataggio del controllo.\n\n**SECONDO CONTROLLO**  \n29', 'La check-list di controllo è stata consegnata all\'allevatore? È importante registrare la data di chiusura della relazione di controllo. La verifica dell\'esecuzione delle prescrizioni deve essere effettuata alla scadenza del tempo assegnato. I risultati di questo controllo saranno utilizzati per accertare il rispetto degli impegni di condizionalità necessari per l\'erogazione degli aiuti comunitari. In caso di non conformità, l\'esito del controllo sarà elaborato dall\'Organismo Pagatore.\n\nÈ necessario indicare se la check-list è stata consegnata con un ""Sì"" o un ""No"". Inoltre, si deve registrare la data del primo controllo in loco. È fondamentale annotare il nome e cognome del proprietario, detentore o conduttore presente all\'ispezione, insieme alla sua firma. \n\nAnche il nome e cognome del controllore devono essere riportati, insieme alla firma e al timbro del controllore o dei controllori coinvolti. Infine, è richiesta la data della verifica in loco.', '**Sistema Integrato «ClassyFarm» - GUIDA ALL\'INSERIMENTO DEL CONTROLLO FARMACOSORVEGLIANZA**\n\n**PAGINA**  \n**COMPILAZIONE DEL CONTROLLO**  \n**23**\n\n**8. VERIFICA DELLE PRESCRIZIONI**\n\n1. Rispondere a tutte le domande (barrare ""NA"" quando non applicabili, ad esempio, indicare la data delle verifiche delle prescrizioni nel caso in cui non siano state assegnate prescrizioni).\n2. Salvare e procedere alla sezione successiva (2.1).  \n**2.1**  \n**2**  \n**1**', 'Nel documento si fa riferimento alle prescrizioni. Si chiede innanzitutto se siano state assegnate delle prescrizioni, con la possibilità di rispondere ""Sì"" o ""No"". Se la risposta è affermativa, viene richiesto di specificare quali siano le prescrizioni assegnate, lasciando uno spazio per la loro descrizione. Infine, si richiede di indicare entro quale data dovranno essere eseguite.', '**Sistema Integrato «ClassyFarm» - GUIDA ALL\'INSERIMENTO DEL CONTROLLO FARMACOSORVEGLIANZA**\n\n**COMPILAZIONE DEL CONTROLLO**\n\n1. Inserire la data del controllo.\n2. Selezionare dal menù a tendina il tipo di allevamento e l\'indirizzo produttivo.\n3. Cliccare su ""linee genetiche"" e selezionare quelle presenti (3.1. Si prega di notare che, in assenza del dato, è necessario selezionare l\'opzione «Altra») e cliccare su ""aggiorna"" (3.2).\n4. Cliccare su ""salva"" (il questionario è stato creato).', '**Sistema Integrato «ClassyFarm» - GUIDA ALL\'INSERIMENTO DEL CONTROLLO FARMACOSORVEGLIANZA**\n\n**PAGINA 17**\n\n**COMPILAZIONE DEL CONTROLLO**\n\n**2. AREA A – SCORTA DEI MEDICINALI VETERINARI**\n\nQualora non si desideri compilare questa sezione (ad esempio, in caso di un controllo successivo alla verifica delle prescrizioni), è possibile selezionare ""NO"" (1.) alla prima domanda, salvare (2.) e procedere alla sezione successiva (3).\n\nNegli altri casi, selezionare ""SI"" e procedere alla compilazione delle ulteriori domande e campi, quindi salvare e proseguire alla sezione successiva. \n\n1  \n2  \n3', ""[DASHBOARD] **Sistema Integrato «ClassyFarm» - GUIDA ALL'INSERIMENTO DEL CONTROLLO FARMACOSORVEGLIANZA**\n\n**PAGINA 7**\n\n**SCELTA DELL'AMBIENTE**\n\n1. Cliccare su «Dashboard» per accedere alla consultazione dei cruscotti.\n2. Cliccare su «Trasmissione Checklist» per accedere alla compilazione del controllo.\n\n**Nome utente e ruolo selezionato. Cliccare qui per modificare il ruolo.**"", '**Sistema Integrato «ClassyFarm» - GUIDA PER L\'INSERIMENTO DEL CONTROLLO FARMACOSORVEGLIANZA**\n\n**PAGINA**  \n**COMPILAZIONE DEL CONTROLLO**  \n**22**  \n\n**7. PROVVEDIMENTI ADOTTATI**  \n1. Rispondere a tutte le domande (barrare ""NA"" quando non applicabili).  \n2. Salvare e procedere alla sezione successiva (2.1).  \n**2.1**  \n**2**  \n**1**']","Per modificare la data delle prescrizioni in un controllo già compilato, segui questi passaggi:

1. Utilizza la funzione ""Copia"": clicca sul pulsante ""Copia"" e attendi. Questo creerà una copia identica del controllo con tutte le risposte già fornite per quell'azienda.
2. Apporta le modifiche necessarie, inclusa la modifica della data delle prescrizioni.
3. Giustifica la variazione nei campi di testo dedicati.
4. Carica il nuovo controllo.

Assicurati di seguire queste istruzioni per garantire che le modifiche siano registrate correttamente.","Per modificare la data delle prescrizioni in un controllo già compilato bisogna utilizzare la funzione ""Copia"": si clicca sul relativo pulsante e si attende la creazione di una copia del controllo con tutte le risposte già fornite, si effettuano le variazioni necessarie, si giustifica nei campi testo il motivo della variazione e si carica il nuovo controllo.",1.0,0.9843437896239642,0.8333333333055556,1.0,0.9790839445060834,OK,True
"Sto creando un questionario, ho inserito il codice dell’allevamento e ho cliccato ""Cerca"": cosa devo fare per continuare?","[""**SISTEMA QUESTIONARI**\n\n**CREAZIONE DI UN NUOVO QUESTIONARIO**\n\n3. Inserire il codice di allevamento nell'apposita sezione e premere sull'icona di ricerca.  \n4. Attendere il caricamento della schermata successiva e fare clic sull'icona a forma di occhio."", ""**SISTEMA QUESTIONARI**\n\n**CREAZIONE DI UN NUOVO QUESTIONARIO**\n\n3. Inserire il codice di allevamento nell'apposita sezione e premere sull'icona di ricerca.  \n4. Attendere il caricamento della schermata successiva e premere sull'icona a forma di occhio."", '1. Selezionare l\'allevamento di interesse nella parte superiore sinistra dello schermo.  \nNota Bene: Gli allevamenti visualizzati nel menu a tendina sono quelli precedentemente associati nella sezione ""Selezione Azienda"".  \n\n2. Procedere quindi alla compilazione del questionario.  \n\n**Compilazione del Questionario**  \nÈ possibile inserire il codice dell\'allevamento manualmente oppure selezionarlo dal menu a tendina.', '1. Cliccare su ""Nuovo Allevamento"".\n2. Inserire il codice aziendale (es. 001XX001) e fare clic su ""Verifica"".\n   - Il sistema recupererà automaticamente i dati dell\'allevamento.\n3. Selezionare l\'Azienda.', '**8. SISTEMA QUESTIONARI**\n\nÈ possibile creare un nuovo questionario cliccando su ""+ Crea nuovo questionario"".\n\n**CREAZIONE DI UN NUOVO QUESTIONARIO**\n\nATTENZIONE: per i veterinari liberi professionisti, è necessario prima associare l\'allevamento.', '**8. SISTEMA QUESTIONARI**\n\nÈ possibile creare un nuovo questionario selezionando l\'opzione ""+ Crea nuovo questionario"".\n\n**CREAZIONE DI UN NUOVO QUESTIONARIO**\n\nATTENZIONE: per i veterinari liberi professionisti, è necessario prima associare l\'allevamento.', '[DASHBOARD] **14  \nSISTEMA QUESTIONARI**  \n**CARICARE UN QUESTIONARIO**  \nUna volta che il questionario è stato compilato correttamente in tutte le sue parti e si è cliccato sul tasto ""Salva"" situato in fondo alla pagina, apparirà un pulsante giallo per la verifica in alto a destra. Dopo aver selezionato il pulsante giallo, sarà possibile visualizzare il tasto per procedere con il caricamento.  \nI report dei questionari caricati saranno disponibili esclusivamente 48 ore dopo il caricamento nella sezione ""Dashboard"".', ""**Sistema Integrato «ClassyFarm» - GUIDA ALL'INSERIMENTO DEL CONTROLLO REMOTO DEL BENESSERE SUINO**\n\n**COMANDI GENERALI DELL'APP**\n\n- Elenco dei questionari compilati\n- Ricerca libera dei questionari compilati\n- Inizio di un nuovo questionario\n- Funzione di eliminazione del questionario (disponibile solo per quelli non caricati e non completati)\n- Funzione di caricamento del questionario, che consente di terminare il controllo. Questa opzione è disponibile solo quando il questionario è completamente compilato (Nota: l'opzione appare anche al termine del questionario)\n- Funzione di copia del questionario, che consente di duplicare un questionario completo e di procedere con una nuova verifica, mantenendo traccia delle risposte del questionario copiato per lo stesso allevamento. Questa funzione è visibile solo dopo aver completato e caricato il questionario.\n\nCliccare per aprire il questionario incompleto e completare il controllo."", '1. Selezionare l\'allevamento di interesse nella parte superiore sinistra dello schermo.  \nNota Bene: Gli allevamenti visualizzati nel menu a tendina sono quelli associati alla voce ""Selezione Azienda"".  \n\n2. Procedere quindi alla compilazione della checklist.  \n2.1. È possibile inserire il codice dell\'allevamento manualmente oppure selezionarlo dal menu a tendina.  \n\nComunicazione Esito Valutazione.', '**www.classyfarm.it**\n\nLa guida è disponibile per il download cliccando su ""Guida"". \n\nSelezionando ""Dettaglio Risposte"", verrà visualizzata la lista delle risposte ottenute per il questionario selezionato. Nella colonna ""Indic."", il pallino verde indica che il requisito ha ricevuto un giudizio ottimale, il pallino giallo indica un giudizio accettabile, mentre il pallino rosso indica un giudizio insufficiente. Nella colonna ""Rilev. Leg."", la dicitura ""Sì"" indica che il parametro rappresenta un requisito di legge.\n\nCliccando su ""Risp. INSUFFICIENTI"", verrà mostrata la lista delle risposte insufficienti ottenute nell’allevamento selezionato, contrassegnate nella colonna ""Indic."" da un pallino rosso. Nella colonna ""Rilevanza Leg."", la dicitura ""Sì"" indica che il parametro rappresenta un requisito di legge.\n\nCliccando su ""Mappa"", verrà visualizzata l’ubicazione dell’allevamento selezionato, identificato con un pallino nero, e degli allevamenti circostanti, indicati con pallini di colori variabili dal rosso al blu. Spostando il cursore sui pallini, appariranno il codice e le coordinate geografiche degli allevamenti.']","Dopo aver inserito il codice dell’allevamento e cliccato ""Cerca"", devi attendere il caricamento della schermata successiva e poi fare clic sull'icona a forma di occhio per visualizzare i dettagli dell'allevamento. Da lì, puoi procedere con la compilazione del questionario.

⏰ **Nota Temporale**: 48 ore","Dopo aver inserito il codice allevamento nell’apposita sezione e aver cliccato ""Cerca"", bisogna attendere il caricamento della schermata successiva, premere sull’icona a forma di occhio, attendere che la testa del questionario si compili automaticamente, procedere alla compilazione dei soli dati segnati in rosso e infine cliccare su ""Crea questionario"".",0.5,0.6748564489147048,,0.25,0.662939979338256,OK,True
Perché non riesco a eliminare un questionario che ho creato?,"['Il sistema integrato ""ClassyFarm"" offre una guida per l\'inserimento della check-list per la valutazione del rischio relativo al taglio della coda. All\'interno dell\'app, sono disponibili diverse funzioni e comandi generali.\n\nIn primo luogo, è possibile visualizzare un elenco dei questionari già compilati, oltre a effettuare una ricerca libera per trovare specifici questionari completati. Se si desidera iniziare un nuovo questionario, è disponibile un\'apposita funzione per farlo.\n\nIn caso di necessità, è possibile eliminare un questionario, ma questa opzione è limitata ai questionari che non sono stati ancora caricati e che non sono stati completati. Una volta che un questionario è stato completato, è possibile utilizzare la funzione di caricamento, che consente di terminare il controllo. Questa funzione è attivabile solo quando tutte le sezioni del questionario sono state completate e compare anche alla fine del questionario stesso.\n\nIn aggiunta, esiste la funzione di copia del questionario, che consente di duplicare un questionario già completo. Questa opzione è utile per procedere con una nuova verifica mantenendo traccia delle risposte del questionario originale per lo stesso allevamento. È importante notare che questa funzione appare solo dopo aver terminato e caricato il questionario.\n\nInfine, è possibile cliccare per aprire un questionario incompleto e completare il controllo.', 'Il sistema integrato ""ClassyFarm"" offre una guida per l\'inserimento della check-list sul benessere dei riproduttori. Tra le funzionalità principali dell\'app, troviamo un elenco dei questionari già compilati, che consente di visualizzare rapidamente le informazioni inserite. È possibile effettuare una ricerca libera per trovare specifici questionari compilati.\n\nPer avviare un nuovo questionario, l\'utente può selezionare l\'apposita funzione. Inoltre, è prevista la possibilità di eliminare un questionario, ma questa opzione è disponibile solo per i questionari che non sono stati ancora caricati e che non sono stati completati.\n\nUna funzione importante è quella di caricare un questionario, che consente di terminare il controllo. Questa operazione è possibile solo quando il questionario è stato completato in tutte le sue parti; è utile notare che l\'opzione di caricamento appare anche al termine del questionario.\n\nInfine, l\'app offre la funzione di copiare un questionario completo. Questa opzione permette di effettuare una nuova verifica mantenendo traccia delle risposte del questionario originale per lo stesso allevamento. La funzione di copia diventa disponibile solo dopo che il questionario è stato terminato e caricato. Per completare un questionario incompleto, è sufficiente cliccare sull\'apposito pulsante per aprirlo e proseguire con il controllo.', 'Il sistema integrato ""ClassyFarm"" offre una guida per l\'inserimento della check-list relativa al benessere durante le fasi di svezzamento e ingrasso. All\'interno dell\'app, sono disponibili diversi comandi generali che facilitano la gestione dei questionari.\n\nIn primo luogo, è possibile visualizzare un elenco dei questionari già compilati, oltre a effettuare una ricerca libera per trovare specifici questionari completati. Se si desidera iniziare un nuovo questionario, è disponibile un\'apposita funzione per farlo.\n\nInoltre, l\'app consente di eliminare questionari, ma questa operazione è possibile solo per quelli che non sono stati caricati e che non sono stati terminati. Un\'altra funzione utile è quella di caricare un questionario, che permette di completare il controllo. Questa opzione è attivabile solo quando il questionario è stato completamente compilato; è importante notare che la funzione di caricamento compare anche alla fine del questionario.\n\nUn\'altra caratteristica interessante è la possibilità di copiare un questionario già completo. Questa funzione consente di procedere con una nuova verifica mantenendo traccia delle risposte del questionario originale per lo stesso allevamento. Tuttavia, la funzione di copia è disponibile solo dopo aver terminato e caricato il questionario.\n\nInfine, è possibile cliccare per aprire un questionario incompleto e completare il controllo, garantendo così una gestione efficiente e organizzata delle informazioni relative al benessere degli animali.', '**SISTEMA QUESTIONARI**\n\nÈ possibile procedere con l\'eliminazione di un nuovo questionario selezionando l\'opzione ""Azioni"" e successivamente ""Cancella"". In alcune circostanze, prima di poter procedere con la cancellazione del questionario, è necessario modificare una delle risposte e salvare le modifiche. \n\n**ELIMINAZIONE DI UN QUESTIONARIO**', '**18  \nSISTEMA QUESTIONARI**  \nÈ possibile eliminare un nuovo questionario selezionando l\'opzione ""Azioni"" e successivamente ""Copia"".  \n**COPIARE UN QUESTIONARIO**', ""La schermata principale dell'app presenta diverse funzionalità utili per la gestione dei questionari. In primo luogo, è possibile visualizzare un elenco dei questionari già compilati, oltre a effettuare una ricerca libera tra di essi. \n\nSe si desidera iniziare un nuovo questionario, è disponibile un'apposita funzione. Inoltre, è presente la funzione di eliminazione del questionario, che può essere utilizzata solo per quelli che non sono stati caricati e che sono stati terminati. \n\nUn'altra funzionalità importante è quella di caricare un questionario, che consente di completare il controllo. Questa opzione è attivabile solo quando il questionario è completamente compilato e compare anche al termine della compilazione. \n\nIn aggiunta, è possibile copiare un questionario già completo, il che permette di avviare una nuova verifica mantenendo traccia delle risposte del questionario originale per lo stesso allevamento. Questa funzione diventa disponibile solo dopo aver terminato e caricato il questionario. \n\nInfine, è possibile cliccare per aprire un questionario incompleto e completare il controllo."", '**SISTEMA QUESTIONARI**  \n**CREAZIONE DI UN NUOVO QUESTIONARIO**  \n\n5. Attendere che la parte introduttiva del questionario si compili automaticamente. Procedere quindi alla compilazione esclusiva dei dati evidenziati in rosso. Successivamente, fare clic su ""Crea questionario"".', '**SISTEMA QUESTIONARI**  \n**CREAZIONE DI UN NUOVO QUESTIONARIO**  \n\n5. Attendere che la parte introduttiva del questionario si compili automaticamente e procedere alla compilazione esclusiva dei dati evidenziati in rosso. Successivamente, fare clic su ""Crea questionario"".', 'Il pulsante ""Visualizza"" consente esclusivamente di visualizzare il questionario.  \nPer continuare la compilazione, è necessario cliccare su ""Modifica"".  \nPiano di Rientro salvato come bozza.', '**SISTEMA QUESTIONARI**\n\nSelezionare il questionario di interesse, quindi cliccare su ""Azioni"" e successivamente su ""Modifica"". \n\n**MODIFICA DI UN QUESTIONARIO**']","Non riesci a eliminare un questionario che hai creato perché l'opzione di eliminazione è disponibile solo per i questionari che non sono stati ancora caricati e che non sono stati completati. Se il questionario è già stato caricato o completato, non potrai eliminarlo. Assicurati di controllare lo stato del questionario per capire se puoi procedere con l'eliminazione.","Per eliminare un questionario è necessario cliccare su ""Azioni"" e poi ""Cancella"". In alcuni casi, prima di poter cancellare il questionario, è necessario modificare una delle risposte e salvare le modifiche: per farlo si clicca sul questionario di interesse nell’elenco, poi su ""Azioni"" e infine su ""Modifica"".",0.8333333333333334,0.9999999999999999,0.9055555555404629,1.0,0.18752356062095107,OK,True
Quali sono considerati principi attivi critici nell’ambito della DDDAit?,"['Ministero della Salute – Direzione Generale della Sanità Animale e dei Farmaci Veterinari  \nDose Giornaliera Definita per gli Animali in Italia (DDDAit)  \n\nPrincipi attivi ""critici""  \nÈ fondamentale preservare l\'efficacia di ciascun antimicrobico; tuttavia, non tutti i principi attivi rivestono la medesima importanza in relazione all\'antibiotico-resistenza. Alcuni di essi sono di cruciale rilevanza per la medicina umana, classificati come ""di importanza critica"", e la loro efficacia deve essere considerata una priorità.  \n\nAttualmente, non esistono indicazioni univoche per la classificazione delle molecole ""critiche"", e le linee guida delle diverse agenzie nazionali e internazionali possono presentare differenze significative. Pertanto, i criteri adottati dal sistema ClassyFarm sintetizzano quanto stabilito dalle due principali organizzazioni internazionali che si occupano di questa problematica: l\'Organizzazione Mondiale della Sanità (OMS) e l\'Agenzia Europea per i Medicinali (EMA).', 'Ecco la riscrittura del testo in italiano professionale, mantenendo i dati tecnici:\n\n```json\n{\n  ""Categoria"": ""Procedure"",\n  ""Contesto"": ""Vie di somministrazione""\n},\n{\n  ""Domanda"": ""Cosa si intende per \'principi attivi critici\' nel contesto del monitoraggio antimicrobico?"",\n  ""Risposta"": ""I principi attivi critici sono sostanze antimicrobiche ritenute di fondamentale importanza per la medicina umana, secondo le classificazioni dell\'Organizzazione Mondiale della Sanità (OMS) e dell\'Agenzia Europea per i Medicinali (EMA). L\'impiego veterinario di tali principi è soggetto a un monitoraggio prioritario e richiede particolare attenzione."",\n  ""Categoria"": ""Avvertenze"",\n  ""Contesto"": ""Farmaci critici e priorità""\n},\n{\n  ""Domanda"": ""Qual è la gestione dei principi attivi critici all\'interno del sistema ClassyFarm?"",\n  ""Risposta"": ""Il sistema ClassyFarm è in grado di identificare automaticamente i trattamenti contenenti principi attivi critici, evidenziandoli nei report di consumo. Ciò consente di monitorare la frequenza d\'uso e di implementare misure correttive in caso di utilizzo eccessivo."",\n  ""Categoria"": ""Procedure"",\n  ""Contesto"": ""Monitoraggio dei principi attivi critici""\n}\n```', 'Controllo degli infestanti, inclusi piani di derattizzazione con descrizione dei principi attivi impiegati, schede di sicurezza e planimetria con localizzazione delle esche. È prevista la definizione dei limiti critici e delle azioni da intraprendere in caso di superamento di tali limiti, nonché la registrazione dei trattamenti effettuati e delle azioni correttive adottate.', 'Controllo degli infestanti, comprendente piani di derattizzazione con descrizione dei principi attivi impiegati, schede di sicurezza, planimetria con localizzazione delle esche, definizione dei limiti critici e delle azioni da intraprendere in caso di superamento di tali limiti, nonché registrazione dei trattamenti effettuati e delle azioni correttive adottate.', ""Il controllo degli infestanti comprende diverse attività fondamentali. Innanzitutto, si prevede l'implementazione di piani di derattizzazione, nei quali è essenziale fornire una descrizione dettagliata dei principi attivi utilizzati. È importante allegare anche le schede di sicurezza relative a tali sostanze, per garantire un uso sicuro e consapevole.\n\nIn aggiunta, è necessaria una planimetria che indichi la localizzazione delle esche, in modo da facilitare il monitoraggio e l'intervento. Un altro aspetto cruciale è la definizione dei limiti critici, che stabiliscono le soglie oltre le quali è necessario intervenire. Infine, è fondamentale registrare tutti i trattamenti effettuati e le azioni correttive intraprese, per garantire una gestione efficace e documentata del problema infestante."", ""La DCDAit del principio attivo di un determinato farmaco si ottiene moltiplicando la DDDAit per i giorni di trattamento. \n\n**DDDAit**  \nDefined Daily Dose Animal for Italy - rappresenta la dose in milligrammi di principio attivo utilizzata per mantenere in trattamento un chilogrammo di peso vivo nell'arco di ventiquattro ore. Questa dose non corrisponde a quella realmente somministrata in campo, ma piuttosto alla posologia corretta, come definita dal riassunto delle caratteristiche del prodotto (RCP). Tale dose è identificata e distinta per ciascun principio attivo presente nei farmaci antimicrobici veterinari utilizzabili nelle specie incluse nel sistema di monitoraggio.\n\n**EMA**  \nEuropean Medicines Agency\n\n**ESVAC**  \nEuropean Surveillance of Veterinary Antimicrobial Consumption\n\n**OMS**  \nOrganizzazione Mondiale della Sanità\n\n**PA**  \nPrincipio attivo\n\n**PCU**  \nPopulation Correction Unit\n\n**PNCAR**  \n[Nota: il significato di PNCAR non è fornito nel testo originale e potrebbe necessitare di una definizione specifica.]"", ""**Controllo degli Insetti Nocivi**\n\nVerificare l'implementazione di misure destinate al controllo degli infestanti, quali mosche, roditori e parassiti. È stata riscontrata una completa assenza di azioni efficaci per il controllo degli infestanti, con piani di intervento approssimativi (ad esempio, è stata dichiarata la presenza di gatti come unico metodo di lotta contro i roditori).\n\nSi evidenzia la necessità di adottare azioni strutturate per il controllo degli infestanti, che includano piani di derattizzazione dettagliati, con specifica dei principi attivi utilizzati, schede di sicurezza, planimetrie con la localizzazione delle esche, definizione dei limiti critici e delle azioni da intraprendere in caso di superamento di tali limiti, nonché la registrazione dei trattamenti effettuati e delle azioni correttive intraprese.\n\nUn elevato numero di patogeni può essere trasmesso in modo diretto o indiretto tramite roditori, uccelli, cani e gatti, sia dall'esterno dell'allevamento che tra i vari comparti dello stesso. Questi animali possono fungere da serbatoi per patogeni, consentendo così la loro continua circolazione."", ""**Controllo degli Insetti Nocivi**\n\nVerificare l'implementazione di misure destinate al controllo degli infestanti, quali mosche, roditori e parassiti. È stata riscontrata una completa assenza di azioni efficaci per il controllo degli infestanti, con piani di intervento approssimativi (ad esempio, è stata dichiarata la presenza di gatti come unico metodo di lotta contro i roditori).\n\nSi evidenzia la necessità di azioni strutturate per il controllo degli infestanti, in particolare nei luoghi di stoccaggio degli alimenti. Tali misure dovrebbero includere piani di derattizzazione dettagliati, con specifica dei principi attivi utilizzati, schede di sicurezza, planimetrie con la localizzazione delle esche, definizione dei limiti critici e delle azioni da intraprendere in caso di superamento di tali limiti, nonché la registrazione dei trattamenti effettuati e delle azioni correttive adottate.\n\nUn elevato numero di patogeni può essere trasmesso in modo diretto o indiretto tramite roditori, uccelli, cani e gatti, sia dall'esterno dell'allevamento che tra i vari comparti dello stesso. Tali animali rappresentano un potenziale rischio per la salute degli allevamenti."", ""**Categoria:** Avvertenze  \n**Contesto:** Interpretazione dei risultati  \n\n**Domanda:** Chi è responsabile della corretta registrazione dei trattamenti farmacologici?  \n**Risposta:** La responsabilità della corretta registrazione dei trattamenti farmacologici è attribuita al veterinario prescrittore e all'operatore responsabile dell'allevamento. Entrambi devono garantire che i dati siano completi, accurati e inseriti entro i termini stabiliti.  \n**Categoria:** Regole operative  \n**Contesto:** Responsabilità nella registrazione dei trattamenti  \n\n**Domanda:** Come viene aggiornato il database dei principi attivi utilizzati nel calcolo?  \n**Risposta:** Il database dei principi attivi e dei relativi dosaggi di riferimento viene aggiornato periodicamente dal Ministero della Salute in collaborazione con gli Istituti Zooprofilattici. Gli aggiornamenti vengono integrati automaticamente nel sistema ClassyFarm.  \n**Categoria:** Comandi operativi  \n**Contesto:** Aggiornamenti del sistema"", ""La condizione ottimale prevede l'implementazione di azioni strutturate, definite e organiche, finalizzate al controllo degli infestanti. Queste azioni includono, ad esempio, piani di derattizzazione adeguatamente descritti e documentati dagli operatori, accompagnati da verifiche in loco dell'efficacia delle misure adottate. È fondamentale la presenza di un manuale o di istruzioni relative alla lotta contro gli infestanti, contenente una descrizione dei principi attivi utilizzati, schede di sicurezza e planimetrie con la localizzazione delle esche. Inoltre, è necessaria la definizione dei limiti critici e delle azioni da intraprendere in caso di superamento di tali limiti, nonché la registrazione dei trattamenti effettuati e delle azioni correttive intraprese.\n\nDurante lo svolgimento di questa verifica, l'operatore è pertanto tenuto a richiedere e a valutare attivamente le procedure adottate dall'allevatore, accertandosi della loro reale efficacia nella lotta contro roditori e mosche. Infatti, qualora durante la visita emergessero...""]","I principi attivi critici nell'ambito della DDDAit sono sostanze antimicrobiche di fondamentale importanza per la medicina umana, classificate come ""di importanza critica"" dall'Organizzazione Mondiale della Sanità (OMS) e dall'Agenzia Europea per i Medicinali (EMA). L'uso veterinario di tali principi è soggetto a un monitoraggio prioritario per preservare la loro efficacia e combattere l'antibiotico-resistenza.","Non sono disponibili indicazioni univoche per la classificazione delle molecole critiche e le linee guida delle agenzie nazionali e internazionali possono divergere. ClassyFarm adotta i seguenti criteri: i principi attivi sono critici quando fanno parte di una classe di antimicrobici che soddisfa due condizioni, essere classificata dall’OMS come HP-CIA e dall’EMA come categoria 2. I consumi di principi attivi sono considerati critici quando le molecole somministrate appartengono alle seguenti classi: cefalosporine di III e IV generazione, fluorchinoloni, polimixine.",1.0,0.9164838265541896,,1.0,0.16797315021165732,OK,True
Per cosa sta BDN?,"['[ASSISTENZA_TELEFONICA] Il Decreto Legislativo 134/2022, all\'articolo 9 comma 10, stabilisce che per la generazione del registro delle attività nella BDN (Banca Dati Nazionale), tale registro sostituisce qualsiasi altro registro aziendale, sia esso cartaceo o su altro supporto, relativo all\'identificazione e registrazione degli animali.\n\nIn merito al Decreto Legislativo 136/2022, si evidenziano alcuni articoli significativi. L\'articolo 6 tratta della notifica e comunicazione delle malattie all\'Autorità competente. Inoltre, l\'articolo 11 comma 4 specifica che gli operatori, nel caso in cui le funzionalità informatiche necessarie per il loro tipo di stabilimento non siano ancora disponibili nel sistema ""ClassyFarm.it"", devono adempiere agli obblighi previsti dal decreto mantenendo, per un periodo di cinque anni, la documentazione in modalità elettronica o cartacea. Questa documentazione deve contenere almeno le informazioni indicate nell\'allegato 3 del decreto. Infine, l\'allegato 3 si occupa dell\'individuazione, registrazione e segnalazione delle mortalità anomale.', 'L\'operatore è responsabile della registrazione in BDN (Banca Dati Nazionale) di tutte le informazioni relative agli animali, che devono essere identificati singolarmente, nonché per le partite, gli insiemi e i gruppi di animali. Questa registrazione deve avvenire nei tempi e con le modalità stabilite nel manuale operativo, e serve anche per generare il registro delle attività svolte nella stessa BDN. È importante notare che questo registro elettronico sostituisce qualsiasi altro tipo di registro aziendale, sia cartaceo che su altri supporti, riguardante l\'identificazione e la registrazione degli animali.\n\nInoltre, nel caso in cui le funzionalità informatiche specifiche per il tipo di stabilimento di cui sono responsabili non siano ancora disponibili nel sistema ""ClassyFarm.it"", gli operatori devono comunque adempiere agli obblighi previsti. In tal caso, devono mantenere la documentazione in modalità elettronica o cartacea per un periodo di cinque anni, assicurandosi di includere almeno le informazioni indicate nell\'allegato 3 del decreto in questione.', 'Il D. Lgs. 134/2022, all\'articolo 9 comma 10, stabilisce che per la generazione del registro delle attività nella BDN (Banca Dati Nazionale), tale registro sostituisce qualsiasi altro registro aziendale, sia cartaceo che digitale, relativo all\'identificazione e registrazione degli animali.\n\nIn merito al D. Lgs. 136/2022, si evidenziano alcuni articoli significativi. L\'articolo 6 tratta della notifica e comunicazione delle malattie all\'Autorità competente. Inoltre, l\'articolo 11 comma 4 specifica che gli operatori, nel caso in cui le funzionalità informatiche necessarie per il loro tipo di stabilimento non siano ancora disponibili nel sistema ""ClassyFarm.it"", devono adempiere agli obblighi previsti dal decreto mantenendo, per un periodo di cinque anni, la documentazione in modalità elettronica o cartacea. Questa documentazione deve contenere almeno le informazioni indicate nell\'allegato 3 del decreto.\n\nInfine, l\'allegato 3 si occupa dell\'individuazione, registrazione e segnalazione delle mortalità anomale. \n\nUn elemento di verifica importante è la tenuta delle registrazioni dei dati.', ""[ASSISTENZA_TELEFONICA] Il D.Lgs. 134/2022, all'articolo 9, comma 10, stabilisce che l'operatore è responsabile della registrazione in BDN (Banca Dati Nazionale) di tutte le informazioni relative agli animali identificati singolarmente, alle partite, agli insiemi e ai gruppi di animali. Questa registrazione deve includere anche gli eventi che riguardano gli animali, seguendo i tempi e le modalità specificate nel presente articolo e nel manuale operativo. È importante notare che il registro generato nella BDN sostituisce qualsiasi altro registro aziendale, sia esso cartaceo o su altro supporto, che riguardi l'identificazione e la registrazione degli animali. Inoltre, si fa riferimento a disposizioni dell'autorità competente che possono essere attuate durante le ispezioni o su richiesta. Si precisa che i riferimenti al D.P.R. 8 febbraio 1954, n. 320, attualmente abrogato, devono essere interpretati come relativi ai corrispondenti articoli dei decreti legislativi 5 agosto 2022, n. 134 e n. 136."", 'Il documento fornisce informazioni riguardanti la registrazione della mortalità anomala e la gestione delle informazioni nel contesto del D. Lgs. 5 agosto 2022, n. 136. \n\nIn primo luogo, si conferma che non ci sono evidenze di mortalità anomala non registrata, come richiesto dalla normativa. Inoltre, è presente un registro di carico e scarico nella BDN (Banca Dati Nazionale), dove le informazioni vengono correttamente registrate. Non si segnalano episodi di mortalità anomala non registrati.\n\nTuttavia, è importante annotare eventuali rilievi riguardanti la mortalità anomala non registrata o la mancanza di registrazioni delle informazioni nella BDN, per garantire la trasparenza e la conformità alle normative vigenti.', 'Il testo fornisce informazioni riguardanti la registrazione di mortalità anomale e la gestione delle informazioni nel contesto del D. Lgs. 5 agosto 2022, n. 136. \n\nIn primo luogo, si conferma che non ci sono evidenze di mortalità anomale non registrate, come indicato dalla risposta affermativa ""SI"". \n\nIn secondo luogo, si specifica che nel sistema di BDN (Banca Dati Nazionale) è presente un registro di carico e scarico. Le informazioni vengono registrate in modo corretto e non si segnalano episodi di mortalità anomale non registrate, come evidenziato dalla risposta ""SI"".\n\nTuttavia, è presente un\'indicazione di ""NO"" per la categoria C, seguita da un ""N.A."" (non applicabile) e un segnaposto ""XXXXXXXXX"", che potrebbe indicare la necessità di ulteriori chiarimenti o informazioni.\n\nInfine, si invita a annotare eventuali rilievi riguardanti mortalità anomale non registrate o la mancanza di registrazioni delle informazioni nel sistema BDN.', 'Il Decreto Legislativo 134, articolo 9, comma 10, stabilisce che l\'operatore è responsabile della registrazione in BDN (Banca Dati Nazionale) di tutte le informazioni relative agli animali identificati singolarmente, alle partite, agli insiemi e ai gruppi di animali. Questa registrazione deve includere anche gli eventi che riguardano gli animali, seguendo i tempi e le modalità previste dal presente articolo e dal manuale operativo. È importante notare che il registro generato nella BDN sostituisce qualsiasi altro registro aziendale, sia cartaceo che su altri supporti, riguardante l\'identificazione e la registrazione degli animali.\n\nIn aggiunta, il Decreto Legislativo 136/2022, articolo 6, tratta della notifica e comunicazione delle malattie all\'Autorità competente. In particolare, l\'articolo 11, comma 4, specifica che gli operatori devono agire nel caso in cui le funzionalità informatiche necessarie per la tipologia di stabilimento non siano ancora disponibili nel sistema ""ClassyFarm.it"".', '**Contesto**: ""Base di calcolo ClassyFarm""\n\n1. **Termine**: RCP (Riassunto delle Caratteristiche del Prodotto)  \n   **Definizione**: Documento ufficiale approvato per ciascun medicinale veterinario, contenente informazioni su dosi, posologie, durata del trattamento e specie target. Rappresenta la base tecnica per la definizione delle DDDAit.  \n   **Categoria**: Regolamentazione farmaci  \n   **Contesto**: Definizione dei parametri nazionali  \n\n2. **Termine**: BDN (Banca Dati Nazionale)  \n   **Definizione**: Sistema informativo nazionale che raccoglie i dati anagrafici e produttivi degli allevamenti. Fornisce informazioni sulla biomassa animale utilizzate per i calcoli delle DDDAit e DCDAit.  \n   **Categoria**: Banche dati  \n   **Contesto**: Riferimento per ClassyFarm e farmacovigilanza  \n\n3. **Termine**: ClassyFarm  \n   **Definizione**: [Definizione da completare]  \n   **Categoria**: [Categoria da completare]  \n   **Contesto**: [Contesto da completare]', 'Ecco la riscrittura del testo in italiano professionale, mantenendo i dati tecnici:\n\n```json\n{\n  ""Categoria"": ""Procedure"",\n  ""Contesto"": ""Prodotti intramammari""\n},\n{\n  ""Domanda"": ""Qual è la gestione dei prodotti intrauterini nel sistema di calcolo?"",\n  ""Risposta"": ""Per i prodotti intrauterini, la DDDAit corrisponde alla quantità di principio attivo per ciascun trattamento. In questo caso, non si applica il peso vivo standard, ma si considera il numero di somministrazioni registrate nel periodo di riferimento."",\n  ""Categoria"": ""Procedure"",\n  ""Contesto"": ""Prodotti intrauterini""\n},\n{\n  ""Domanda"": ""Qual è il metodo di calcolo della DDDAit per i medicinali a uso orale e iniettabile?"",\n  ""Risposta"": ""Per i medicinali orali e iniettabili, la DDDAit è calcolata sulla base della posologia media giornaliera indicata nel RCP, espressa in mg/kg di peso vivo. Il sistema ClassyFarm applica la dose standardizzata nazionale per ciascun principio attivo."",\n  ""Categoria"": ""Procedure"",\n  ""Contesto"": ""Vie di somministrazione""\n}\n```', '**www.classyfarm.it**\n\n**Filtro per Regione/ASL**  \n**Filtro per anno/specie/regione e versione-tipologia di questionario (2020 e 2022)**\n\n**Riepilogo della specie, anno e tipo di questionario selezionati**  \nGrafico riepilogativo del totale delle risposte NON CONFORMI suddivise per area.  \n\n**Indicatori grafici** con confronto tra i dati selezionati e il totale nazionale, a parità di specie/anno/tipologia di questionario.  \n\n**Media dei punteggi delle checklist** della selezione rispetto al dato medio nazionale per la stessa tipologia di checklist/anno/specie.  \n\n**Farmacosorveglianza Aggregato**']","BDN sta per **Banca Dati Nazionale**, un sistema informativo nazionale che raccoglie i dati anagrafici e produttivi degli allevamenti.",BDN sta per Banca dati nazionale.,1.0,0.7971254164254846,,1.0,0.5006152170858061,OK,True
Quali sono le aree in cui vengono divisi gli elementi di valutazione della check-list ufficiale?,"[""Il testo discute la possibilità di effettuare valutazioni a campione all'interno delle diverse categorie di animali, come ad esempio quelli di età differente. Questa pratica è particolarmente utile quando le strutture e le attrezzature sono molto simili tra loro. Tuttavia, se gli ambienti e i ricoveri per la stessa categoria di animali presentano notevoli differenze, è necessario ripetere le misurazioni per garantire l'accuratezza dei risultati. La scelta del metodo di valutazione deve essere documentata nella sezione della check list dedicata alla raccolta delle evidenze, specificando quale approccio campionario è stato utilizzato.\n\nIn merito ai criteri di valutazione per i requisiti del controllo ufficiale, le attività di osservazione e rilevazione condotte dal veterinario ufficiale riguardano parametri stabiliti dalle normative. Queste attività sono suddivise in diverse opzioni di scelta, come indicato nella Tabella 1, che fornisce una legenda per le non conformità. \n\nLa tabella classifica la non conformità su una scala e livello specifici, con le seguenti azioni intraprese dall'autorità competente: nel caso di conformità, non vengono intraprese azioni; per la categoria A, che rappresenta una non conformità minore, si procede con ulteriori valutazioni."", ""La check list elaborata si basa su un'analisi approfondita di due gruppi di dati fondamentali. Il primo gruppo comprende i dati previsti dal Decreto Legislativo 146/2001, i quali sono collegati ai pericoli derivanti dalle condizioni ambientali. Questi dati riguardano aspetti come la gestione, le strutture, le attrezzature e le condizioni microclimatiche. Il secondo gruppo di dati è costituito dai principali indicatori diretti di benessere animale, noti come animal-based measures (ABMs), che sono stati identificati nella più recente letteratura scientifica.\n\nNella check list, i parametri relativi al primo gruppo sono organizzati in base alle categorie di non conformità stabilite dalla Decisione della Commissione 2006/778/CE, datata 14 novembre 2006. Questa decisione si riferisce ai requisiti minimi da applicare nella raccolta di informazioni durante le ispezioni nei luoghi di produzione in cui vengono allevate determinate specie di animali, come specificato nell'articolo 3, punto c), e nell'allegato II. È importante notare che questa Decisione è stata abrogata con l'entrata in vigore di nuove normative."", ""La check list per il controllo ufficiale del benessere animale è un documento fondamentale utilizzato durante le ispezioni o gli audit. Essa è strutturata in diverse sezioni, che permettono di verificare la conformità o la non conformità rispetto ai requisiti stabiliti dalla normativa vigente. Questo strumento è utile anche per accertare il rispetto dei criteri di condizionalità.\n\nInoltre, la raccolta di dati sul benessere animale si integra con le informazioni presenti nel BDN (Banca Dati Nazionale), le valutazioni effettuate dai veterinari aziendali durante l'autocontrollo tramite la check list ClassyFarm e le informazioni provenienti dai macelli. Tutti questi elementi contribuiscono a definire il livello di rischio complessivo dell'azienda sottoposta a controllo.\n\nIl livello di rischio, supportato da un'analisi dettagliata per ciascuna area tematica, consente di effettuare un confronto con le medie provinciali, regionali e nazionali. La parte iniziale della check list è dedicata alla raccolta di informazioni, che non sono valide per il... (il testo sembra essere incompleto)."", ""La check list per il controllo ufficiale del benessere animale è un documento fondamentale utilizzato durante le ispezioni o gli audit. Essa è strutturata in diverse sezioni, che permettono di verificare la conformità o la non conformità rispetto ai requisiti stabiliti dalla normativa vigente. Questa verifica è importante anche per accertare il rispetto dei criteri di condizionalità.\n\nInoltre, la raccolta di dati sul benessere animale si integra con le informazioni presenti nel BDN (Banca Dati Nazionale), le valutazioni effettuate dai veterinari aziendali durante l'autocontrollo tramite la check list ClassyFarm e le informazioni provenienti dai macelli. Tutti questi elementi contribuiscono a definire il livello di rischio complessivo dell'azienda sottoposta a controllo.\n\nIl livello di rischio, che è supportato da un'analisi dettagliata per ogni area tematica, consente di effettuare un confronto con le medie provinciali, regionali e nazionali. La parte iniziale della check list è dedicata alla raccolta di informazioni, che non sono valide per il... (il testo sembra essere incompleto)."", ""La check list per il controllo ufficiale del benessere animale è un documento fondamentale utilizzato durante le ispezioni o gli audit. Essa è strutturata in diverse sezioni, che permettono di verificare la conformità o la non conformità rispetto ai requisiti normativi specifici del settore. Questo strumento è utile anche per accertare il rispetto dei criteri di condizionalità.\n\nInoltre, la check list raccoglie dati sul benessere animale che si integrano con le informazioni presenti nel BDN (Banca Dati Nazionale), le valutazioni effettuate dai veterinari aziendali durante l'autocontrollo tramite la check list ClassyFarm e le informazioni provenienti dai macelli. Tutti questi elementi contribuiscono a definire il livello di rischio complessivo dell'azienda sottoposta a controllo.\n\nIl livello di rischio, che è supportato da un'analisi dettagliata per ogni area tematica, consente di effettuare un confronto con le medie provinciali, regionali e nazionali. La parte iniziale della check list è quindi dedicata alla raccolta di informazioni, che non sono valide per..."", ""Il testo discute l'importanza di una check list per l'allevamento, che si basa su raccomandazioni provenienti da report e pubblicazioni scientifiche di enti e gruppi di ricerca europei, tra cui l'Autorità Europea per la Sicurezza Alimentare (EFSA). \n\nQuesta check list è strutturata attorno all'analisi di due gruppi di dati. Il primo gruppo comprende i dati previsti dai Decreti Legislativi 146/2001 e 267/2003, i quali si concentrano sui pericoli derivanti dalle condizioni ambientali, come la gestione, le strutture, le attrezzature e le condizioni microclimatiche. Il secondo gruppo di dati è costituito da un importante indicatore diretto di benessere animale, noto come animal-based measure (ABM).\n\nI parametri del primo gruppo sono organizzati nella check list in base alle categorie di non conformità stabilite dalla Decisione della Commissione 2006/778/CE del 14 novembre 2006. Questa decisione riguarda i requisiti minimi per la raccolta di informazioni durante le ispezioni nei luoghi di produzione in cui vengono allevate determinate specie di animali, come specificato nell'articolo 3, punto c) e nell'allegato II."", ""La nuova check-list di farmacovigilanza, contenuta nel manuale operativo 1.3, ha come obiettivo principale quello di semplificare il sistema dei controlli ufficiali a livello nazionale, perseguendo al contempo l'armonizzazione delle procedure. È importante notare che le spese relative ai controlli derivanti da rilievi di non conformità sono a carico degli operatori, come stabilito dal decreto legislativo del 2 febbraio 2021, n. 32.\n\nPer quanto riguarda la valutazione degli elementi di verifica, durante i controlli effettuati con l'ausilio della check-list, si deve considerare un arco temporale di riferimento degli ultimi 12 mesi. Le aree di verifica, denominate A, B e C, si riferiscono a indicazioni normative cogenti. In base ai risultati delle verifiche, è possibile fornire diverse risposte, che devono sempre essere supportate da evidenze raccolte. Le risposte possono essere:\n\n- SÌ, che indica conformità;\n- no, che segnala una non conformità minore;\n- NO, che indica una non conformità maggiore;\n- NA, che significa non applicabile.\n\nNel caso di una non conformità minore, generalmente si prevede una semplice prescrizione, ma è fondamentale che ogni valutazione sia accompagnata da adeguate evidenze."", 'Il testo descrive un sistema di categorizzazione per strutture e attrezzature, in particolare nelle aree designate per i grandi rischi e i sistemi di allarme, nonché nell\'Area C – ABMs. L\'obiettivo è garantire che i dati raccolti durante i controlli ufficiali siano integrati nel sistema generale di categorizzazione.\n\nPer ogni struttura o attrezzatura, vengono definiti diversi elementi chiave:\n\n1. **Requisito specifico**: Questo include, ad esempio, il numero di addetti responsabili della cura degli animali.\n   \n2. **Riferimenti normativi**: Questi sono espressi in modo esteso e tra virgolette, fornendo un quadro normativo chiaro.\n\n3. **Linee guida per la valutazione**: Viene fornita una sintesi delle modalità con cui eseguire la valutazione dei requisiti.\n\n4. **Descrizione del livello di conformità**: Qui si specifica se la struttura o l\'attrezzatura è conforme, non conforme o se soddisfa requisiti superiori al livello minimo.\n\nIn aggiunta a questa sezione, che riassume le informazioni che saranno trattate in modo più dettagliato nel manuale, è presente un box evidenziato contenente una domanda relativa al requisito specifico, come ad esempio: ""Gli animali sono accuditi da un numero sufficiente di addetti?""', ""Il testo discute l'importanza di una check list per l'allevamento degli animali, basata su raccomandazioni provenienti da report e pubblicazioni scientifiche di enti europei, come l'Autorità Europea per la Sicurezza Alimentare (EFSA). Questa check list si fonda sull'analisi di due gruppi di dati.\n\nIl primo gruppo di dati è costituito da quelli previsti dai Decreti Legislativi 146/2001 e 181/2010, che si concentrano sui pericoli derivanti dalle condizioni ambientali. Questi includono aspetti come la gestione, le strutture, le attrezzature e le condizioni microclimatiche. \n\nIl secondo gruppo di dati è rappresentato da un importante indicatore diretto di benessere animale, noto come animal-based measure (ABM). \n\nI parametri del primo gruppo sono organizzati nella check list in base alle categorie di non conformità stabilite dalla Decisione della Commissione 2006/778/CE del 14 novembre 2006. Questa decisione riguarda i requisiti minimi per la raccolta di informazioni durante le ispezioni nei luoghi di produzione in cui vengono allevate determinate specie di animali, come specificato nell'articolo 3, punto c) e nell'allegato II.""]","Gli elementi di valutazione della check-list ufficiale sono divisi in diverse aree, denominate A, B e C. Queste aree si riferiscono a indicazioni normative cogenti e sono utilizzate durante i controlli effettuati con l'ausilio della check-list.",Gli elementi di valutazione della check-list ufficiale sono suddivisi nelle seguenti aree: Area A. Management aziendale; Area B. Strutture ed attrezzature; Area Grandi rischi e sistemi di allarme; Area C. Animal-based measures.,1.0,0.885089139571245,0.4634920634827936,0.75,0.5016247207164028,OK,True
Perché i liquami rappresentano una fonte di rischio?,"[""La verifica riguarda l'uso dei terreni adiacenti all'azienda per lo spandimento di liquami provenienti da altre aziende. È fondamentale considerare che i liquami possono costituire una significativa fonte di rischio per la diffusione di agenti patogeni all'interno dell'allevamento. Infatti, il contatto, sia diretto che indiretto, con liquami di altre aziende può facilitare la trasmissione di malattie tra allevamenti, anche in assenza di movimentazione di animali.\n\nPertanto, lo spargimento di liquami provenienti da aziende terze nelle vicinanze dell'allevamento rappresenta un serio fattore di rischio per la biosicurezza. Per questo motivo, è essenziale evitare tale pratica. È necessario valutare la prossimità dei terreni non di proprietà dell'allevamento e accertarsi che in essi non vengano smaltiti liquami di altre aziende suinicole."", ""**53**  \n**49. I terreni adiacenti all'azienda sono utilizzati per lo spandimento di liquami provenienti da altre aziende?**\n\n**Elemento di verifica:**  \n**I terreni adiacenti all'azienda sono utilizzati per lo spandimento di liquami provenienti da altre aziende?**  \nI liquami costituiscono una significativa fonte di rischio per la diffusione di agenti patogeni all'interno dell'allevamento. In particolare, il contatto diretto o indiretto con liquami provenienti da altre aziende può facilitare la trasmissione di malattie tra allevamenti, anche in assenza di movimentazione di animali. Pertanto, lo spargimento di liquami provenienti da aziende terze nelle vicinanze dell'allevamento rappresenta un importante fattore di rischio per la biosicurezza e dovrebbe essere evitato. È fondamentale valutare la prossimità di terreni non di proprietà dell'allevamento e verificare che in essi non venga effettuato lo smaltimento di liquami di altre aziende suinicole."", ""La posizione dell'allevamento, situata nelle immediate vicinanze dell'area di stabulazione degli animali, implica che anche il camion incaricato dello smaltimento dei liquami debba transitare in tale zona, rappresentando un potenziale fattore di rischio per la biosicurezza dell'allevamento. È necessario verificare la localizzazione della vasca di stoccaggio dei liquami e valutare se il percorso del veicolo per lo smaltimento attraversa l'area di stabulazione degli animali. \n\nEsistono ingressi dedicati per le operazioni di trasporto dei liquami, distinti da quelli utilizzati per l'area di stabulazione e gestione degli animali? \nSÌ \nNO"", 'Il testo discute la gestione della biosicurezza in un allevamento, in particolare riguardo al transito dei veicoli adibiti allo smaltimento dei liquami. È importante che il camion non transiti nelle vicinanze dell\'area di stabulazione degli animali, poiché ciò rappresenta un rischio per la biosicurezza. Pertanto, è necessario verificare la posizione della vasca di stoccaggio dei liquami e valutare se il percorso del veicolo per lo smaltimento passa vicino all\'area di stabulazione.\n\nInoltre, si pone una domanda riguardo alla presenza di ingressi separati per le operazioni di trasporto dei liquami, distinti da quelli utilizzati per l\'area di stabulazione e gestione degli animali. Le risposte possibili a questa domanda sono ""SÌ"" o ""NO"".', 'Il testo discute la gestione della biosicurezza in un allevamento, in particolare riguardo al transito dei veicoli adibiti allo smaltimento dei liquami. È importante che il camion non transiti nelle vicinanze dell\'area di stabulazione degli animali, poiché ciò rappresenta un rischio per la biosicurezza. Pertanto, è necessario:\n\n1. Verificare la posizione della vasca di stoccaggio dei liquami.\n2. Valutare se il percorso del veicolo per lo smaltimento dei liquami passa vicino all\'area di stabulazione degli animali.\n3. Accertarsi se esistono ingressi separati per le operazioni di trasporto dei liquami, distinti da quelli utilizzati per l\'area di stabulazione e gestione degli animali.\n\nLe risposte a queste domande possono essere ""SÌ"" o ""NO"".', '""""""Smaltimento di liquami provenienti da altre aziende suinicole. \nI terreni adiacenti all\'azienda vengono utilizzati per lo spandimento di liquami provenienti da altre aziende? \nSÌ \nNO \nN/A""""""', ""L'azienda in questione smaltisce liquami provenienti da altre aziende suinicole. Per quanto riguarda l'uso dei terreni adiacenti all'azienda, si pone la seguente domanda: sono utilizzati per lo spandimento di liquami provenienti da altre aziende? Le risposte possibili a questa domanda sono: SÌ, NO o N/A (non applicabile)."", 'Il Regolamento di esecuzione (UE) 2023/594 della Commissione, all\'allegato III, punto 2, comma i), stabilisce che è necessario verificare l\'esistenza di ingressi per le operazioni di trasporto dei liquami, distinti da quelli dell\'area di stabulazione e governo degli animali. \n\nIn particolare, i liquami devono essere convogliati in una zona di stoccaggio esterna all\'allevamento. È fondamentale che siano presenti tubature specifiche per l\'allevamento stesso, al fine di evitare l\'uso di tubature appartenenti alla ditta incaricata dello smaltimento dei liquami. Queste ultime potrebbero infatti essere state in contatto, anche di recente, con liquami provenienti da altri allevamenti. \n\nInoltre, è importante considerare che l\'ubicazione della vasca di stoccaggio dovrebbe essere situata nella ""zona pulita"" dell\'allevamento, ossia in prossimità dell\'area di stabulazione degli animali. Questo accorgimento è essenziale per garantire la separazione e la gestione adeguata dei liquami, contribuendo così a mantenere standard igienici elevati.', 'Il Regolamento di esecuzione (UE) 2023/594 della Commissione, all\'allegato III, punto 2, comma i), stabilisce che è necessario verificare l\'esistenza di ingressi per le operazioni di trasporto dei liquami, distinti da quelli dell\'area di stabulazione e governo degli animali. \n\nIn particolare, i liquami devono essere convogliati in una zona di stoccaggio esterna all\'allevamento. È consigliabile che siano presenti tubature specifiche per l\'allevamento stesso, al fine di evitare l\'uso di tubature appartenenti alla ditta incaricata dello smaltimento dei liquami. Queste ultime potrebbero infatti essere state in contatto, anche di recente, con liquami provenienti da altri allevamenti. \n\nInoltre, è importante che la vasca di stoccaggio sia ubicata nella ""zona pulita"" dell\'allevamento, ossia in prossimità dell\'area di stabulazione degli animali, per garantire una gestione adeguata e sicura dei liquami.', '**RIFERIMENTO NORMATIVO: 122/2011 Allegato Parte II Lettera B, Punto 3. CL Min. 21.b**\n\n""Nella settimana antecedente al parto previsto, le scrofe e le scrofette devono avere accesso a una lettiera adeguata in quantità sufficiente, salvo che ciò non sia tecnicamente realizzabile in base al sistema di smaltimento dei liquami adottato nello stabilimento."" È necessario verificare la disponibilità di materiali.\n\n- Assenza di protezioni per i suinetti e/o mancanza di spazio sufficiente per l\'allattamento senza difficoltà.\n- Presenza di protezioni per i suinetti e disponibilità di spazio adeguato per l\'allattamento senza difficoltà.\n- Lettiera assente o insufficiente.\n\n**LIBERTÀ DI MOVIMENTO - Conformità delle pavimentazioni per suinetti, lattonzoli e fonte di calore**\n\n**RIFERIMENTO NORMATIVO: 122/2011 Allegato Parte II Lettera A, Punto 1. CL Min. 20.b**\n\n**PAVIMENTAZIONI - Spazio disponibile per i verri**\n\n""Una porzione del pavimento deve essere sufficientemente ampia per consentire agli animali di riposare insieme contemporaneamente.""']","I liquami rappresentano una significativa fonte di rischio per la diffusione di agenti patogeni all'interno degli allevamenti. Il contatto, sia diretto che indiretto, con liquami provenienti da altre aziende può facilitare la trasmissione di malattie tra allevamenti, anche in assenza di movimentazione di animali. Pertanto, lo spargimento di liquami di aziende terze nelle vicinanze dell'allevamento deve essere evitato per garantire la biosicurezza. È fondamentale valutare la prossimità dei terreni non di proprietà dell'allevamento e accertarsi che in essi non vengano smaltiti liquami di altre aziende suinicole.",I liquami rappresentano una rilevante fonte di rischio per la diffusione degli agenti patogeni all’interno dell’allevamento. Il contatto diretto o indiretto con liquami provenienti da altre aziende può favorire la trasmissione di malattie tra allevamenti anche senza la movimentazione di animali.,1.0,0.7819210650627942,,1.0,0.7777122213770484,OK,True
In caso di soccida chi può fare richiesta di abilitazione con il ruolo di Operatore?,"[""**MODULO DI RICHIESTA DI ACCESSO AL SISTEMA CLASSYFARM CON RUOLO DI OPERATORE**\n\nIl sottoscritto, Signor (Cognome e Nome): ______________________________________,  \nin possesso del seguente Codice Fiscale: ____________________,  \nin qualità di operatore ai sensi del Regolamento (UE) 2016/429 dell'Azienda ____________________,  \ncon sede in _____________________, con attuale codice fiscale/partita IVA _______________________  \ne codice aziendale BDN: ______________,  \n\nDICHIARA  \n\n- di essere in possesso e di fornire i seguenti recapiti:  \n  - e-mail (NO PEC): ____________________________________,  \n  - telefono cellulare: ___________________.  \n\n- di essere in possesso della seguente Username Vetinfo: _______________, oppure di non essere in possesso della Username di Vetinfo e di richiederla contestualmente (barrare la parte non necessaria).  \n\n- di accettare le condizioni del servizio.  \n\n- di essere consapevole che i dati personali appena comunicati saranno trattati in conformità alla normativa vigente."", 'Il testo riguarda la stabulazione fissa per bovini da latte e analizza i livelli di conformità in relazione al numero di addetti necessari per la gestione degli animali in lattazione.\n\nIn primo luogo, si evidenzia che il livello di non conformità è ottimale. Tuttavia, si specificano le condizioni in cui si può considerare insufficiente il numero di operatori. Se la mungitura è eseguita da altri, è necessario avere un operatore per più di 120 animali totali. In alternativa, se la mungitura avviene tramite lattodotto, un operatore deve gestire più di 100 animali totali e i relativi 50 capi in lattazione. Infine, nel caso di mungitura a secchio, un operatore non dovrebbe gestire più di 80 animali totali e i relativi 40 capi in lattazione.\n\nPer quanto riguarda il numero accettabile di addetti, si stabilisce che un operatore può gestire tra 80 e 120 animali, sempre nel caso in cui la mungitura sia eseguita da altri. Se si utilizza il lattodotto, un operatore può occuparsi di circa 50-100 animali totali e dei relativi 25-50 capi in lattazione. Infine, nel caso di mungitura a secchio, un operatore dovrebbe gestire circa 40-80 animali totali e i relativi 20-40 capi in lattazione.\n\nIn sintesi, il testo delinea chiaramente le soglie di conformità e non conformità in relazione al numero di addetti per la gestione dei bovini da latte in stabulazione fissa.', '**Sistema Integrato «ClassyFarm» - Guida per l\'Operatore e i suoi Delegati**\n\n**RICHIESTA DI PROFILO**  \n**Delegato da Singolo Operatore**  \n\nLa richiesta di accesso con la qualifica di Delegato da singolo operatore deve essere redatta e inviata al Ministero della Salute, con copia conoscenza all\'indirizzo info@classyfarm.it. Le modalità e la documentazione necessaria sono disponibili nella sezione ""OPERATORE E SUOI DELEGATI"" sul sito www.classyfarm.it. \n\nIl Delegato da singolo operatore è tenuto a comunicare, attraverso i canali sopra indicati, la cessazione della delega.', '**Sistema Integrato «ClassyFarm» - Guida per l\'Operatore e i suoi Delegati**\n\n**RICHIESTA DI PROFILO**  \n**Operatore**  \nLa richiesta di accesso con la qualifica di Operatore deve essere redatta e inviata direttamente all\'indirizzo email info@classyfarm.it, seguendo le modalità e i documenti indicati nella sezione ""OPERATORE E SUOI DELEGATI"" presente sul sito www.classyfarm.it.', ""**Sistema Integrato «ClassyFarm» - Guida per l'Operatore e i suoi Delegati**\n\n**PAG**\n\n**GUIDA ILLUSTRATA PER L'OPERATORE E IL DELEGATO**\n\n- Richiesta di Profilo per l'Operatore\n- Nomina del Ruolo di Delegato da parte di un Singolo Operatore\n- Nomina del Ruolo di Delegato da parte di più Operatori\n- Accesso al Ruolo di Operatore\n- Accesso al Ruolo di Delegato da parte di un Singolo Operatore\n- Accesso e Caricamento delle Autorizzazioni per il Ruolo di Delegato da parte di più Operatori\n\n**7**"", ""Il numero di addetti necessari per la gestione degli animali varia in base a diversi fattori, tra cui il metodo di mungitura e il numero totale di animali. \n\nIn primo luogo, si può considerare un numero non sufficiente di addetti, che si verifica quando un operatore si occupa di più di 120 animali totali, nel caso in cui la mungitura sia eseguita da altri. In alternativa, si ha un numero non sufficiente anche se un operatore gestisce più di 100 animali totali e si occupa della mungitura con lattodotto per 50 capi in lattazione, oppure se un operatore si occupa di più di 80 animali totali e utilizza il metodo di mungitura a secchio per 40 capi in lattazione.\n\nD'altra parte, un numero accettabile di addetti è rappresentato da un operatore per un intervallo di 80-120 animali, sempre nel caso in cui la mungitura sia eseguita da altri. Inoltre, si considera accettabile un operatore per circa 50-100 animali totali con mungitura con lattodotto per 25-50 capi in lattazione, oppure un operatore per circa 40-80 animali totali e mungitura a secchio per 20-40 capi in lattazione.\n\nInfine, il numero ottimale di addetti è definito come un operatore per meno di 80 animali, nel caso in cui la mungitura sia eseguita da altri. Inoltre, si considera ottimale un operatore per meno di 50 animali totali con mungitura con lattodotto."", ""Il testo stabilisce che le operazioni di abbattimento devono essere eseguite esclusivamente da persone in possesso del certificato di idoneità, come previsto dall'articolo 21 del Regolamento CE 1099/2009, Capo II, Articolo 7. Questo certificato attesta la capacità dell'operatore di eseguire tali operazioni in conformità con le norme stabilite dal regolamento.\n\nIn caso di abbattimenti di emergenza, la responsabilità ricade sulla persona che ha in custodia gli animali interessati. Questa persona deve adottare tutte le misure necessarie per garantire che gli animali vengano abbattuti nel più breve tempo possibile, come indicato nel Regolamento CE 1099/2009, Capo IV, Articolo 19."", ""Il testo stabilisce che le operazioni di abbattimento devono essere eseguite esclusivamente da persone in possesso del certificato di idoneità, come previsto dall'articolo 21 del Regolamento CE 1099/2009. Questo certificato attesta la capacità dell'operatore di eseguire tali operazioni in conformità con le norme stabilite dal regolamento.\n\nIn situazioni di abbattimento di emergenza, è responsabilità della persona che ha in custodia gli animali interessati adottare tutte le misure necessarie per effettuare l'abbattimento nel minor tempo possibile, come indicato nell'articolo 19 del Capo IV dello stesso regolamento."", ""È necessario verificare la presenza di istruzioni scritte che riguardano le modalità di esecuzione dell'abbattimento, gli strumenti utilizzati e gli operatori autorizzati a effettuare questo intervento. Inoltre, per quanto riguarda gli operatori, è fondamentale che in azienda siano conservati anche gli attestati di partecipazione ai corsi di formazione."", ""**Sistema Integrato «ClassyFarm» - Guida per l'Operatore e i suoi Delegati**\n\nL'operatore ha la possibilità di delegare un referente per la visualizzazione delle informazioni presenti nei cruscotti e nei report.\n\n1. **SITO WWW.CLASSYFARM.IT – SEZIONE OPERATORE E SUOI DELEGATI**: In questa sezione sono forniti dettagli sul percorso da seguire e sui documenti da compilare e caricare su ClassyFarm per ottenere l'autorizzazione all'accesso.\n   \n2. **ACCESSO AL SISTEMA CLASSYFARM (da VetInfo)**: L'accesso è suddiviso in tre aree distinte:\n   1. AREA OPERATORE\n   2. AREA DELEGATO DA SINGOLO OPERATORE\n   3. AREA DELEGATO DA PIÙ OPERATORI\n\n**PERCORSO**""]","In caso di soccida, la richiesta di abilitazione con il ruolo di Operatore deve essere redatta e inviata direttamente all'indirizzo email [[EMAIL_RIMOSSO]](mailto:[EMAIL_RIMOSSO]), seguendo le modalità e i documenti indicati nella sezione ""OPERATORE E SUOI DELEGATI"" presente sul sito [www.classyfarm.it](http://www.classyfarm.it).",Può fare richiesta di abilitazione come Operatore colui che ai sensi del Reg 429/2016 risulti Operatore ovvero legale rappresentante/proprietario/dententore della Azienda. Se non siete Operatori è possibile procedere con la richiesta di abilitazione come Delegato da uno/più operatore/i.,0.5,0.5626058221818752,,1.0,0.7165447872942227,OK,True
Quale partita IVA deve essere indicata?,"[""Il requisito ottimale per un allevamento prevede l'esistenza di un'infermeria specificamente identificata e circoscritta, dedicata a tale funzione. Questa area deve essere chiaramente segnalata attraverso apposita cartellonistica o altre indicazioni scritte, nel caso in cui sia soggetta a rotazione. Se l'infermeria ha una localizzazione fissa, deve essere indicata sulla planimetria aziendale.\n\nPer motivi sanitari, è considerata ideale la presenza di una zona di isolamento-infermeria, la quale deve avere una capienza complessiva non inferiore al 3% del numero medio di animali presenti quotidianamente nell'allevamento. Gli spazi disponibili devono essere ampi, con una superficie di oltre 2-3 metri quadrati per animale, e devono essere facilmente ispezionabili dall'operatore. Questa zona può essere suddivisa in più box, deve disporre di una lettiera permanente ben gestita, abbeveratoi e un facile accesso al cibo.\n\nAl contrario, si considera non adeguato l'assenza di un locale specifico e identificato dove, in caso di necessità, possano essere isolati animali feriti o malati."", 'www.classyfarm.it  \nLa sezione dedicata al controllo della biosicurezza è facilmente accessibile tramite la barra dei filtri.  \nLa SPECIE-CATEGORIA indicata nel Piano deve essere selezionata dalla barra dei filtri.', '9  \n3. Selezionare uno o più disciplinari.  \n4. Inserire la ""Data di presentazione della domanda"".  \n5. Caricare il file PDF della ""Domanda di Certificazione"".  \nSelezione Azienda: non deve essere inserita la data odierna, ma la data indicata nella domanda presentata dall\'utente.', 'Il testo fa riferimento alla necessità di indicare, se necessario, il numero di box, ricovero o strutture simili in cui si sta svolgendo il trattamento. È importante sottolineare che le identificazioni aggiuntive non sono incluse nella BDN (Banca Dati Nazionale) e devono sempre essere conformi alle normative relative al benessere animale.', '[ASSISTENZA_TELEFONICA] Il documento presenta i criteri di valutazione per i requisiti del controllo ufficiale, evidenziando le attività di osservazione e rilevazione svolte dal veterinario ufficiale in base ai parametri stabiliti dalle normative. Queste attività sono classificate secondo una scala di non conformità, che determina le azioni intraprese dall\'autorità competente.\n\nLa prima categoria è quella dei casi ""Conformi"", indicata con ""SÌ"", per i quali non sono previste azioni. \n\nLa seconda categoria è la ""non conformità minore"" di tipo A, contrassegnata con ""no - categoria A"". In questo caso, l\'autorità competente richiede di rimediare alle non conformità entro un termine inferiore a tre mesi, senza applicare sanzioni amministrative o penali immediate.\n\nLa terza categoria è sempre una ""non conformità minore"", ma di tipo B, segnalata con ""no - categoria B"". Qui, l\'autorità competente richiede di rimediare alle non conformità entro un termine superiore a tre mesi, mantenendo l\'assenza di sanzioni amministrative o penali immediate.\n\nLa quarta categoria è la ""non conformità maggiore"", identificata con ""NO - categoria C"". In questo caso, l\'autorità competente applica una sanzione amministrativa o penale immediata.\n\nInfine, vi è la categoria ""Non Applicabile"" (NA), che non prevede azioni specifiche. Inoltre, è presente una categoria ""OTTIMALE"", che indica un livello superiore ai requisiti previsti. Questa è facoltativa e può essere considerata in aggiunta alla condizione di conformità, con la possibilità di fornire evidenze a supporto.', 'La tabella presenta informazioni relative alle sanzioni amministrative o penali immediate, specificando che queste si applicano solo quando previste. In caso di non applicabilità, viene indicato il codice ""NA"". È importante specificare sempre il motivo della sanzione nel campo note. Inoltre, si richiede di indicare ogni evidenza che possa dimostrare la conformità o la non conformità alla normativa vigente.', 'La tabella presenta informazioni relative alle sanzioni amministrative o penali immediate, specificando che queste si applicano solo quando previste. In caso di non applicabilità, viene indicato il codice ""NA"". È importante specificare sempre il motivo della sanzione nel campo dedicato alle note. Inoltre, si richiede di indicare ogni evidenza che possa dimostrare la conformità o la non conformità alla normativa vigente.', ""Il documento presenta un elenco di attività o azioni da intraprendere, tra cui:\n\n1. Sequestro dei capi.\n2. Informare la procura tramite InformaKva.\n3. Altre azioni, da specificare nel caso in cui le precedenti non siano sufficienti.\n\nInoltre, è presente un'opzione per indicare che non si applica nulla (NA).\n\nInfine, il documento prevede la firma del Conduttore/Allevatore e del Veterinario Ufficiale, con spazi dedicati per le rispettive firme."", ""Il documento presenta diverse opzioni relative a un'azione da intraprendere. Le scelte disponibili includono:\n\n- Sequestro dei capi\n- Informativa da inviare in procura\n- Altro (specificare)\n\nInoltre, è presente un'opzione per indicare che non si desidera procedere (NA).\n\nAlla fine del documento, ci sono due spazi per le firme: uno per il Conduttore/Allevatore e uno per il Veterinario Ufficiale."", ""Il documento presenta diverse opzioni relative a un'azione da intraprendere. Le scelte disponibili includono:\n\n1. Sequestro dei capi.\n2. Informativa in procura.\n3. Altro (specificare).\n\nInoltre, è presente un'opzione per indicare che non si applica (NA).\n\nAlla fine del documento, ci sono due spazi per le firme: uno per il Conduttore/Allevatore e uno per il Veterinario Ufficiale, ciascuno con uno spazio dedicato per la propria firma.""]",Il contesto documentale recuperato non fornisce informazioni specifiche riguardo alla partita IVA da indicare. Ti consiglio di consultare direttamente la documentazione pertinente o contattare un esperto fiscale per chiarimenti specifici.,La partita IVA da indicare è quella associata al proprietario in BDN.,0.3333333333333333,0.0,0.0,0.0,0.1622332058601555,OK,True
Come faccio ad associare il mio veterinario?,"[""Il sistema integrato «ClassyFarm» offre una guida per l'inserimento della check-list sull'app. Per associarsi all'allevamento, è necessario seguire alcuni passaggi. Innanzitutto, bisogna caricare tutti i documenti richiesti, che includono il documento di identità del veterinario, il documento di identità dell'allevatore e il modulo di autorizzazione, noto come «Modulo di richiesta di associazione». Una volta completata questa fase, si deve cliccare su «Conferma» per finalizzare il processo di associazione."", 'Il sistema integrato ""ClassyFarm"" offre una guida per l\'inserimento della check-list relativa al benessere degli animali durante le fasi di svezzamento e ingrasso. Prima di iniziare il processo di inserimento dei dati di valutazione del benessere animale e della biosicurezza tramite l\'app, è fondamentale che sia il Medico Veterinario Aziendale che il Medico Veterinario Incaricato dispongano di alcuni documenti necessari per associarsi all\'allevamento.\n\nI documenti richiesti includono:\n\n1. Un documento di identità personale del veterinario.\n2. Un documento di identità dell\'allevatore.\n3. Il ""Modulo di richiesta di associazione all\'operatore"", che deve essere compilato in tutte le sue parti e firmato sia dal veterinario che dall\'allevatore. Questo modulo è disponibile per il download sul sito www.classyfarm.it.\n\nÈ importante notare che esistono due moduli di associazione distinti: uno specifico per il Medico Veterinario Aziendale e l\'altro per il Medico Veterinario Incaricato.', 'Il testo presenta due figure professionali nel campo della veterinaria: il Veterinario Aziendale e il Medico Veterinario Incaricato. Per ciascuna di queste figure, è disponibile un modulo di richiesta di associazione. In particolare, ci sono due moduli distinti: uno per il Medico Veterinario Aziendale e uno per il Medico Veterinario Incaricato.', 'Per inserire i dati relativi alla checklist di valutazione del rischio Benessere e della Biosicurezza dell’allevamento bovino tramite l\'app ClassyFarm, è fondamentale seguire alcuni passaggi preliminari. \n\nInnanzitutto, sia il Medico Veterinario Aziendale che il Medico Veterinario Incaricato devono assicurarsi di avere a disposizione una serie di documenti necessari per potersi associare all\'allevamento. Questi documenti includono:\n\n1. Il proprio documento di identità.\n2. Il documento di identità dell’allevatore.\n3. Il ""Modulo di richiesta di associazione all’operatore"", che deve essere compilato in ogni sua parte e firmato sia dal veterinario che dall’allevatore. Questo modulo è disponibile per il download sul sito www.classyfarm.it, nella sezione dedicata a come registrarsi a ClassyFarm.\n\nÈ importante notare che esistono due moduli di associazione distinti: uno specifico per il Medico Veterinario Aziendale e l\'altro per il Medico Veterinario Incaricato. Assicurati di utilizzare il modulo corretto in base al tuo ruolo.', ""In base al decreto identificato con il numero xxxxxxxx, è stato designato il dott. ……………………………, un medico veterinario regolarmente iscritto all’Ordine dei Veterinari della Provincia di …………………….. con il numero di iscrizione n ………, come veterinario aziendale. Il dottore è consapevole delle conseguenze penali che possono derivare da dichiarazioni false e mendaci, come previsto dal D.P.R. 445/2000.\n\nIn seguito, il veterinario aziendale ha rilasciato una dichiarazione in cui, sempre ai sensi del decreto xxxxxxx, accetta l’incarico di veterinario aziendale per un allevamento identificato con il codice aziendale ... … …IT … … … . Il dott. …………………………………, libero professionista, ha fornito anche il proprio indirizzo email: ……………………. È iscritto all'Albo della Provincia di ………………………… con il numero di iscrizione n …………. Anche in questo caso, il veterinario è consapevole delle conseguenze penali legate a dichiarazioni false e mendaci, come stabilito dal D.P.R. 445/2000.\n\nInfine, sono richieste le firme dell'operatore e del veterinario aziendale, con il riferimento al numero 18A00687."", '**PAG**  \nSistema Integrato «ClassyFarm» - Guida per Delegati Operatori - Filiera o Gruppo  \n\nPer selezionare preliminarmente il Veterinario Aziendale o revocare la nomina:  \n1. Accedere a VETINFO  \n2. Selezionare ClassyFarm → ClassyFarm 2.0  \n3. Selezionare il PROFILO  \n   1. Cliccare su ""Selezione Veterinario Aziendale""  \n   2. Nella sezione ""Dottore"", cliccare, cercare e selezionare il professionista abilitato.  \n   **Nota Bene:** Il Veterinario Aziendale dovrà validare e caricare la documentazione come indicato nella guida specifica.  \n   3. Cliccare su ""Conferma"".  \n   **Nota Bene:** Per revocare la nomina, cliccare su [icona di revoca] e poi su ""Conferma"".  \n\n**SCELTA E REVOCA DEL VETERINARIO AZIENDALE**  \n\n1. Consultare la GUIDA AI CRUSCOTTI INTERATTIVI al seguente link: www.classyfarm.it  \n2.  \n3.', ""**RICHIESTA DI ACCESSO AL SISTEMA CLASSYFARM**\n\nIl sottoscritto Dott. ...................................................................................................................................,  \ncodice fiscale ......................................................., iscritto all'Ordine dei Medici Veterinari della  \nProvincia di ......................... n. ......., e-mail ..........................................................................................,  \nUsername Vetinfo ................................................................................................................................,  \n\nDICHIARA  \n• di aver frequentato il corso di veterinario aziendale ai sensi del D.M. 7 dicembre 2017;  \n• di aver seguito un percorso di formazione dedicato;  \n• di essere consapevole che:  \n  o i dati personali forniti saranno trattati dal sistema ClassyFarm per:  \n    - le operazioni di accesso e profilazione al sistema;  \n  o per l’invio di comunicazioni via e-mail."", ""**Sistema Integrato «ClassyFarm» - Guida per l'Operatore e i suoi Delegati**\n\n**PAG**  \n**SCELTA DELL'AMBIENTE**  \n25  \n\n1. Selezionare l'opzione «Selezione Azienda» per associare il proprio profilo all'allevamento.  \n2. Cliccare su «Dashboard» per accedere alla consultazione dei cruscotti.  \n\n**Nome utente e profilo selezionato; cliccare qui per modificare il profilo.**"", ""**ISTRUZIONI PER L'ASSOCIAZIONE DEL VALUTATORE**\n\n1. Inserire il codice fiscale del Valutatore che si desidera associare.\n2. Cliccare su «Cerca».\n\nSe il Valutatore è già abilitato in ClassyFarm, il sistema troverà una corrispondenza e sarà sufficiente selezionarlo dal menu a tendina.\n\nSe il Valutatore non è abilitato in ClassyFarm, sarà comunque possibile associarlo creando un'utenza.\n\n**Selezione Valutatore**  \nValutatori già associati dall'Odc."", 'VETERINARIO:\n- AZIENDALE\n- INCARICATO\n- UFFICIALE\n(Clicca sulla tua figura per consultare la procedura)\nOPERATORE DELEGATO\n2\nwww.classyfarm.it']","Per associare il tuo veterinario al sistema integrato «ClassyFarm», segui questi passaggi:

1. **Preparazione dei documenti**: Assicurati di avere a disposizione i seguenti documenti:
   - Un documento di identità personale del veterinario.
   - Un documento di identità dell’allevatore.
   - Il ""Modulo di richiesta di associazione all’operatore"", che deve essere compilato in tutte le sue parti e firmato sia dal veterinario che dall’allevatore. Questo modulo è disponibile per il download sul sito www.classyfarm.it.

2. **Accesso al sistema**: Accedi a VETINFO.

3. **Selezione del veterinario**:
   - Seleziona ClassyFarm → ClassyFarm 2.0.
   - Seleziona il PROFILO.
   - Clicca su ""Selezione Veterinario Aziendale"".
   - Nella sezione ""Dottore"", clicca, cerca e seleziona il professionista abilitato.

4. **Caricamento della documentazione**: Il Veterinario Aziendale dovrà validare e caricare la documentazione come indicato nella guida specifica.

5. **Conferma**: Clicca su ""Conferma"" per finalizzare il processo di associazione.

6. **Revoca della nomina (se necessario)**: Se desideri revocare la nomina del veterinario, clicca sull'icona di revoca e poi su ""Conferma"".

Assicurati di seguire attentamente questi passaggi per completare l'associazione del tuo veterinario.","Entrando in ClassyFarm nella sezione ""Seleziona Veterinario Aziendale"" è possibile associare il proprio veterinario, a condizione che lo stesso sia stato abilitato in ClassyFarm.",0.6842105263157895,0.6121531362172382,0.99999999999,1.0,0.7077558216083659,OK,True
Qual è l’email del Ministero a cui inviare le deleghe?,"['**ISTRUZIONI PER LA DELEGA**\n\n1. Scaricare, compilare e firmare il modello di delega disponibile al seguente link.\n2. Inviare la delega e i documenti di identità (sia dell\'allevatore che del delegato) al Ministero della Salute, utilizzando uno degli indirizzi sottostanti, e in copia conoscenza (CC) a ClassyFarm.\n\n- **Delegato da singolo operatore**: Attendere l\'e-mail di avvenuta abilitazione.\n- **Delegato da più operatori**: Caricare nel sistema i documenti di identità e le deleghe nella sezione ""Seleziona azienda"".\n\nPer ulteriori informazioni, visitare il sito: www.classyfarm.it.', '[ASSISTENZA_TELEFONICA] [INVIO_EMAIL] **Analisi dello Screenshot della Piattaforma Ministeriale**\n\n1. **Titolo della pagina:**\n   - ""Servizio di Assistenza ClassyFarm""\n\n2. **Numeri e frecce:**\n   - **Freccia 1:** Indica il campo ""Invia questa richiesta a nome di"", dove è necessario inserire l\'indirizzo email per ricevere la risposta.\n   - **Freccia 2:** Indica il campo ""Riepilogo"", in cui deve essere fornita una descrizione sintetica del problema.\n   - **Freccia 3:** Indica la sezione del modulo da compilare con i dati personali e la descrizione del problema riscontrato.\n   - **Freccia 4:** Indica il pulsante ""Invia"" per inviare la richiesta e suggerisce di attendere una risposta via email, controllando anche le cartelle di spam e posta indesiderata.\n\n3. **Testo rilevante visibile nell\'interfaccia:**\n   - ""Benvenuto! Da qui è possibile inserire le richieste di assistenza per il sistema ClassyFarm.""\n   - ""Come possiamo aiutarti?""\n   - ""Tecnica: Per effettuare una richiesta di assistenza o per la segnalazione di problemi...""\n   - ""Invia questa richiesta a nome di *""\n   - ""Riepilogo *""\n   - ""Nome *""\n   - ""Cognome *""\n   - ""Ruolo *""\n   - ""Recapito *""\n   - ""Tipologia problematica""\n   - ""Descrizione *""\n   - ""Inserire una descrizione della richiesta, avendo cura di riportare tutte le informazioni necessarie a gestirla...""\n   - ""Allegato""\n   - ""Trascina i tuoi file, incolla i tuoi screenshot o sfoglia""\n   - ""Invia""\n   - ""Annulla""\n\n**Descrizione dettagliata della procedura:**\n\nLa pagina è progettata per facilitare l\'invio di richieste di assistenza per il sistema ClassyFarm. L\'utente è accolto con un messaggio di benvenuto e una breve introduzione al servizio. La procedura inizia con l\'inserimento dell\'indirizzo email nel campo ""Invia questa richiesta a nome di"", fondamentale per ricevere una risposta. Successivamente, l\'utente deve fornire un ""Riepilogo"" sintetico del problema.\n\nIl modulo richiede ulteriori dettagli personali, quali nome, cognome, ruolo e recapito, per ident', ""[INVIO_EMAIL] **ISTRUZIONI PER LA RICHIESTA DI CONFERMA**\n\n1. Inserire l'indirizzo email al quale si desidera ricevere la conferma.\n2. Compilare il modulo con i dati personali e le informazioni relative all'allevamento.\n3. Se non si è in possesso dell'utenza Vetinfo o se è stata dimenticata, lasciare vuoto il campo corrispondente.\n4. Allegare il modulo e una copia del documento di identità, fronte e retro.\n5. Inviare la richiesta solo dopo aver verificato l'assenza di errori.\n6. Attendere un'email di default che confermerà il codice CSD e l'avvenuto invio corretto della richiesta.\n7. Procedere con l'invio delle deleghe."", ""**Oggetto: Registrazione a ClassyFarm**\n\nPer richiedere l'accesso al sistema ClassyFarm, si prega di inviare un'email all'indirizzo info@classyfarm.it. \n\nPer procedere con l'abilitazione, è necessario fornire le seguenti informazioni per ciascun utente indicato:\n\n- Nome\n- Cognome\n- Codice Fiscale\n- Data di nascita\n- Indirizzo email\n\nSi prega di allegare la richiesta su carta intestata, completa dell'elenco degli utenti da abilitare (massimo 3 utenti)."", ""Il documento presenta diverse opzioni relative a un'azione da intraprendere. Le scelte disponibili includono:\n\n- Sequestro dei capi\n- Informativa da inviare in procura\n- Altro (specificare)\n\nInoltre, è presente un'opzione per indicare che non si desidera procedere (NA).\n\nAlla fine del documento, ci sono due spazi per le firme: uno per il Conduttore/Allevatore e uno per il Veterinario Ufficiale."", ""Le scrofe e le scrofette sono allevate in gruppo per un periodo che va da quattro settimane dopo la fecondazione fino a una settimana prima della data prevista per il parto. Durante questo periodo, il recinto in cui si trovano deve avere lati con una lunghezza superiore a 2,8 metri, a meno che non ci siano meno di sei animali, nel qual caso la lunghezza minima dei lati del recinto deve essere superiore a 2,4 metri.\n\nTuttavia, esiste una deroga per le aziende che allevano meno di dieci scrofe. In questi casi, le scrofe e le scrofette possono essere allevate individualmente durante il periodo indicato, a condizione che gli animali abbiano spazio sufficiente per girarsi facilmente all'interno del recinto. Queste disposizioni sono stabilite dal Decreto Legislativo 122/2011, articolo 3, punti 3 e 4."", ""Nel luglio 2014, è stata prodotta una prima versione delle “Linee di indirizzo per l'allevamento del coniglio”, basata non solo sulla norma citata, ma anche sulle più recenti e autorevoli conoscenze scientifiche, tra cui l’Opinion EFSA del 2005. Successivamente, è stata redatta una versione revisionata e ampliata di queste linee guida, tenendo conto delle indicazioni fornite nella risoluzione del Parlamento Europeo del 14 marzo 2017, intitolata “Norme minime di protezione dei conigli di allevamento (2016/2077(INI)”, e nella Scientific Opinion di EFSA del 2020, che tratta della salute e del benessere dei conigli allevati in diversi sistemi di produzione.\n\nLe nuove “Linee guida del ministero della salute per l’allevamento del coniglio” sono state emanate dal Ministero della Salute con la Circolare del 1 settembre 2021. Inoltre, il Ministero della Salute, in collaborazione con il CReNBA, ha sviluppato una checklist destinata ai veterinari, per supportarli nella gestione e nel monitoraggio del benessere degli animali."", ""Il testo discute l'importanza della diagnosi e del monitoraggio della salute animale, sottolineando che non è sufficiente limitarsi alla diagnosi di una malattia per garantire il benessere degli animali. È fondamentale considerare anche il trattamento e la profilassi che ne derivano, come evidenziato da Broom nel 2017. \n\nInoltre, si evidenzia che la mancanza totale di accertamenti diagnostici per il monitoraggio della situazione sanitaria in un allevamento è inadeguata. Tuttavia, è ritenuta accettabile la pratica di inviare materiale biologico, che può includere campioni patologici e non, feti, carcasse e campioni ematici a un laboratorio. È importante che tali esami siano documentati e che siano stati eseguiti negli ultimi dodici mesi.\n\nUn esempio di pratica accettabile è l'invio di campioni da parte dell'allevatore, della filiera di appartenenza o di personale ufficiale su richiesta dell'allevatore stesso. Questo può includere analisi relative a specifiche malattie, come il controllo degli aborti, per il quale si possono inviare feti, placenta, altri annessi fetali e sangue per la ricerca di agenti patogeni."", ""La Direzione dell'Organismo di Coordinamento si trova in Via Palestro 81, 00185 Roma, e può essere contattata telefonicamente al numero 06.49499282. Per comunicazioni ufficiali, è disponibile anche un indirizzo PEC: protocollo@pec.agea.gov.it.\n\nDi seguito, si elencano gli organismi destinatari della comunicazione, con i rispettivi indirizzi email:\n\n1. **A.G.R.E.A**  \n   Email: agrea@postacert.regione.emilia-romagna.it\n\n2. **APPAG Trento**  \n   Email: appag@pec.provincia.tn.it\n\n3. **ARCEA**  \n   Email: protocollo@pec.arcea.it\n\n4. **ARPEA**  \n   Email: protocollo@cert.arpea.piemonte.it\n\n5. **A.R.T.E.A**  \n   Email: artea@cert.legalmail.it\n\n6. **A.V.E.P.A**  \n   Email: protocollo@cert.avepa.it\n\n7. **Organismo Pagatore AGEA**  \n   Email: protocollo@pec.agea.gov.it\n\n8. **Organismo Pagatore della Regione Lombardia**  \n   Email: opr@pec.regione.lombardia.it\n\n9. **OP della Provincia Autonoma di Bolzano - OPPAB**  \n   Email: organismopagatore.landeszahlstelle@pec.prov.bz.it\n\n10. **Organismo Pagatore ARGEA Sardegna**  \n    Email: argea@pec.agenziaargea.it\n\nQuesti organismi sono stati contattati per le necessarie comunicazioni relative alle loro funzioni."", ""Il testo discorsivo può essere strutturato come segue:\n\nÈ fondamentale che gli impianti siano conformi alle norme vigenti per prevenire il rischio di scosse elettriche. Nel caso in cui il valutatore non trovi la dichiarazione di conformità, ad esempio se l'impianto è stato realizzato prima del 1990 e non ha mai subito interventi di manutenzione straordinaria, ampliamenti o modifiche, oppure se il proprietario o detentore non riesce a reperirla, sarà necessario inviare una segnalazione al Servizio di Prevenzione e Sicurezza degli Ambienti di Lavoro (SPSAL) competente per il territorio. Questo servizio procederà con le analisi necessarie e, se del caso, potrà riscontrare la non conformità.\n\nInoltre, è possibile ottenere informazioni rilevabili dalle registrazioni nel sistema dell’anagrafe bovina e bufalina. Queste informazioni, come il numero totale di capi di età inferiore ai sei mesi presenti nella BDN, vengono automaticamente generate al momento della stampa o della compilazione della check list in Vetinfo, attraverso l'inserimento del codice di allevamento e della data del controllo.""]",L'email del Ministero a cui inviare le deleghe è [mailto:[EMAIL_RIMOSSO]](mailto:[EMAIL_RIMOSSO]).,Le deleghe e i documenti di identità devono essere inviati al Ministero della Salute sanita.animale@sanita.it e in copia conoscenza a info@classyfarm.it (nella stessa email).,0.0,0.9792020491085441,0.642857142825,1.0,0.3869140223480194,EMAIL_MISMATCH,True
Quanto tempo dovrò attendere per l’abilitazione?,"[""[INVIO_EMAIL] **Istruzioni per la Richiesta di Abilitazione**\n\n1. Inserire l'indirizzo email al quale si desidera ricevere la conferma.\n2. Compilare il modulo con i dati personali e le informazioni relative all'allevamento.\n3. Se non si è in possesso delle credenziali Vetinfo o se queste sono state dimenticate, lasciare vuoto il campo corrispondente.\n4. Allegare il modulo compilato e una copia del documento di identità, fronte e retro.\n5. Inviare la richiesta solo dopo aver verificato l'assenza di errori.\n6. Attendere un'email di default che confermerà il codice CSD e l'avvenuto invio corretto della richiesta.\n7. Restare in attesa dell'email di avvenuta abilitazione."", ""**ISTRUZIONI PER LA RICHIESTA DI ABILITAZIONE**\n\n1. Scaricare, compilare e firmare il modulo disponibile al seguente link.\n2. Effettuare la richiesta online accedendo al link indicato.\n\nPer richiedere l'abilitazione al sistema, collegarsi al sito www.classyfarm.it."", ""**ISTRUZIONI PER LA RICHIESTA DI ABILITAZIONE**\n\n1. Scaricare, compilare e firmare il modulo disponibile al seguente link.\n2. Effettuare la richiesta online accedendo al link indicato.\n\nPer richiedere l'abilitazione al sistema, si prega di collegarsi al sito www.classyfarm.it."", ""**ISTRUZIONI PER LA RICHIESTA DI ABILITAZIONE AL SISTEMA**\n\n1. **Scaricare, compilare e firmare il modulo** disponibile ai seguenti link.\n2. Per richiedere l'abilitazione al sistema, collegarsi al sito www.classyfarm.it.\n3. **Inviare il modulo, unitamente a un documento di identità**, via e-mail all'incaricato aziendale.\n\nPer ulteriori informazioni, visitare il sito www.classyfarm.it."", ""Per valutare il parametro ponderale nella capra da latte, si utilizza il test di latenza al primo contatto, come indicato dal protocollo AWIN del 2015. \n\nIl processo di esecuzione del test prevede diversi passaggi. Innanzitutto, il valutatore deve avvicinarsi al box o al recinto in cui si trovano le capre e attendere circa mezzo minuto prima di entrare. Una volta trascorso questo tempo, l'operatore entra nel box e si posiziona con la schiena appoggiata alla parete, a metà del lato più lungo del recinto, rimanendo fermo.\n\nA questo punto, viene cronometrato il tempo che impiega la prima capra ad avere un contatto diretto con l'operatore. Il test si interrompe non appena una capra stabilisce un contatto con il valutatore. Se, invece, nessuna capra si avvicina, il test si conclude dopo 300 secondi, e in questo caso verrà assegnato un giudizio insufficiente.\n\nSe una capra si avvicina, il valutatore dovrà considerare il tempo intercorso tra l'inizio del test e il contatto con il primo animale per decidere se assegnare un giudizio accettabile o ottimale."", ""Oggetto: Richiesta di Abilitazione al Sistema\n\nSi prega di inviare un'e-mail contenente i seguenti dati: nome, cognome, utenza Vetinfo e ASL di appartenenza, all'indirizzo indicato.\n\nPer effettuare la richiesta di abilitazione al sistema, si prega di collegarsi al sito www.classyfarm.it."", ""**TESTO RIVISITATO:**\n\nAi corsi di formazione di cui al presente articolo, è possibile essere ammessi direttamente alla prova d'esame finale di cui al comma 4. \n\nSecondo quanto indicato nel Piano Nazionale Benessere Animale (PNBA) 2013, è necessario che, a seguito del rilascio dei certificati di formazione agli allevatori da parte delle Aziende Sanitarie Locali (ASL), queste ultime inviino anche l'elenco dei certificati rilasciati al Centro di Referenza Nazionale per il Benessere Animale, il quale costituirà un elenco unico a livello nazionale. Per procedere, è possibile scaricare il modulo specifico dal sito www.izsler.it, navigando su CRENBA > Materiale per la formazione > “File per la segnalazione dei corsi per l’abilitazione degli allevatori”. \n\nIl modulo, una volta debitamente compilato, dovrà essere inviato telematicamente all'indirizzo di posta elettronica crn.benessere.animale@izsler.it. \n\nÈ esonerato dalla partecipazione al corso (ma è comunque obbligato a sostenere l’esame per conseguire il certificato) il proprietario o detentore che, alla data del 30 giugno 2010, già esercitava."", ""La durata delle attività varia in base ai seguenti intervalli: da 110 a 117 secondi, da 140 a 400 secondi, 50 secondi, e da 1 a 3 secondi. È fondamentale che, nel caso in cui venga dichiarato l'utilizzo di un metodo, ci sia una verifica della disponibilità di strumentazione adeguata e che questa sia sottoposta a una manutenzione appropriata. In assenza di tali verifiche, la risposta sarà considerata insufficiente. \n\nIn condizioni ottimali, oltre ai criteri già menzionati, è necessaria la presenza di un protocollo scritto. Questo protocollo, che potrebbe essere incluso in un manuale di buone pratiche, deve riportare in dettaglio le procedure e le linee guida da seguire."", ""La commissione d'esame deve essere composta da almeno un Veterinario dell'ASL e dal Medico Veterinario referente del corso. In caso di superamento dell'esame, l'ASL territorialmente competente rilascia un certificato di formazione (Allegato 4 del DM 04/02/13).\n\nFigura 2 - Allegato 4 D.M. 04/02/13"", ""**Pratica ricevuta**\n\n**Capacità e conoscenze adeguate:** È richiesta un'esperienza di almeno 5 anni nel settore dell'ingrasso, oppure il possesso di un titolo di studio e di un corso di formazione pertinente. È necessario fornire istruzioni pratiche a tutti gli addetti, in forma scritta o attraverso la verifica mediante semplici quesiti.\n\n**Capacità e conoscenze ottimali:** È richiesta un'esperienza di almeno 5 anni nel settore dell'ingrasso, oppure il possesso di un titolo di studio e la partecipazione a più corsi di formazione specifici e periodici (ogni 3 anni), con applicazione pratica in allevamento, oltre alla disponibilità di istruzioni pratiche per tutti gli addetti.\n\nSi considera adeguata la formazione che prevede un'esperienza pratica nel settore o un titolo di studio pertinente, accompagnata dalla partecipazione a corsi di formazione specifici sul benessere animale. I titoli di studio ritenuti idonei includono: laurea in agraria, medicina veterinaria e lauree brevi o magistrali in produzioni.""]","Dai documenti: 04/02/13, 04/02/13.","Generalmente le richieste di abilitazione vengono elaborate in due giorni lavorativi, al termine della procedura viene inviata una notifica con l’esito dell’abilitazione stessa.",1.0,0.15204353634417891,,0.0,0.09656741682529393,OK,True
"Ho ricevuto l’e-mail di avvenuta abilitazione ma non la password, potete inviarmela?","[""[INVIO_EMAIL] **Istruzioni per la Richiesta di Abilitazione**\n\n1. Inserire l'indirizzo email al quale si desidera ricevere la conferma.\n2. Compilare il modulo con i dati personali e le informazioni relative all'allevamento.\n3. Se non si è in possesso delle credenziali Vetinfo o se queste sono state dimenticate, lasciare vuoto il campo corrispondente.\n4. Allegare il modulo compilato e una copia del documento di identità, fronte e retro.\n5. Inviare la richiesta solo dopo aver verificato l'assenza di errori.\n6. Attendere un'email di default che confermerà il codice CSD e l'avvenuto invio corretto della richiesta.\n7. Restare in attesa dell'email di avvenuta abilitazione."", '[ASSISTENZA_TELEFONICA] [INVIO_EMAIL] Benvenuti al servizio di assistenza ClassyFarm. In questa pagina, avrete la possibilità di inserire le vostre richieste di assistenza per il sistema ClassyFarm. Per iniziare, vi invitiamo a seguire attentamente la procedura di richiesta accesso.\n\nIn primo luogo, dovrete inserire l\'email nel campo indicato per ricevere la conferma della vostra richiesta. Assicuratevi di compilare il form con i dati personali e dell\'allevamento, inclusi nome, cognome, data di nascita, codice fiscale e altri dettagli richiesti. Se non possedete un\'utenza Vetinfo o se l\'avete dimenticata, vi preghiamo di lasciare il campo corrispondente vuoto.\n\nSuccessivamente, utilizzate il pulsante ""Sfoglia"" per allegare il modulo di adesione e il documento di identità, sia fronte che retro. È fondamentale che, prima di inviare la richiesta, verifichiate che tutti i dati siano corretti. Solo dopo aver effettuato questa verifica, potrete cliccare su ""Invia"" per inoltrare la vostra richiesta.\n\nDopo l\'invio, attendete un\'email di default che confermerà il codice CSD e il corretto invio della vostra richiesta. Infine, restate in attesa dell\'email di avvenuta abilitazione, che vi informerà sull\'esito della vostra richiesta.\n\nGrazie per aver scelto il servizio di assistenza ClassyFarm. Siamo qui per aiutarvi!', ""Oggetto: Richiesta di Abilitazione al Sistema\n\nSi prega di inviare un'e-mail contenente i seguenti dati: nome, cognome, utenza Vetinfo e ASL di appartenenza, all'indirizzo indicato.\n\nPer effettuare la richiesta di abilitazione al sistema, si prega di collegarsi al sito www.classyfarm.it."", ""**Oggetto: Registrazione a ClassyFarm**\n\nPer richiedere l'accesso al sistema ClassyFarm, si prega di inviare un'email all'indirizzo info@classyfarm.it. \n\nPer procedere con l'abilitazione, è necessario fornire le seguenti informazioni per ciascun utente indicato:\n\n- Nome\n- Cognome\n- Codice Fiscale\n- Data di nascita\n- Indirizzo email\n\nSi prega di allegare la richiesta su carta intestata, completa dell'elenco degli utenti da abilitare (massimo 3 utenti)."", ""**ISTRUZIONI PER LA RICHIESTA DI ABILITAZIONE AL SISTEMA**\n\n1. **Scaricare, compilare e firmare il modulo** disponibile ai seguenti link.\n2. Per richiedere l'abilitazione al sistema, collegarsi al sito www.classyfarm.it.\n3. **Inviare il modulo, unitamente a un documento di identità**, via e-mail all'incaricato aziendale.\n\nPer ulteriori informazioni, visitare il sito www.classyfarm.it."", ""Il giudizio non adeguato viene assegnato quando si riscontra la presenza di personale non istruito riguardo alle modalità di trattamento di animali malati o feriti. Inoltre, si considera tale giudizio anche in caso di animali che necessitano di interventi, come medicazioni o trasferimenti in infermeria, ma che non hanno ancora ricevuto le cure necessarie.\n\nDurante la valutazione, è fondamentale considerare l'insorgenza e il decorso delle patologie riscontrate. Alcune di esse potrebbero manifestarsi in modo iperacuto, portando alla scoperta di soggetti malati che non sono stati ancora gestiti al momento del sopralluogo. Pertanto, l'assegnazione del giudizio non adeguato deve tenere conto di questi aspetti, in particolare per quanto riguarda le patologie riscontrate nei reparti non destinati all'infermeria.\n\nIl requisito ottimale, invece, prevede non solo il rispetto dei criteri di adeguatezza, ma anche la presenza di procedure scritte relative al trattamento degli animali, come ad esempio un piano di gestione delle patologie infettive."", ""**ISTRUZIONI PER LA RICHIESTA DI ABILITAZIONE**\n\n1. Scaricare, compilare e firmare il modulo disponibile al seguente link.\n2. Effettuare la richiesta online accedendo al link indicato.\n\nPer richiedere l'abilitazione al sistema, collegarsi al sito www.classyfarm.it."", ""**ISTRUZIONI PER LA RICHIESTA DI ABILITAZIONE**\n\n1. Scaricare, compilare e firmare il modulo disponibile al seguente link.\n2. Effettuare la richiesta online accedendo al link indicato.\n\nPer richiedere l'abilitazione al sistema, si prega di collegarsi al sito www.classyfarm.it."", ""Se, nell'azienda ispezionata, la rimozione dell'abbozzo corneale è avvenuta dopo i 21 giorni d'età, è necessario verificare il registro dei trattamenti, sia esso cartaceo o elettronico. Questa verifica serve a controllare se, in concomitanza con la rimozione, è stato effettuato o prescritto un trattamento anestetico e analgesico da parte del veterinario. È fondamentale ricordare che l'uso di questa pratica dopo i 21 giorni d'età non deve essere routinario per l'intero gregge, ma deve costituire un evento sporadico ed eccezionale. In caso contrario, il requisito risulterebbe non conforme.\n\nInoltre, è importante sottolineare che non è possibile sanzionare semplicemente la presenza di animali con più di 21 giorni d'età che non sono stati ancora degemmati, anche se si trovano all'interno di un gregge privo di corna. In situazioni di sospetto, si consiglia di approfondire le circostanze riscontrate, anche attraverso controlli successivi sugli stessi animali.\n\nInfine, è essenziale che il personale incaricato sia competente e adeguatamente preparato per eseguire correttamente le procedure necessarie."", ""**Oggetto: Richiesta di Accesso al Sistema ClassyFarm**\n\nSi richiede l'invio di e-mail contenenti:  \n• i report delle check-list compilate;  \n• comunicazioni di servizio relative al funzionamento del sistema;  \n• informazioni riguardanti le conseguenze penali in caso di dichiarazioni false e mendaci, come previsto dal D.P.R. 445/2000.  \n\nSi richiede, pertanto, l'accesso al sistema ClassyFarm con il ruolo di medico veterinario aziendale.  \n\n**Firma**  \n________________________  \nData: ____________________""]","Gentile utente,

per ricevere la password dopo aver ricevuto l'email di avvenuta abilitazione, ti consigliamo di contattare direttamente il servizio di assistenza di ClassyFarm. Puoi inviare un'email all'indirizzo [[EMAIL_RIMOSSO]](mailto:[EMAIL_RIMOSSO]) specificando il tuo problema.

Grazie per aver scelto il servizio di assistenza ClassyFarm!

⏰ **Nota Temporale**: 21 giorni","Le credenziali di accesso al sistema ClassyFarm sono le stesse che vengono utilizzate per entrare in Vetinfo. È sempre possibile recuperare le proprie credenziali nella pagina di Vetinfo tramite il tasto ""Non ricordo le mie credenziali"" o accedere con SPID o CIE.",0.0,0.0,0.0,0.0,0.5325789765856332,OK,True
Vorrei informazioni riguardo i contributi PAC?,"['La tabella presenta informazioni riguardanti una barriera sanitaria specifica per una determinata zona, come ad esempio una zona filtro o la dogana danese, dove sono richiesti indumenti e calzari dedicati. Inoltre, si pone una domanda riguardo alla presenza di ingressi separati per i locali di quarantena, con due possibili risposte: ""SÌ"" o ""NO"".', ""Il testo fornisce informazioni riguardo alla valutazione della stalla. Si considera adeguata la presenza di abbeveratoi funzionanti in tutti i gruppi, che devono garantire la somministrazione di acqua pulita e in numero sufficiente. Inoltre, è fondamentale che venga fornita un'adeguata quantità di latte agli animali che non sono ancora stati svezzati. In sintesi, la stalla soddisfa i requisiti richiesti."", ""Nel corso dell'anno considerato, è stato rispettato il limite degli importi unitari massimi. \n\nUn aspetto importante di questo intervento è l'Eco-schema 1, che riguarda il pagamento per la riduzione della resistenza agli antimicrobici e per il benessere animale. \n\nIn particolare, si fa riferimento al sistema ClassyFarm, un sistema informativo sviluppato dal Ministero della Salute. Questo sistema elabora dati sanitari provenienti da diverse fonti ufficiali, tra cui la Banca Dati Nazionale (BDN), la ricetta elettronica veterinaria (REV) e il Registro elettronico dei trattamenti. Inoltre, ClassyFarm integra anche i dati forniti dai veterinari incaricati e/o ufficiali, con l'obiettivo di categorizzare gli allevamenti in base al rischio.\n\nClassyFarm è utilizzato per la gestione e il controllo di vari interventi della Politica Agricola Comune (PAC), tra cui aiuti accoppiati, eco-schemi e iniziative per il benessere animale nel contesto dello sviluppo rurale. È importante notare che tra le condizioni di ammissibilità per accedere a questo intervento è richiesta l'adesione a specifiche normative e pratiche."", ""Si ricorda che gli importi unitari effettivi da erogare per ciascun anno di domanda sono stabiliti dall'Organismo di coordinamento. Questa determinazione avviene in base al numero delle Unità di Base Agricole (UBA) comunicate dagli Organismi pagatori nell'anno in questione, sempre nel rispetto degli importi unitari massimi previsti.\n\nPer quanto riguarda i controlli, si distingue un primo livello di verifica. In questo contesto, gli Organismi pagatori sono responsabili della verifica delle condizioni di ammissibilità, utilizzando i dati scambiati tramite il sistema Classyfarm e la Banca Dati Nazionale (BDN). \n\nIn particolare, una volta completate le attività di calcolo di propria competenza, Classyfarm fornisce agli Organismi pagatori le informazioni relative a ciascun orientamento produttivo e categoria. Queste informazioni vengono messe a disposizione attraverso un tracciato di interscambio dati comune e concordato. È importante sottolineare che eventuali correzioni o aggiornamenti delle informazioni presenti nella BDN, così come delle ricette e del Registro dei trattamenti rilevanti ai fini del pagamento, devono essere gestiti con attenzione."", ""Il testo discute le procedure e le tempistiche relative ai pagamenti dei contributi e alla rendicontazione dei Fondi, come stabilito dalla regolamentazione dell'Unione Europea. In particolare, si fa riferimento al decreto che include le tempistiche per le istruttorie, in relazione al sistema integrato descritto nel Capo II del regolamento (UE) 2022/1172.\n\nLe procedure e le tempistiche delineate nella circolare sono state adottate tenendo conto degli adempimenti e degli obblighi previsti dalla normativa europea. I pagamenti vengono effettuati annualmente per le unità di bovino adulto (UBA) che risultano ammissibili, sulla base dei dati forniti da Classyfarm e dei controlli successivi effettuati dagli Organismi pagatori. Gli importi unitari per i pagamenti sono stabiliti nella sezione 5.1. Eco-schema del Piano Strategico Nazionale.\n\nInfine, gli importi effettivi da erogare per ciascun anno di domanda sono determinati dall'Organismo di coordinamento, in base al numero di UBA ammissibili accertate dagli Organismi pagatori nell'anno in questione, sempre nel rispetto degli importi unitari massimi stabiliti."", ""Il testo riguarda le scadenze e i controlli relativi all'intervento PD05-ECO1.1. È importante notare che le operazioni legate alla BDN, alle ricette e al Registro dei trattamenti, necessarie per il pagamento, devono essere completate entro il 31 dicembre dell'anno in cui viene presentata la domanda. Qualsiasi modifica apportata dopo questa data non avrà effetto sul pagamento dell'intervento.\n\nPer quanto riguarda la verifica di ammissibilità dell'intervento PD05-ECO1.1, sono previsti specifici controlli. Questi controlli devono essere effettuati utilizzando i dati provenienti dalla BDN e da Classyfarm, e si riferiscono al periodo che va dal 1° gennaio al 31 dicembre di ciascun anno. \n\nInoltre, è stata emessa una comunicazione da parte di AGEA, identificata con il protocollo Uscita N.0002664, datata 12 gennaio 2024, che ribadisce queste indicazioni."", ""[DASHBOARD] Il testo fornisce indicazioni sulle modalità di richiesta di aiuto per l'eco-schema 1 (livello 1) in domanda unica, suddivise in tre casi distinti:\n\n1. **Richiesta da parte dell'agricoltore subentrante**: In questo caso, solo l'agricoltore subentrante presenta la richiesta di aiuto. Per poter rispettare il periodo di osservazione, è necessario che egli sommi i valori DDD maturati dal soggetto cedente nell'anno di domanda ai propri. Se vengono rispettate le condizioni di ammissibilità, l'agricoltore subentrante può percepire l'aiuto.\n\n2. **Richiesta da parte dell'agricoltore cedente**: Qui, la richiesta di aiuto è presentata esclusivamente dall'agricoltore cedente. Tuttavia, il pagamento non può essere erogato né all'agricoltore cedente, poiché non rispetta il periodo di osservazione che va dal 1° gennaio al 31 dicembre, né all'agricoltore cessionario, che non ha presentato la richiesta di aiuto.\n\n3. **Richiesta da entrambi gli agricoltori**: In questo scenario, sia l'agricoltore cedente che l'agricoltore cessionario presentano la richiesta di aiuto. In tal caso, il pagamento è erogabile al cessionario, a meno che non ci sia un diverso accordo tra le parti.\n\nIn aggiunta, si menziona il **Livello 2**, che riguarda l'adesione al Sistema di qualità nazionale per il benessere animale (SQNBA)."", ""Ecco l'elenco strutturato discorsivo basato sulla tabella fornita:\n\n---\n\nDestinatari della comunicazione:\n\n1. **C.A.A. Coldiretti S.r.l.**\n   - Email: caa.coldiretti@pec.coldiretti.it\n\n2. **C.A.A. Confagricoltura S.r.l.**\n   - Email: segreteria.caa@pec.confagricoltura.it\n\n3. **C.A.A. CIA S.r.l.**\n   - Email: amministrazionecaa-cia@legalmail.it\n\n4. **CAA Caf Agri**\n   - Email: caacafagri@pec.caacafagri.com\n\n5. **CAA degli Agricoltori**\n   - Email: caadegliagricoltori@legalmail.it\n\nIn copia conoscenza (p.c.):\n\n- **Ministero dell’agricoltura, della sovranità alimentare e delle foreste**\n  - Direzione Generale delle politiche Internazionali e dell’Unione europea\n  - Email: pocoi.direzione@pec.politicheagricole.gov.it\n\n- **Regione Veneto**\n  - Area Marketing territoriale, Cultura, Turismo, Agricoltura e Sport\n  - Coordinamento Commissione Politiche agricole\n  - Email: area.marketingterritoriale@regione.veneto.it\n\n- **Istituto Zooprofilattico Sperimentale**\n\n--- \n\nQuesto formato rende più chiara la struttura e le informazioni contenute nel testo originale."", 'Ecco l\'elenco strutturato discorsivo basato sulla tabella fornita:\n\n---\n\n**Politiche Agricole**\n\n- **Contatto Email**: area.marketingterritoriale@regione.veneto.it\n\n**Destinatari**:\n\n1. **Istituto Zooprofilattico Sperimentale della Lombardia e dell\'Emilia-Romagna ""Bruno Ubertini""**\n   - **Email**: protocollogenerale@cert.izsler.it\n\n2. **SIN S.p.A.**\n   - **Email**: protocollo.sin@pec.it\n\n3. **Leonardo S.p.A.**\n   - **Email**: cybersecurity@pec.leonardo.com\n\n**Comunicazione**:\n- **Riferimento**: AGEA - COORD - Prot. Uscita N.0002664 del 12/01/2024 (ripetuto quattro volte)\n\n--- \n\nQuesto formato presenta le informazioni in modo chiaro e organizzato, facilitando la comprensione dei destinatari e dei contatti associati.', ""Ecco l'elenco strutturato discorsivo basato sulla tabella fornita:\n\n---\n\nIl documento è indirizzato a diversi organismi pagatori. In particolare, si rivolge all'Organismo Pagatore ARGEA della Sardegna, il cui indirizzo email è argea@pec.agenziaargea.it. \n\nInoltre, è destinato anche all'Organismo Pagatore della Regione Friuli Venezia Giulia, contattabile tramite l'indirizzo email opr@certregione.fvg.it.\n\nInfine, si fa riferimento a un protocollo di uscita, identificato come AGEA - COORD - Prot. Uscita N.0002664, datato 12 gennaio 2024. Questo protocollo è ripetuto più volte nel documento.\n\n--- \n\nSe hai bisogno di ulteriori modifiche o dettagli, fammi sapere!""]","I contributi della Politica Agricola Comune (PAC) sono gestiti attraverso vari interventi, tra cui gli eco-schemi, come l'Eco-schema 1, che si concentra sulla riduzione della resistenza agli antimicrobici e sul benessere animale. Per accedere a questi contributi, è necessario rispettare specifiche normative e pratiche, e i pagamenti sono effettuati annualmente per le unità di bovino adulto (UBA) ammissibili.

Le procedure di pagamento e le tempistiche sono stabilite in base ai dati forniti dal sistema ClassyFarm e dai controlli effettuati dagli Organismi pagatori. È importante notare che le operazioni legate alla Banca Dati Nazionale (BDN) e ai registri dei trattamenti devono essere completate entro il 31 dicembre dell'anno in cui viene presentata la domanda.

Per ulteriori dettagli, puoi contattare gli organismi pagatori, come ad esempio:

- **Organismo Pagatore ARGEA della Sardegna**: [[EMAIL_RIMOSSO]](mailto:[EMAIL_RIMOSSO])
- **Organismo Pagatore della Regione Friuli Venezia Giulia**: [[EMAIL_RIMOSSO]](mailto:[EMAIL_RIMOSSO])

Inoltre, è stata emessa una comunicazione da parte di AGEA, identificata con il protocollo Uscita N.0002664, datata 12.01.24, che fornisce ulteriori indicazioni sui contributi e le modalità di richiesta.

⏰ **Nota Temporale**: 12/01/2024",Per informazioni inerenti i contributi PAC è necessario rivolgersi al Ministero dell’Agricoltura.,1.0,0.383201560830039,0.22499999998875,1.0,0.17469808861801023,OK,True
Come richiedere l’accesso?,"[""**Oggetto: Registrazione a ClassyFarm**\n\nPer richiedere l'accesso al sistema ClassyFarm, si prega di inviare un'email all'indirizzo info@classyfarm.it. \n\nPer procedere con l'abilitazione, è necessario fornire le seguenti informazioni per ciascun utente indicato:\n\n- Nome\n- Cognome\n- Codice Fiscale\n- Data di nascita\n- Indirizzo email\n\nSi prega di allegare la richiesta su carta intestata, completa dell'elenco degli utenti da abilitare (massimo 3 utenti)."", ""**Oggetto: Richiesta di Accesso al Sistema ClassyFarm**\n\nSi richiede l'invio di e-mail contenenti:  \n• i report delle check-list compilate;  \n• comunicazioni di servizio relative al funzionamento del sistema;  \n• informazioni riguardanti le conseguenze penali in caso di dichiarazioni false e mendaci, come previsto dal D.P.R. 445/2000.  \n\nSi richiede, pertanto, l'accesso al sistema ClassyFarm con il ruolo di medico veterinario aziendale.  \n\n**Firma**  \n________________________  \nData: ____________________"", ""**Richiesta di Accesso al Sistema ClassyFarm**\n\nIn conformità con la normativa vigente in materia di privacy, si richiede l'accesso al sistema ClassyFarm per le seguenti finalità:\n\n- Operazioni di accesso e profilazione al sistema;\n- Invio di comunicazioni via e-mail relative al funzionamento del sistema.\n\nSi dichiara di essere consapevoli della necessità di inviare il modello di Delega per la formale designazione.\n\nSi è altresì informati delle conseguenze penali previste dal D.P.R. 445/2000 in caso di dichiarazioni false o mendaci.\n\n**Si richiede:**\n\n□ Accesso al sistema ClassyFarm con il ruolo di Delegato per un singolo Operatore  \n□ Accesso al sistema ClassyFarm con il ruolo di Delegato per più Operatori  \n\n**FIRMA**  \n………………………………, data ………………………  \n\n………………………………..  \n\n*Si prega di allegare una copia del documento d’identità.*"", '[ASSISTENZA_TELEFONICA] [INVIO_EMAIL] Benvenuti al servizio di assistenza ClassyFarm. In questa pagina, avrete la possibilità di inserire le vostre richieste di assistenza per il sistema ClassyFarm. Per iniziare, vi invitiamo a seguire attentamente la procedura di richiesta accesso.\n\nIn primo luogo, dovrete inserire l\'email nel campo indicato per ricevere la conferma della vostra richiesta. Assicuratevi di compilare il form con i dati personali e dell\'allevamento, inclusi nome, cognome, data di nascita, codice fiscale e altri dettagli richiesti. Se non possedete un\'utenza Vetinfo o se l\'avete dimenticata, vi preghiamo di lasciare il campo corrispondente vuoto.\n\nSuccessivamente, utilizzate il pulsante ""Sfoglia"" per allegare il modulo di adesione e il documento di identità, sia fronte che retro. È fondamentale che, prima di inviare la richiesta, verifichiate che tutti i dati siano corretti. Solo dopo aver effettuato questa verifica, potrete cliccare su ""Invia"" per inoltrare la vostra richiesta.\n\nDopo l\'invio, attendete un\'email di default che confermerà il codice CSD e il corretto invio della vostra richiesta. Infine, restate in attesa dell\'email di avvenuta abilitazione, che vi informerà sull\'esito della vostra richiesta.\n\nGrazie per aver scelto il servizio di assistenza ClassyFarm. Siamo qui per aiutarvi!', ""**ISTRUZIONI PER LA RICHIESTA DI ABILITAZIONE**\n\n1. Scaricare, compilare e firmare il modulo disponibile al seguente link.\n2. Effettuare la richiesta online accedendo al link indicato.\n\nPer richiedere l'abilitazione al sistema, collegarsi al sito www.classyfarm.it."", '**MODULO DI RICHIESTA DI ACCESSO AL SISTEMA CLASSYFARM CON RUOLO DI DELEGATO DA OPERATORE**\n\nIl sottoscritto, Signor (Cognome e Nome): ______________________________________,  \nin possesso del seguente Codice Fiscale: _____________________________,  \nin qualità di: ____________________________ \n\nDICHIARA\n\n- di essere in possesso e di fornire i seguenti recapiti:  \n  - e-mail (NO PEC): ____________________________________,  \n  - telefono cellulare: ___________________.  \n- di essere in possesso della seguente Username Vetinfo: _______________, oppure di non essere in possesso della Username di Vetinfo e di richiederla contestualmente (barrare la parte non necessaria).  \n- di accettare le condizioni del servizio.  \n- di essere consapevole che i dati personali appena comunicati saranno trattati in conformità alla vigente normativa sulla privacy, dal sistema ClassyFarm per:  \n  - le operazioni di accesso e profilazione al sistema.', ""**ISTRUZIONI PER LA RICHIESTA DI ABILITAZIONE**\n\n1. Scaricare, compilare e firmare il modulo disponibile al seguente link.\n2. Effettuare la richiesta online accedendo al link indicato.\n\nPer richiedere l'abilitazione al sistema, si prega di collegarsi al sito www.classyfarm.it."", ""**MODULO DI RICHIESTA DI ACCESSO AL SISTEMA CLASSYFARM CON RUOLO DI OPERATORE**\n\nIl sottoscritto, Signor (Cognome e Nome): ______________________________________,  \nin possesso del seguente Codice Fiscale: ____________________,  \nin qualità di operatore ai sensi del Regolamento (UE) 2016/429 dell'Azienda ____________________,  \ncon sede in _____________________, con attuale codice fiscale/partita IVA _______________________  \ne codice aziendale BDN: ______________,  \n\nDICHIARA  \n\n- di essere in possesso e di fornire i seguenti recapiti:  \n  - e-mail (NO PEC): ____________________________________,  \n  - telefono cellulare: ___________________.  \n\n- di essere in possesso della seguente Username Vetinfo: _______________, oppure di non essere in possesso della Username di Vetinfo e di richiederla contestualmente (barrare la parte non necessaria).  \n\n- di accettare le condizioni del servizio.  \n\n- di essere consapevole che i dati personali appena comunicati saranno trattati in conformità alla normativa vigente."", 'Il testo riguarda le precauzioni generali da adottare all’ingresso di estranei in un allevamento, con particolare attenzione alla biosicurezza. È fondamentale prevenire l’introduzione di agenti infettivi, che possono essere veicolati da persone e automezzi. \n\nPer garantire la sicurezza, è necessario implementare divieti chiari e rispettati per l’ingresso di estranei, sia uomini che veicoli. La valutazione della situazione si basa su tre livelli di verifica:\n\n1. **Assenza totale di procedure**: In questo caso, non sono presenti misure di sicurezza per controllare l’accesso di estranei.\n   \n2. **Presenza di procedure approssimative e non formalizzate**: Qui si riscontra una mancanza di piani scritti, il che indica che le misure adottate non sono sufficientemente definite o organizzate.\n\n3. **Presenza di procedure definite e organiche**: In questa situazione, esistono procedure chiare e scritte, documentate in un manuale di biosicurezza, che regolano l’accesso all’allevamento.\n\nPer migliorare la biosicurezza, è essenziale evitare l’accesso di estranei, in particolare quelli che hanno contatti con altre aziende. Ciò può essere realizzato attraverso l’installazione di cartelli di divieto e barriere fisiche, come cancelli o sbarre. \n\nIn caso di ingressi concordati, è consigliabile mantenere un registro delle visite, in modo da documentare tutte le presenze in allevamento. Questo approccio contribuisce a garantire un ambiente più sicuro e protetto contro potenziali contaminazioni.', ""• di accettare le condizioni del servizio;  \n• di essere consapevole che i dati personali forniti saranno trattati in conformità alla normativa vigente sulla privacy dal sistema ClassyFarm per:  \n  o le operazioni di accesso e profilazione al sistema;  \n  o l'invio di comunicazioni via e-mail relative al funzionamento del sistema;  \n• di essere a conoscenza delle conseguenze penali previste dal D.P.R. 445/2000 in caso di dichiarazioni false e mendaci.  \n\nCHIEDE  \nl'accesso al sistema ClassyFarm con il ruolo di Operatore.  \n\nFIRMA  \n………………………………, lì ………………………  \n………………………………..  \n\nAllegare copia del documento d'identità.""]","Per richiedere l'accesso al sistema ClassyFarm, segui questi passaggi:

1. **Invia un'email** all'indirizzo [EMAIL_RIMOSSO] per avviare la richiesta.

2. **Fornisci le seguenti informazioni** per ciascun utente che desideri abilitare (massimo 3 utenti):
   - Nome
   - Cognome
   - Codice Fiscale
   - Data di nascita
   - Indirizzo email

3. **Allega alla tua email** la richiesta su carta intestata, completa dell'elenco degli utenti da abilitare.

4. Se stai richiedendo l'accesso con un ruolo specifico (ad esempio, medico veterinario aziendale o Delegato), assicurati di includere anche:
   - I report delle check-list compilate.
   - Comunicazioni di servizio relative al funzionamento del sistema.
   - Informazioni riguardanti le conseguenze penali in caso di dichiarazioni false e mendaci, come previsto dal D.P.R. 445/2000.

5. **Compila e firma il modulo di richiesta** disponibile al link indicato nella documentazione.

6. **Allega una copia del documento d’identità** (fronte e retro) alla tua richiesta.

7. Dopo aver inviato la richiesta, attendi un'email di conferma che ti informerà sul codice CSD e sull'esito della tua richiesta di abilitazione.

Assicurati di verificare che tutti i dati siano corretti prima di inviare la tua email.",Può inviare un’email generica a info@classyfarm.it indicando l’ASL di appartenenza. Riceverà un’email di risposta con un file Excel da compilare e verrà messo in copia conoscenza il proprio Referente Regionale ClassyFarm.,1.0,0.6402853189831026,0.474999999988125,0.0,0.16579422567954955,EMAIL_MISMATCH,True
Dove trovo gli allevamenti che hanno effettuato l’autocontrollo per il taglio coda?,"[""Il taglio della coda nelle pecore da latte non rappresenta una pratica vantaggiosa per il benessere dell'animale e deriva spesso da consuetudini consolidate. Nelle regioni mediterranee d'Europa, dove le pecore sono principalmente allevate per la produzione di latte, il taglio della coda viene giustificato con l'argomento di una migliore igiene della mammella e del latte, un'affermazione che risulta non dimostrata e controversa nella letteratura scientifica.\n\nÈ opportuno sottolineare che la coda è un'importante struttura anatomica, utilizzata dagli animali durante la deambulazione, in particolare nella corsa, per mantenere l'equilibrio. Essa funge anche da punto di attacco per i muscoli che regolano il corretto funzionamento del retto. Inoltre, la coda svolge un ruolo comportamentale significativo, contribuendo alla comunicazione tra consimili e all'allontanamento degli insetti.\n\nStudi recenti (Peli et al., 2017) hanno dimostrato che il taglio della coda nella pecora Lacaune..."", ""Il Ministero della Salute ha predisposto un percorso per gli allevatori che desiderano allevare animali con coda tagliata, fornendo loro strumenti utili per la valutazione del rischio in allevamento. A tal fine, è stato creato un gruppo di lavoro ad hoc che ha elaborato una check list per l’autovalutazione del rischio, denominata ClassyFarm 1, e un manuale di valutazione, ClassyFarm 2, entrambi risalenti al 2018.\n\nQuesti strumenti consentono agli allevatori di verificare la conformità del loro allevamento rispetto a sei punti chiave, assegnando un giudizio che può essere insufficiente, migliorabile o ottimale. Per allevare animali caudectomizzati, è fondamentale seguire un percorso ben definito e documentato. Questo include la valutazione del rischio e la verifica della conformità dell’allevamento rispetto ai requisiti critici, con l'obiettivo di raggiungere un livello migliorabile per tutti i requisiti della check list.\n\nInoltre, è necessario mettere in atto interventi migliorativi, i quali devono essere documentati attraverso un cronoprogramma preciso. Questo approccio garantisce che gli allevatori possano gestire in modo responsabile e conforme il benessere degli animali."", '**Pulizia, comfort termico e qualità dell’aria, stato di salute, competizione per alimenti e spazio, alimentazione.**\n\nPoiché gli effetti della caudofagia si manifestano negli allevamenti da svezzamento e da ingrasso, è previsto che, nel caso in cui vengano allevati suini con coda tagliata, venga effettuata una valutazione del rischio considerando tutti e sei i fattori precedentemente elencati. \n\nPer ciascuno dei punti chiave, l’allevatore deve verificare almeno la conformità ai requisiti minimi di legge. Successivamente, è necessario attuare interventi migliorativi rispetto ad alcuni o a tutti i requisiti ritenuti cruciali per prevenire l’insorgenza della problematica della ""morsicatura della coda"". Qualora, a seguito dell’implementazione di tali interventi, persistano episodi di morsicatura della coda, l’allevamento è autorizzato, in via temporanea, ad applicare la deroga, allevando gruppi...', ""La caudectomia, ovvero il taglio della coda, è una pratica che solleva diverse problematiche etiche e di benessere animale. In particolare, se la documentazione relativa all'intervento è presente ma viene considerata non idonea o insufficiente a giustificare il ricorso a questa procedura, oppure se l'intervento è stato effettuato senza l'uso di analgesia e anestesia, o attraverso pratiche dolorose e inadeguate, si pone un serio interrogativo sulla legittimità della caudectomia stessa. \n\nÈ importante notare che, nel caso di soggetti con lesioni alla coda di origine traumatica o da schiacciamento, tali situazioni non rientrano nella definizione di mutilazione. Tuttavia, la pratica della caudectomia ha dimostrato di avere gravi ripercussioni sul benessere degli agnelli e delle pecore adulte, e non sembra offrire reali benefici per la gestione aziendale.\n\nIn particolare, nelle razze di pecore a pelo corto e da latte, il taglio della coda non si rivela utile per il benessere dell'animale. Spesso, questa pratica è il risultato di consuetudini radicate, specialmente nell'Europa mediterranea, dove le pecore sono prevalentemente allevate per la produzione di latte. In questo contesto, il taglio della coda viene giustificato con l'argomento di una migliore igiene della mammella e del latte, un'affermazione che risulta non dimostrata e controversa nella letteratura scientifica."", ""**Misure preventive al taglio della coda**\n\nIl mozzamento della coda non deve essere considerato un'operazione di routine, ma deve essere effettuato esclusivamente in presenza di ferite ai capezzoli delle scrofe, agli orecchi o alle code di altri suini. Prima di procedere con tali interventi, è fondamentale adottare misure preventive per evitare le morsicature delle code e altri comportamenti anomali, tenendo in considerazione le condizioni ambientali e la densità degli animali. È quindi necessario apportare modifiche alle condizioni ambientali o ai sistemi di gestione che risultino inadeguati (D. L. vo 122/2011, allegato I, parte I, punto 9).\n\nLa capacità di controllare il rischio di morsicatura della coda, attraverso una corretta identificazione e risoluzione dei fattori predisponenti legati all'animale, all'ambiente e alla gestione dell'allevamento, è essenziale per eliminare il mozzamento della coda."", ""Il documento riguarda il Sistema Integrato «ClassyFarm» e fornisce indicazioni per l'inserimento della check-list relativa alla valutazione del rischio per il taglio della coda. Nella sezione dedicata alle misure basate sugli animali (Area C), viene specificato come effettuare il controllo per il contatore sull'ABM, in particolare per quanto riguarda i disordini enterici.\n\nPer effettuare questa valutazione, è necessario contare due elementi distinti:\n\n1. Il numero di box che presentano esclusivamente feci liquide. Ad esempio, se si osserva un solo box con questa condizione, si annoterà il numero 1.\n2. Il numero di box che non presentano feci liquide. Se, ad esempio, si osservano nove box senza feci liquide, si annoterà il numero 9.\n\nQueste informazioni sono fondamentali per una corretta valutazione del rischio associato al taglio della coda negli animali."", ""Elenco di punti critici per ciascun allevamento, finalizzato a evidenziare gli elementi necessari per prevenire la pratica del mozzamento della coda. L'obiettivo finale dell'implementazione di questo sistema è quello di categorizzare tutti gli allevamenti suini a livello nazionale, fornendo una panoramica epidemiologica globale e aggiornata. Il nuovo sistema consente di classificare gli allevamenti in tre livelli di rischio:\n\n- **Livello 1**: rischio alto, condizione inaccettabile e negativa; indica un'elevata probabilità che si verifichi l'evento negativo della morsicatura della coda.\n  \n- **Livello 2**: rischio controllato o condizione accettabile, normale e compatibile con la possibilità di allevare gruppi di animali con coda integra, con una probabilità medio-bassa che si verifichi l'evento negativo della morsicatura della coda.\n  \n- **Livello 3**: rischio basso o condizione ottimale, positiva e compatibile con la possibilità di allevare animali in condizioni favorevoli."", 'Infine, si segnala che nella nota del Ministero della Salute del 20 dicembre 2021, riguardante l\'emanazione della ""Check list per il controllo ufficiale del benessere di ovini e caprini"", disponibile a partire dal 1° gennaio 2022, è specificato quanto segue: ""...si evidenzia la necessità di chiarire che, in relazione all\'elemento riguardante le «mutilazioni», la pratica del taglio di una parte della coda non è consentita dalle normative vigenti. Tuttavia, poiché il taglio della coda sembra essere praticato frequentemente dagli allevatori, si invitano gli Enti competenti ad applicare in modo perentorio e improrogabile l\'elemento in questione esclusivamente per gli animali nati dopo il 1° gennaio 2022, al fine di concedere agli allevatori un margine di tempo per adeguare le pratiche di allevamento."" \n\nTutti i trattamenti che comportano operazioni cruente devono essere eseguiti utilizzando materiali sterilizzati o monouso e devono essere effettuati in modo da prevenire all\'animale dolore o sofferenza prolungata o non necessaria.', 'Il sistema integrato ""ClassyFarm"" offre una guida per l\'inserimento della check-list per la valutazione del rischio relativo al taglio della coda. \n\nInizialmente, è necessario fornire alcuni dati generali. Per ogni settore dell\'azienda, bisogna inserire il numero di animali presenti. Successivamente, si deve rispondere a una serie di domande riguardanti il taglio della coda. \n\nUna volta completata e salvata questa sezione, apparirà una spunta verde in alto a destra, sotto la dicitura ""Sezioni"", a indicare che il lavoro è stato portato a termine. Per procedere alla sezione successiva, è sufficiente cliccare sul pulsante ""prossima"". \n\nQuesti passaggi sono fondamentali per garantire una corretta compilazione del controllo.', ""**Misure preventive al taglio della coda**\n\nIl mozzamento della coda e la riduzione degli incisivi nei lattonzoli non devono essere considerati interventi di routine, ma devono essere eseguiti esclusivamente in presenza di evidenze di ferite ai capezzoli delle scrofe, nonché agli orecchi o alle code di altri suini. Prima di procedere con tali operazioni, è fondamentale adottare misure preventive per evitare le morsicature delle code e altri comportamenti anomali, tenendo in considerazione le condizioni ambientali e la densità degli animali. È quindi necessario apportare modifiche alle condizioni ambientali o ai sistemi di gestione che risultino inadeguati (D. L. vo 122/2011, allegato I, parte I, punto 9).\n\nLa capacità di controllare il rischio di morsicatura della coda, attraverso una corretta identificazione e risoluzione dei fattori predisponenti legati all'animale, all'ambiente e alla gestione dell'allevamento, è essenziale per eliminare il mozzamento della coda.""]","Per trovare gli allevamenti che hanno effettuato l’autocontrollo per il taglio della coda, puoi seguire il percorso predisposto dal Ministero della Salute, che include l'utilizzo degli strumenti ClassyFarm 1 e ClassyFarm 2. Ecco i passaggi da seguire:

1. **Accesso agli strumenti**: Gli allevatori devono utilizzare la check list per l’autovalutazione del rischio (ClassyFarm 1) e il manuale di valutazione (ClassyFarm 2), entrambi risalenti al 2018.

2. **Valutazione del rischio**: Gli allevatori devono verificare la conformità del loro allevamento rispetto a sei punti chiave, assegnando un giudizio che può essere insufficiente, migliorabile o ottimale.

3. **Documentazione degli interventi**: È necessario mettere in atto interventi migliorativi, documentandoli attraverso un cronoprogramma preciso.

4. **Controllo della conformità**: Gli allevatori devono verificare almeno la conformità ai requisiti minimi di legge per ciascuno dei punti chiave.

5. **Classificazione degli allevamenti**: Gli allevamenti vengono classificati in tre livelli di rischio (alto, controllato, basso) in base alla loro conformità e agli interventi attuati.

6. **Consultazione della nota del Ministero**: È utile consultare la nota del Ministero della Salute del 20 dicembre 2021, che evidenzia la necessità di chiarire che il taglio della coda non è consentito dalle normative vigenti per gli animali nati dopo il 1° gennaio 2022.

Per ulteriori dettagli specifici su come accedere a queste informazioni, potrebbe essere necessario contattare direttamente gli enti competenti o consultare il sito ufficiale del Ministero della Salute.","Entrando in ""Dashboard"" - cruscotto ""Benessere suino aggregato"", sul filtro ""Tipo"" selezionare ""TC"" e poi cliccare sul tasto ""Tabella allev."" è possibile scaricare l’elenco degli allevamenti. Sul sito www.classyfarm.it è disponibile la guida ai Cruscotti Interattivi per avere informazioni più dettagliate.",0.8823529411764706,0.9669673764258464,0.5079365079263491,1.0,0.14374295984626362,OK,True
Come posso scaricare l’elenco degli allevamenti controllati/controllabili?,"['Il testo fornisce informazioni riguardanti la conformità e la selezione degli allevamenti sottoposti a controllo. Di seguito, viene presentato un elenco strutturato discorsivo delle informazioni contenute nel testo.\n\nIn merito alla conformità, si evidenzia che è possibile indicare evidenze idonee a dimostrare sia la conformità che la non conformità rispetto alla normativa o a requisiti superiori rispetto al livello minimo. Le evidenze possono essere classificate come segue:\n\n- **Ottimale**: Superiore al requisito previsto.\n- **Conforme**: Indicato con ""SI"".\n- **Non conforme**: Indicato con ""NESSUNA"".\n\nPer quanto riguarda la selezione degli allevamenti sottoposti a controllo, sono stati utilizzati diversi criteri, tra cui:\n\n1. **Valutazione del rischio ClassyFarm**: Indicato con ""Y"".\n2. **Selezione regionale**: \n   - Allevamenti non controllati negli anni precedenti.\n   - Segnalazioni da altre autorità competenti, da altri organi di controllo o dal macello.\n   - Allevamenti con più proprietari o detentori.\n   - Controllo associato al piano nazionale di farmacosorveglianza.\n   - Cambiamenti della situazione aziendale.\n\nQuesti criteri sono fondamentali per garantire un controllo efficace e mirato degli allevamenti, assicurando così il rispetto delle normative vigenti.', ""www.classyfarm.it  \nNumero di controlli effettuati per l'allevamento  \nEsito dell'ultimo controllo  \nPunteggio di rischio ottenuto  \nElenco degli allevamenti controllati per l'anno, la specie e il questionario  \nFARMACOSORVEGLIANZA AGGREGATA"", 'www.classyfarm.it  \nSelezionando la voce ""Tabella Allevamenti"", sarà possibile visualizzare l\'elenco degli allevamenti, con dettagli specifici relativi a ciascun allevamento, in base alla selezione della categoria e della quota desiderata (quota regionale, casuale, a rischio e piccole dimensioni).  \n\nCRITERI DI SELEZIONE:  \n- Allevamenti di grandi dimensioni  \n- Quota a rischio  \n- Quota regionale  \n- Quota casuale  \n- Allevamenti di piccole dimensioni  \n- Quota regionale  \n\nRISCHIO-PROGRAMMAZIONE', 'www.classyfarm.it  \nÈ possibile scaricare la tabella in formato Excel. \n\nLa Heatmap Nazionale presenta le Regioni colorate in base al quartile di appartenenza. \n\nLa Mappa Dettaglio consente di visualizzare gli allevamenti soggetti a controllo, categorizzati per quartile di consumo. \n\nLa Tabella (allevamenti selezionati) permette di visualizzare i dati in formato tabellare. \n\nSELEZIONE DEL TIPO DI VISUALIZZAZIONE:  \nFARMACO BIOMASSA - AGGREGATO.', ""www.classyfarm.it  \nElenco completo di tutti i controlli registrati nel sistema, comprensivo di dati relativi all'allevamento, esito del controllo, nome del controllore, data, indicatore dell'ultimo controllo e tipologia di allevamento.  \nPossibilità di filtrare per tipologia di allevamento e anno di riferimento."", ""1. Selezionare l'allevamento di interesse nella parte superiore sinistra dello schermo.  \nNota Bene: Gli allevamenti visualizzati nel menu a tendina sono quelli assegnati dall'Organismo di Controllo (OdC).  \n\n2. Procedere quindi alla compilazione della checklist.  \nÈ possibile inserire il codice dell'allevamento manualmente oppure selezionarlo dal menu a tendina.  \n\nCompilazione della Checklist di Valutazione:  \nQuesta operazione consente di ottenere in formato PDF la checklist completamente non compilata."", ""Sulla base dei servizi veterinari pubblici e delle più recenti ricerche disponibili in materia, sono state elaborate nuove check-list con l'intento di semplificare e rendere conforme alle attuali esigenze la verifica delle condizioni di benessere animale negli allevamenti italiani. \n\nL'obiettivo finale dell'implementazione del nuovo protocollo, oltre a facilitare l'individuazione di situazioni non conformi alle normative vigenti, è quello di categorizzare gli allevamenti in fasce di rischio e sviluppare piani di controllo mirati ed efficaci. Il nuovo sistema potrebbe..."", '1. Selezionare l\'allevamento di interesse nella parte superiore sinistra dello schermo.  \nNota Bene: Gli allevamenti visualizzati nel menu a tendina sono quelli associati alla voce ""Selezione Azienda"".  \n\n2. Procedere quindi alla compilazione della checklist.  \n2.1. È possibile inserire il codice dell\'allevamento manualmente oppure selezionarlo dal menu a tendina.  \n\nComunicazione Esito Valutazione.', '**www.classyfarm.it**\n\nLa guida è disponibile per il download cliccando su ""Guida"". \n\nSelezionando ""Dettaglio Risposte"", verrà visualizzata la lista delle risposte ottenute per il questionario selezionato. Nella colonna ""Indic."", il pallino verde indica che il requisito ha ricevuto un giudizio ottimale, il pallino giallo indica un giudizio accettabile, mentre il pallino rosso indica un giudizio insufficiente. Nella colonna ""Rilev. Leg."", la dicitura ""Sì"" indica che il parametro rappresenta un requisito di legge.\n\nCliccando su ""Risp. INSUFFICIENTI"", verrà mostrata la lista delle risposte insufficienti ottenute nell’allevamento selezionato, contrassegnate nella colonna ""Indic."" da un pallino rosso. Nella colonna ""Rilevanza Leg."", la dicitura ""Sì"" indica che il parametro rappresenta un requisito di legge.\n\nCliccando su ""Mappa"", verrà visualizzata l’ubicazione dell’allevamento selezionato, identificato con un pallino nero, e degli allevamenti circostanti, indicati con pallini di colori variabili dal rosso al blu. Spostando il cursore sui pallini, appariranno il codice e le coordinate geografiche degli allevamenti.', '27  \nSelezionare il questionario di interesse e fare clic su:  \n• Per scaricare il report contenente le risposte non conformi, fare clic su «Download PDF risposte non conformi».  \n• Per scaricare il report con tutte le risposte, fare clic su «Download PDF con tutte le risposte».  \nScaricare il Report.']","Per scaricare l'elenco degli allevamenti controllati/controllabili, segui questi passaggi:

1. Visita il sito **www.classyfarm.it**.
2. Seleziona la voce **""Tabella Allevamenti""**. Qui potrai visualizzare l'elenco degli allevamenti con dettagli specifici.
3. Scegli la categoria e la quota desiderata per la selezione (quota regionale, casuale, a rischio e piccole dimensioni).
4. Una volta visualizzato l'elenco, avrai la possibilità di scaricare la tabella in formato Excel.

Assicurati di seguire questi passaggi per ottenere l'elenco completo degli allevamenti controllati.","Entrando in ""Dashboard"" - cruscotto ""Rischio programmazione"", selezionando i filtri opportuni e poi cliccando su ""Tabella allev."" è possibile scaricare l’elenco degli allevamenti. Sul sito www.classyfarm.it è disponibile la guida ai Cruscotti Interattivi per avere informazioni più dettagliate.",0.5555555555555556,0.9803434227436405,,1.0,0.18712524245927153,OK,True
Perché non riesco a trovare l’allevamento quando compilo una CL?,"[""Per associarsi all'allevamento nel sistema integrato «ClassyFarm», seguire questi passaggi:\n\n1. Dopo aver scelto il proprio ruolo, cliccare su «Selezione Azienda».\n2. Procedere cliccando su «Nuovo Allevamento».\n3. Inserire il codice aziendale e poi cliccare su «Verifica».\n4. Cliccando su «Dettagli», è possibile visualizzare le informazioni relative all'allevamento, come la ragione sociale, la partita IVA e l'indirizzo.\n5. Selezionare la checklist che deve essere compilata per l'allevamento scelto. Si noti che, nel caso si disponga di un veterinario aziendale, il passaggio 4 non è necessario."", '**ISTRUZIONI PER L\'ASSOCIAZIONE DI UN ALLEVAMENTO**\n\nPrima di procedere con l\'inserimento della checklist, è fondamentale associare l\'allevamento di interesse.\n\n1. Cliccare sul pulsante ""Nuovo Allevamento"".\n2. Inserire il codice dell\'allevamento, quindi cliccare sul pulsante ""Verifica"" e selezionare l\'allevamento da associare.', '1. Cliccare su ""Nuovo Allevamento"".\n2. Inserire il codice aziendale (es. 001XX001) e fare clic su ""Verifica"".\n   - Il sistema recupererà automaticamente i dati dell\'allevamento.\n3. Selezionare l\'Azienda.', '1. Selezionare l\'allevamento di interesse nella parte superiore sinistra dello schermo.  \nNota Bene: Gli allevamenti visualizzati nel menu a tendina sono quelli associati alla voce ""Selezione Azienda"".  \n\n2. Procedere quindi alla compilazione della checklist.  \n2.1. È possibile inserire il codice dell\'allevamento manualmente oppure selezionarlo dal menu a tendina.  \n\nComunicazione Esito Valutazione.', 'Allevamento di suini con coda mozzata, in cui sia attualmente in corso un cronoprogramma di miglioramento a seguito di una valutazione del rischio, oppure in cui il cronoprogramma di miglioramento sia stato completato e siano allevati gruppi di animali con coda integra (fase di verifica delle condizioni per l’allevamento di suini a coda integra). La condizione per il requisito superiore stabilisce che tutti gli animali siano allevati con coda integra e che non presentino lesioni alla coda o alle orecchie (valutazione insufficiente ai criteri C.33 Morsicatura Coda e C.42 Lesioni corpo).', '**21  \nASSOCIAZIONE DI UN ALLEVAMENTO**  \nQuesta operazione è necessaria esclusivamente per il Veterinario Incaricato e il Veterinario Aziendale.\n\n1. Accedere a ClassyFarm e selezionare l\'opzione ""Selezione Azienda"".\n2. Cliccare sul pulsante ""Nuovo Allevamento"".\n3. Inserire il codice dell\'allevamento, cliccare sul pulsante ""Verifica"" e selezionare l\'allevamento da associare.\n4. Scegliere le tipologie di questionario che si desidera compilare tramite il menu a tendina.\n5. Caricare i documenti richiesti (si consiglia di utilizzare file in formato PDF; il modulo di autorizzazione è scaricabile al seguente link: https://www.classyfarm.it/index.php/register-it) e cliccare sul pulsante ""Conferma"" in fondo alla pagina.', '1. Selezionare l\'allevamento di interesse nella parte superiore sinistra dello schermo.  \nNota Bene: Gli allevamenti visualizzati nel menu a tendina sono quelli precedentemente associati nella sezione ""Selezione Azienda"".  \n\n2. Procedere quindi alla compilazione del questionario.  \n\n**Compilazione del Questionario**  \nÈ possibile inserire il codice dell\'allevamento manualmente oppure selezionarlo dal menu a tendina.', 'www.classyfarm.it  \nSelezionando la voce ""Tabella Allevamenti"", sarà possibile visualizzare l\'elenco degli allevamenti, con dettagli specifici relativi a ciascun allevamento, in base alla selezione della categoria e della quota desiderata (quota regionale, casuale, a rischio e piccole dimensioni).  \n\nCRITERI DI SELEZIONE:  \n- Allevamenti di grandi dimensioni  \n- Quota a rischio  \n- Quota regionale  \n- Quota casuale  \n- Allevamenti di piccole dimensioni  \n- Quota regionale  \n\nRISCHIO-PROGRAMMAZIONE', ""**PAG**  \nSistema Integrato «ClassyFarm» - Guida per Delegati Operatori - Filiera o Gruppo  \n\n**Procedura per l'abbinamento all'allevamento:**  \n1. Dopo aver selezionato il profilo, cliccare su «Selezione Azienda».  \n2. Cliccare su «Nuovo Allevamento».  \n3. Inserire il codice aziendale e cliccare su «Verifica».  \n\n**CARICAMENTO DELEGA**  \n1. Cliccando su «Dettagli», è possibile visualizzare le informazioni relative all'allevamento (Ragione sociale, Partita IVA, Indirizzo, ecc.).  \n(N.B. Se sono presenti più allevamenti, è necessario SELEZIONARE l'allevamento desiderato dall'elenco fornito in base al codice aziendale.)"", ""Per valutare in modo ottimale la partecipazione a corsi di formazione specifici sul benessere animale e l’allevamento del coniglio, è fondamentale possedere due requisiti principali: un'esperienza prolungata e un titolo di studio o una formazione specifica. È consigliabile che i corsi di formazione o aggiornamento vengano ripetuti regolarmente durante il periodo lavorativo, con una frequenza di almeno un corso ogni tre anni.\n\nNel caso in cui l’allevamento sia gestito da più operatori, è sufficiente che almeno un addetto, che può essere il titolare o un dipendente, partecipi ai corsi di formazione. Tuttavia, i limiti stabiliti per la valutazione servono solo come guida per il valutatore, il quale deve considerare tutti i fattori di rischio associati all’allevamento prima di esprimere un giudizio finale.\n\nLe capacità e le conoscenze sono considerate inadeguate se l'esperienza è inferiore a dieci anni e non è stata effettuata alcuna formazione sul benessere animale. Al contrario, le capacità e le conoscenze sono ritenute adeguate se l'esperienza è di almeno dieci anni, anche in assenza di un titolo di studio.""]","Se non riesci a trovare l’allevamento quando compili una checklist (CL), potrebbero esserci diverse ragioni:

1. **Associazione dell'allevamento**: Assicurati di aver correttamente associato l'allevamento nel sistema. Devi cliccare su ""Nuovo Allevamento"", inserire il codice aziendale e cliccare su ""Verifica"" per selezionare l'allevamento da associare [1][2][6].

2. **Selezione Azienda**: Verifica di aver selezionato correttamente l'opzione ""Selezione Azienda"" prima di cercare l'allevamento [9].

3. **Allevamenti disponibili**: Gli allevamenti visualizzati nel menu a tendina sono solo quelli associati alla tua selezione. Se non hai associato alcun allevamento, non apparirà nell'elenco [4][7].

Se hai bisogno di ulteriore assistenza, puoi contattare il supporto di ClassyFarm.","Il sistema non può trovare codici BDN associati ad allevamenti chiusi o allevamenti appartenenti a un’ASL differente da quella del veterinario compilatore. Inoltre, per alcune specie (pesci e lagomorfi), se l’allevamento non viene trovato, è necessario compilare i dati anagrafici in modalità manuale contattando l’assistenza.",0.7777777777777778,0.7713372296501566,0.6277777777652221,0.0,0.17039334517718713,OK,True
Dove posso vedere le CL caricate dai colleghi?,"['Il contatto ha coinvolto tutti i soggetti presenti nella struttura. Lo stallo, completamente svuotato, deve essere successivamente pulito e disinfettato secondo le procedure di ""tutto pieno/tutto vuoto"". Analogamente, sono considerate accettabili le situazioni in cui le carcasse vengano caricate su automezzi dell\'allevatore e trasportate da quest\'ultimo al centro di raccolta, a condizione che venga garantito l\'evitamento di percolamenti di qualsiasi materiale biologico. La stessa considerazione si applica nel caso della vendita di animali vivi, qualora questi vengano trasportati al di fuori dell\'allevamento mediante automezzi aziendali idonei.', ""Per garantire il benessere delle galline allevate, è fondamentale che esse siano dotate di ripari dalle intemperie e dai predatori, oltre a disporre di abbeveratoi appropriati. La gestione dello spazio all'aperto deve essere effettuata in modo da incoraggiare le galline a sfruttarlo al massimo. Tuttavia, le galline tendono a manifestare timore nei confronti di potenziali predatori, un atteggiamento che può essere attenuato grazie alla presenza di ripari dove possano rifugiarsi.\n\nPer incentivare l'uso delle aree esterne, è quindi necessario fornire ripari e zone d'ombra, sia naturali che artificiali. È importante considerare che i predatori rappresentano un reale rischio per le galline; pertanto, è essenziale adottare misure di protezione adeguate. Queste possono includere l'installazione di recinzioni per proteggere le galline dai predatori terrestri e l'uso di reti sospese per difenderle dai rapaci.\n\nInfine, è compito del veterinario ufficiale verificare la presenza e l'adeguatezza dei ripari, assicurandosi che siano efficaci nella protezione delle galline dai predatori."", ""[DASHBOARD] **Sistema Integrato «ClassyFarm» - Guida per l'Operatore e i suoi Delegati**\n\n**PAG**  \n**SELEZIONE DELL'AMBIENTE**  \n20  \n\n1. Cliccare su «Dashboard» per accedere alla consultazione dei cruscotti.  \n1. Nome utente e profilo selezionato; cliccare qui per modificare il profilo."", '[DASHBOARD] **Dashboard: Consultazione delle Checklist Compilate**\n\nÈ possibile visualizzare le checklist compilate dal Valutatore direttamente dal cruscotto, in formato tabellare. \n\n1. \n2.', ""**Sistema Integrato «ClassyFarm» - Guida per l'Operatore e i suoi Delegati**\n\n**PAG**  \n**LOGIN: Visualizzazione**  \nAccedere al sito: https://www.vetinfo.it/  \nCliccare su «ACCEDI all’Area riservata» e, nella pagina che si aprirà, inserire le credenziali d'accesso fornite dal Sistema Veterinario Informativo (credenziali VetINFO).  \n**12**"", '[DASHBOARD] **14  \nDashboard: Cruscotto di Visualizzazione**  \nAzienda già associata al Valutatore.  \nSarà possibile visualizzare, tramite il cruscotto, tutti gli allevamenti associati nella sezione ""Selezione Azienda"".  \nÈ prevista la possibilità di visualizzare la tabella a schermo intero cliccando sull\'icona corrispondente.  \nFiltri di Selezione: Azienda non ancora associata al Valutatore.', '[DASHBOARD] **www.classyfarm.it**  \n**Andamento storico dei controlli e relativi esiti**  \n- Modifica delle schermate del cruscotto  \n- Ripristino dei filtri applicati  \n- Accesso alla guida del cruscotto in formato PDF  \n- Data di aggiornamento del cruscotto  \n- Variazione degli indicatori Heatmap: forniscono una visione complessiva e di confronto tra le regioni  \n- Indicatori nazionali per specie e area: consentono il confronto a livello nazionale con la regione/ASL selezionata  \n- Rischio-programmazione', '[DASHBOARD] **www.classyfarm.it**\n\n**CONFRONTI CON SELEZIONE (NAZIONALE, REGIONALE, ASL)**  \nIl valore centrale si riferisce alla selezione, mentre il numero esterno indica la statistica (mediana o media pesata) e il livello geografico (Nazionale, Regionale e ASL) selezionati. \n\nIl dato espresso in DDDAit, visualizzato nel cruscotto, rappresenta il consumo dell’allevamento rispetto al periodo di riferimento (3, 6, 9 mesi), proiettato su base annuale. Se i consumi di antimicrobico rimarranno costanti nel restante periodo, alla fine dell’anno il consumo totale sarà sovrapponibile a quello attualmente mostrato.\n\n**SELEZIONE CONFRONTI**  \nÈ possibile selezionare le statistiche a diversi livelli geografici (Nazionale, Regionale e ASL), il che comporta una modifica anche del tachimetro principale.\n\n**STATISTICHE ADDIZIONALI**  \nSono riportati i limiti di quartile; i valori indicano le soglie che delimitano il passaggio tra i quartili.\n\n**AVVISO**  \nIl cruscotto viene aggiornato trimestralmente; pertanto, selezionando l’anno, si otterranno dati aggiornati.', ""**11  \nSelezione Azienda**  \nPossibilità di scaricare un file CSV contenente un riepilogo delle aziende associate all'Ordine dei Commercialisti (OdC)."", '[DASHBOARD] **INDICE**\n\n• Accesso a ClassyFarm  \npagina 3  \n\n• Cruscotto per la verifica dei prerequisiti (Dashboard)  \npagina 7  \n\n• Compilazione della checklist di valutazione  \npagina 11  \n\n• Ripresa della compilazione di una checklist salvata in bozza  \npagina 19  \n\n• Consultazione delle checklist compilate  \npagina 23  \n\n• Report  \npagina 25']","Per vedere le checklist (CL) caricate dai colleghi, puoi seguire questi passaggi:

1. Accedi al sito: https://www.vetinfo.it/.
2. Clicca su «ACCEDI all’Area riservata» e inserisci le credenziali d'accesso fornite dal Sistema Veterinario Informativo (credenziali VetINFO).
3. Una volta effettuato l'accesso, vai alla sezione «Dashboard».
4. Nella Dashboard, puoi consultare le checklist compilate dal Valutatore direttamente dal cruscotto, in formato tabellare.

Assicurati di avere le credenziali corrette per accedere all'area riservata.",Al momento è possibile visualizzare le CL compilate dai veterinari della propria ASL nella sezione Dashboard.,0.7142857142857143,0.4251941947265525,0.46666666665733325,1.0,0.33299397418604826,OK,True
È necessario compilare una nuova CL al momento della verifica della prescrizione?,"['**Sistema Integrato «ClassyFarm» - GUIDA ALL\'INSERIMENTO DEL CONTROLLO FARMACOSORVEGLIANZA**\n\nIn caso di un secondo controllo per verificare l\'adempimento delle prescrizioni:\n\n1. Compilare un nuovo controllo, inserendo esclusivamente le informazioni necessarie. Per tutte le altre risposte, selezionare l\'opzione NA. (Nota bene: per velocizzare la compilazione, è possibile utilizzare gli aiuti disponibili. Ad esempio, se si desidera compilare l\'area A, selezionare ""No"", quindi cliccare su ""Salva""; in questo modo, tutte le risposte verranno automaticamente contrassegnate come NA. Se è necessario compilare solo una o due risposte, è possibile selezionare ""Sì"" e modificare le informazioni richieste).\n\nSi prega di prestare attenzione: alcune risposte sono comunque obbligatorie per la sezione. Assicurarsi di compilare tali risposte secondo le indicazioni fornite al momento del salvataggio del controllo.\n\n**SECONDO CONTROLLO**  \n29', 'La nuova check-list di farmacovigilanza, contenuta nel manuale operativo 1.3, prevede una serie di verifiche da effettuare in relazione alla risoluzione delle non conformità e all\'esecuzione delle prescrizioni.\n\nIn primo luogo, è necessario verificare la risoluzione della non conformità per la quale è stata applicata una diffida, entro un termine di 30 giorni. A tal fine, si deve indicare se la risoluzione è avvenuta, segnando ""Sì"" o ""No"". È richiesta una descrizione dettagliata della situazione.\n\nSuccessivamente, si deve registrare la data della verifica e fornire i dati del proprietario o operatore presente all\'ispezione, inclusi nome, cognome e firma. Inoltre, è necessario annotare il nome e cognome del veterinario ufficiale, insieme alla sua firma e timbro.\n\nIn secondo luogo, si procede alla verifica dell\'esecuzione delle prescrizioni. Anche in questo caso, si deve indicare se le prescrizioni sono state eseguite, segnando ""Sì"" o ""No"", e fornire una descrizione della situazione. \n\nQueste procedure sono fondamentali per garantire la conformità e la sicurezza nel settore della farmacovigilanza.', ""Il giorno dell’ispezione è un momento cruciale per la valutazione delle misure basate sugli animali. È fondamentale compilare la tabella dedicata, poiché essa rappresenta un ausilio necessario per effettuare una corretta valutazione. Inoltre, la tabella contribuisce alla categorizzazione del rischio all'interno del sistema ClassyFarm."", 'La verifica dell\'esecuzione delle prescrizioni deve essere effettuata alla scadenza del tempo assegnato. Il risultato di questo controllo sarà utilizzato per accertare il rispetto degli impegni di condizionalità necessari per l\'erogazione degli aiuti comunitari. In caso di non conformità, l\'esito del controllo sarà elaborato dall\'Organismo Pagatore.\n\nDurante l\'ispezione, è necessario registrare se le prescrizioni sono state rispettate, con un\'opzione di risposta ""Sì"" o ""No"". È richiesta la data del primo controllo in loco, insieme al nome e cognome del proprietario, detentore o conduttore presente durante l\'ispezione. Inoltre, è necessaria la firma di questa persona.\n\nAnche il controllore deve essere identificato, con il suo nome e cognome, e deve apporre la propria firma e timbro. Infine, è importante registrare la data della verifica in loco e ripetere le informazioni relative al proprietario, detentore o conduttore presente, inclusa la sua firma.', 'La nuova check-list di farmacovigilanza, contenuta nel manuale operativo 1.3, prevede una sezione dedicata alle valutazioni finali. In questa sezione, si deve indicare l\'esito del controllo, che può essere favorevole o sfavorevole. \n\nIn caso di esito sfavorevole, è necessario specificare se è stata applicata una diffida. Si deve rispondere con ""Sì"" o ""No"". Se la risposta è affermativa, è richiesto di dettagliare la violazione, specificando se è sanabile e se è stata commessa per la prima volta. Inoltre, si devono indicare i provvedimenti da adottare per l\'adempimento, che devono essere completati entro un massimo di 30 giorni dalla data di notifica.\n\nUn\'altra parte importante della check-list riguarda le prescrizioni. Si deve indicare se sono state assegnate prescrizioni, rispondendo sempre con ""Sì"" o ""No"". In caso di risposta affermativa, è necessario specificare quali prescrizioni sono state assegnate.', 'Il testo riguarda le procedure relative ai medicinali nel contesto del Servizio sanitario nazionale e la loro gestione. È importante comunicare gli stabilimenti in cui i delegati sono eventualmente responsabili delle attività correlate.\n\nIn merito ai medicinali, si specifica che questi devono essere associati a una prescrizione veterinaria e alla relativa fornitura. La registrazione dei medicinali nel registro della scorta avviene automaticamente al momento della fornitura, effettuata dal farmacista, utilizzando la prescrizione veterinaria elettronica (REV).\n\nÈ previsto un controllo a campione, che consiste nella valutazione della corrispondenza di almeno cinque medicinali presenti in scorta con le REV destinate all’allevamento. Durante questo controllo, è necessario verificare che il lotto del medicinale selezionato sia leggibile e che corrisponda a quanto registrato nel sistema informativo di tracciabilità.\n\nInfine, si sottolinea che, nel caso in cui non siano presenti medicinali in scorta al momento dell’ispezione, la risposta da fornire è ""non applicabile"" (NA).', '**Sistema Integrato «ClassyFarm» - GUIDA ALL\'INSERIMENTO DEL CONTROLLO FARMACOSORVEGLIANZA**\n\n**PAGINA**  \n**COMPILAZIONE DEL CONTROLLO**  \n**23**\n\n**8. VERIFICA DELLE PRESCRIZIONI**\n\n1. Rispondere a tutte le domande (barrare ""NA"" quando non applicabili, ad esempio, indicare la data delle verifiche delle prescrizioni nel caso in cui non siano state assegnate prescrizioni).\n2. Salvare e procedere alla sezione successiva (2.1).  \n**2.1**  \n**2**  \n**1**', '**Sistema Integrato «ClassyFarm» - GUIDA ALL\'INSERIMENTO DEL CONTROLLO FARMACOSORVEGLIANZA**\n\nIn caso di necessità di modificare la data relativa alle prescrizioni:\n\n1. Utilizzare la funzione ""Copia"" → cliccare sul pulsante e attendere → verrà creata una copia identica del controllo con tutte le risposte già fornite per quel controllo dell\'azienda → apportare le modifiche necessarie, giustificando nei campi di testo il motivo della variazione → caricare il nuovo controllo.\n\n**MODIFICA DATA PRESCRIZIONI**  \n30', '**Sistema Integrato «ClassyFarm» - GUIDA ALL\'INSERIMENTO DEL CONTROLLO FARMACOSORVEGLIANZA**\n\n**PAGINA 17**\n\n**COMPILAZIONE DEL CONTROLLO**\n\n**2. AREA A – SCORTA DEI MEDICINALI VETERINARI**\n\nQualora non si desideri compilare questa sezione (ad esempio, in caso di un controllo successivo alla verifica delle prescrizioni), è possibile selezionare ""NO"" (1.) alla prima domanda, salvare (2.) e procedere alla sezione successiva (3).\n\nNegli altri casi, selezionare ""SI"" e procedere alla compilazione delle ulteriori domande e campi, quindi salvare e proseguire alla sezione successiva. \n\n1  \n2  \n3', 'Nel documento si fa riferimento alle prescrizioni. Si chiede innanzitutto se siano state assegnate delle prescrizioni, con la possibilità di rispondere ""Sì"" o ""No"". Se la risposta è affermativa, viene richiesto di specificare quali siano le prescrizioni assegnate, lasciando uno spazio per la loro descrizione. Infine, si richiede di indicare entro quale data dovranno essere eseguite.']","Sì, è necessario compilare una nuova check-list (CL) al momento della verifica della prescrizione. Durante il secondo controllo, si deve compilare un nuovo controllo inserendo esclusivamente le informazioni necessarie e selezionando ""NA"" per le altre risposte non applicabili. È importante prestare attenzione a risposte obbligatorie per la sezione. Inoltre, la verifica dell'esecuzione delle prescrizioni deve essere effettuata entro un termine di 30 giorni dalla data di notifica.","Sì, è necessario compilare una nuova CL per tenere traccia dell’andamento dell’azienda.",0.8333333333333334,0.8653747857142291,0.8095238094968253,1.0,0.3287356558318082,OK,True
"Per quanto riguarda gli allevamenti con equidi non DPA o a indirizzo misto, dove devono essere inserite le CL?","['Nel contesto degli allevamenti a stabulazione fissa, è fondamentale garantire un ambiente adeguato per gli animali, specialmente per quelli malati o feriti. Gli spazi devono essere suddivisi in più box, dotati di lettiera permanente ben gestita, abbeveratoi e un facile accesso al cibo.\n\nPer quanto riguarda la gestione degli animali malati, si fa riferimento a una ""posta specifica"", che deve essere separata dalle altre. Se le condizioni cliniche lo permettono, è possibile utilizzare la posta dell\'animale stesso, a patto che sia delimitata da sbarre e dotata di un autoalimentatore. Questo accorgimento serve a proteggere l\'animale malato o infermo dagli altri animali vicini.\n\nÈ importante sottolineare che i limiti indicati per la valutazione sono solo un ausilio per il valutatore, il quale deve considerare tutti i fattori di rischio presenti nell\'allevamento prima di esprimere un giudizio.\n\nIn termini di adeguatezza, si considera non adeguato l\'assenza di un locale o di una posta specifica e identificata, dove sia possibile isolare animali feriti o malati in caso di necessità. Al contrario, si considera adeguato avere un locale o una posta identificata e appositamente preparata per accogliere animali malati o feriti, dotata di lettiera asciutta o di un tappetino confortevole, qualora le condizioni cliniche lo richiedano.', 'Il Decreto Legislativo 122/2011 stabilisce alcune norme riguardanti il benessere degli animali, in particolare per quanto riguarda la superficie disponibile e le dimensioni dei recinti per gli allevamenti di suini. \n\nIn primo luogo, per gli allevamenti con meno di sei animali, è richiesto che le superfici libere disponibili siano aumentate del 10%. Al contrario, per gli allevamenti che ospitano 40 o più animali, è possibile ridurre le superfici libere disponibili del 10%.\n\nIn merito alle dimensioni dei recinti, si specifica che i lati del recinto destinato al gruppo di scrofe o scrofette devono avere una lunghezza superiore a 2,8 metri. Tuttavia, nel caso in cui siano allevati meno di sei animali, la lunghezza dei lati del recinto deve essere superiore a 2,4 metri.\n\nIn aggiunta, i locali di stabulazione dei suini devono essere progettati in modo da consentire agli animali di riposare e alzarsi con movimenti normali, garantendo così il loro benessere.\n\nInfine, per il calcolo delle superfici a disposizione delle scrofe e delle scrofette, è possibile considerare lo spazio occupato dalle mangiatoie, a condizione che queste abbiano una profondità inferiore a 25 cm e una larghezza non specificata nel testo.', ""Il testo fornisce indicazioni riguardo alla registrazione e alla documentazione necessaria per il trasferimento e l'ingresso degli animali in un allevamento. In particolare, si evidenziano i seguenti punti:\n\n1. **Indirizzo di destinazione**: È necessario registrare l'indirizzo dell'allevamento o dello stabilimento di macellazione dove l'animale viene trasferito.\n\n2. **Documentazione sanitaria**: Devono essere annotati gli estremi dei certificati sanitari o dei documenti di accompagnamento, utilizzando il modello 4.\n\n3. **Animali in ingresso**: Per gli animali che arrivano nell'allevamento, è richiesta la registrazione della data di ingresso in stalla, del codice di identificazione dell'azienda di provenienza e degli estremi dei certificati sanitari o dei documenti di accompagnamento (mod. 4).\n\n4. **Conservazione del registro**: Il registro deve essere conservato presso l'azienda e deve essere reso disponibile all'Autorità Competente, che può richiederne la consultazione fino a un massimo di cinque anni, come stabilito dall'articolo 3 del D.P.R. 317/1996."", ""Ecco la tabella convertita in un elenco strutturato discorsivo:\n\n---\n\n**Allevamento**\n\n- **Città e Indirizzo**: [Inserire città e indirizzo dell'allevamento]\n- **Veterinario Compilatore**: [Nome del veterinario che ha compilato il documento]\n- **Data**: [Data di compilazione]\n- **Codice Allevix**: [Codice identificativo dell'allevamento]\n- **Responsabile Legale**: [Nome del responsabile legale dell'allevamento]\n- **Proprietario degli Animali**: [Nome del proprietario degli animali]\n- **Conduttore/Detentore**: [Nome del conduttore o detentore degli animali]\n- **Data di Costruzione o Inizio Attività**: [Data di costruzione o inizio attività dell'allevamento]\n- **Data dell'Ultima Ristrutturazione**: [Data dell'ultima ristrutturazione effettuata]\n- **Veterinario Aziendale**: [Nome del veterinario aziendale]\n- **Capacità Massima dell'Azienda**: \n  - Animali: [Numero massimo di animali che l'azienda può ospitare]\n  - Superficie: [Superficie in metri quadrati]\n- **Densità Massima Prevista**: [Densità massima prevista in kg/m²]\n- **Data di Accasamento**: [Data in cui gli animali sono stati accasati]\n- **Numero di Capannoni**: [Numero totale di capannoni presenti nell'allevamento]\n- **Identificativo Capannone Ispezionato**: [Identificativo del capannone che è stato ispezionato]\n- **Capacità Massima Capannone Ispezionato**: \n  - Animali: [Numero massimo di animali che il capannone ispezionato può ospitare]\n  - Superficie: [Superficie in metri quadrati del capannone]\n- **Numero di Tacchini Accasati nel Capannone**: [Numero di tacchini accasati nel capannone ispezionato]\n- **Numero di Animali all'Ispezione**: [Numero totale di animali presenti durante l'ispezione]\n- **Ibrido/Razza**: [Ibrido o razza degli animali]\n- **Sesso**: [Sesso degli animali]\n\n**Area A**\n\n- **Numero di Addetti**:\n  - **Non Sufficiente**: Indicativamente un operatore per più di 6000 mq di superficie.\n  - **Sufficiente**: Indicativamente un operatore per 4000 - 6000 mq di superficie.\n  - **Ottimale**: Indic"", ""**18.1 Attività agricola del conduttore**  \n- Sì  \n- No  \n- Non Applicabile  \nNote:  \n\n**18.2 Esiste una netta separazione tra le due diverse attività**  \n- Sì  \n- No  \n- Non Applicabile  \nNote:  \n\n**18.3 L’allevatore o i dipendenti si dedicano all’attività venatoria o di pesca**  \n- Sì  \n- No  \n- Non Applicabile  \nNote:  \n\n**18.4 Altri allevamenti di proprietà dell’allevatore o di familiari**  \n- Sì  \n- No  \n- Non Applicabile  \nNote:  \n\n**18.5 Specificare la specie avicola**  \n…………………………………………………………..  \nNon Applicabile  \nNote:  \n\n**18.6 Altri allevamenti di suini di proprietà dell'allevatore o di familiari**  \n- Sì  \n- No  \n- Non Applicabile  \nNote:  \n\n**18.7 Altri allevamenti di mammiferi di proprietà dell'allevatore o di familiari**  \n- Sì  \n- No  \n- Non Applicabile  \nNote:  \n\n**18.8 Specificare la specie**  \n…………………………………………………………..  \nNon Applicabile  \nNote:  \n\n**18.9 L'allevatore possiede o gestisce impianti di biogas**  \n- Sì  \n- No  \n- Non Applicabile  \nNote:  \n\n**Quesiti specifici per allevamenti ad indirizzo svezzamento >250**  \n**18.10 Nell’allevamento sono presenti tacchini e/o selvaggina da penna e/o riproduttori**  \n- Sì  \n- No  \n- Non Applicabile  \nNote:  \n\n**19. AREE ALL’APERTO**"", '**Di allevamento in modo non controllato**  \n- Sì  \n- No  \n- Non Applicabile  \n**Note:**  \n\n**3. PERSONALE ADDETTO (OLTRE AL TITOLARE)**  \n\n**3.1 Personale familiare**  \n- Sì  \n- No  \n- Non Applicabile  \n**Note:**  \n\n**3.2 Personale esterno (non familiare) dipendente**  \n- Sì  \n- No  \n- Non Applicabile  \n**Note:**  \n\n**3.3 Personale esterno qualificato non dipendente**  \n- Sì  \n- No  \n- Non Applicabile  \n**Note:**  \n\n**3.4 Personale esterno (non familiare e non dipendente) con accesso occasionale per operazioni routinarie (amici, vicini, ecc.)**  \n- Sì  \n- No  \n- Non Applicabile  \n**Note:**  \n\n**3.5 I locali per la vendita ai privati sono separati dall’area di allevamento**  \n- Sì  \n- No  \n- Non Applicabile  \n**Note:**  \n\n**Quesiti specifici per allevamenti ad indirizzo svezzamento >250**  \n\n**3.6 Il personale certifica di rispettare i requisiti in materia di biosicurezza previsti dal Decreto Ministeriale per poter accedere all’area di allevamento**  \n- Sì  \n- No  \n- Non Applicabile  \n**Note:**  \n\n**3.7 Il personale che opera in allevamento è dedicato a un solo stabilimento**  \n- Sì  \n- No  \n- Non Applicabile  \n**Note:**  \n\n**Quesiti specifici per allevamenti ad indirizzo svezzamento <250**  \n\n**3.8**', ""Per l'anno di domanda 2023, è necessaria una dichiarazione integrativa che contenga alcune informazioni minime specifiche. In particolare, la dichiarazione deve includere:\n\n1. Il codice dell'allevamento.\n2. L'orientamento dell'allevamento.\n3. Il numero di capi che pascolano, suddiviso per classe di animale.\n4. Il periodo di pascolamento, con indicazione della data di inizio e della data di fine.\n\nÈ importante notare che la dichiarazione non è richiesta se l'allevatore ha trasferito gli animali esclusivamente verso un pascolo registrato nella Banca Dati Nazionale (BDN) secondo la normativa vigente. In questo caso, si fa riferimento ai capi la cui movimentazione è registrata nella BDN.\n\nQueste indicazioni sono state comunicate tramite il protocollo AGEA - COORD - Prot. Uscita N.0002664 del 12 gennaio 2024."", ""**NOTE NA:**\n\n**19.7**  \nAltri allevamenti di suini di proprietà dell'allevatore o di familiari:  \n- [ ] Sì  \n- [ ] No  \n- [ ] NA  \nNote: \n\n**19.8**  \nAltri allevamenti di mammiferi di proprietà dell'allevatore o di familiari:  \n- [ ] Sì  \n- [ ] No  \n- [ ] NA  \nNote: \n\n**19.9**  \nSpecificare la specie: …………………………………………………………  \nNote: \n\n**19.10**  \nL'allevatore possiede o gestisce impianti di biogas:  \n- [ ] Sì  \n- [ ] No  \n- [ ] NA  \nNote: \n\n**20. AREE ALL’APERTO**  \nAllevamenti ordinari avicoli all’aperto:  \n\n**20.1**  \nIl pollame viene allevato in un'area delimitata da un'adeguata recinzione, con zone di alimentazione e abbeverata protette da idonea copertura*:  \n- [ ] Sì  \n- [ ] No  \n- [ ] NA  \nNote: \n\n**20.2**  \nL’acqua di abbeverata proviene da serbatoi di superficie*:  \n- [ ] Sì  \n- [ ] No  \n- [ ] NA  \nNote: \n\n**20.3**  \nSono presenti corsi e/o ristagni stabili d’acqua*:  \n- [ ] Sì  \n- [ ] No  \n- [ ] NA  \nNote: \n\n**20.4**  \nSono presenti strutture e superfici che, se richiesto dall'autorità competente in relazione a particolari situazioni epidemiologiche, possono ospitare gli animali al coperto, dove la copertura (rete) può essere utilizzata solo per:  \n- [ ] Sì  \n- [ ] No  \n- [ ] NA  \nNote:"", 'Nel caso in cui un proprietario o operatore abbia registrato un solo allevamento nella BDN per una delle due specie, e abbia pochi capi dell\'altra specie, è necessario compilare le colonne relative a entrambe le specie, ovvero ""ovini"" e ""caprini"". Tuttavia, se lo stesso proprietario o operatore ha due allevamenti registrati nella BDN, uno per gli ""ovini"" e l\'altro per i ""caprini"", sarà sufficiente compilare solo la colonna relativa alla specie corrispondente. In questa situazione, è importante anche compilare una checklist distinta per ciascuno dei due allevamenti delle diverse specie.', ""**PAG**  \nSistema Integrato «ClassyFarm» - Guida per Delegati Operatori - Filiera o Gruppo  \n\n**Procedura per l'abbinamento all'allevamento:**  \n1. Dopo aver selezionato il profilo, cliccare su «Selezione Azienda».  \n2. Cliccare su «Nuovo Allevamento».  \n3. Inserire il codice aziendale e cliccare su «Verifica».  \n\n**CARICAMENTO DELEGA**  \n1. Cliccando su «Dettagli», è possibile visualizzare le informazioni relative all'allevamento (Ragione sociale, Partita IVA, Indirizzo, ecc.).  \n(N.B. Se sono presenti più allevamenti, è necessario SELEZIONARE l'allevamento desiderato dall'elenco fornito in base al codice aziendale.)""]","Non ci sono informazioni specifiche nei documenti forniti riguardo a dove devono essere inserite le CL (Classificazioni) per gli allevamenti con equidi non DPA o a indirizzo misto. Pertanto, non posso fornire una risposta precisa a questa domanda.","Come da indicazioni del Ministero (capitolo 4 del Piano Farmacosorveglianza) i controlli per equidi non DPA devono essere caricati sul portale Vetinfo – Sistema informativo nazionale della farmacosorveglianza – sezione ""Verifiche da remoto, Controlli ufficiali, Indicatori"" – voce ""Controllo ufficiali"" utilizzando l’apposita sezione. Nel caso di allevamenti a indirizzo misto è necessario compilare due CL, una su ogni sistema.",1.0,0.0,,0.0,0.15391947748682577,OK,True
Qual è la differenza tra veterinario incaricato ed aziendale?,"['Il testo presenta due figure professionali nel campo della veterinaria: il Veterinario Aziendale e il Medico Veterinario Incaricato. Per ciascuna di queste figure, è disponibile un modulo di richiesta di associazione. In particolare, ci sono due moduli distinti: uno per il Medico Veterinario Aziendale e uno per il Medico Veterinario Incaricato.', 'VETERINARIO:\n- AZIENDALE\n- INCARICATO\n- UFFICIALE\n(Clicca sulla tua figura per consultare la procedura)\nOPERATORE DELEGATO\n2\nwww.classyfarm.it', 'Il documento riguarda la valutazione del benessere animale per bovini da latte in un allevamento con stabulazione fissa, identificato come I.Z.S.L.E.R. ""B. Ubertini"" di Brescia. La valutazione è stata effettuata utilizzando il sistema ClassyFarm, ed è stata redatta nel 2025.\n\nL\'allevamento è registrato con un codice aziendale e un codice APA specifici, e il veterinario compilatore ha annotato la data della valutazione. Sono presenti diverse razze di bovini nell\'area di allevamento.\n\nLa valutazione include vari elementi di verifica, tra cui:\n\n1. Contatto con altre specie animali.\n2. Precauzioni generali all\'ingresso di estranei.\n3. Gestione dell\'ingresso di visitatori abituali.\n4. Disinfezione degli automezzi all\'ingresso in azienda.\n5. Possibilità di contatto tra automezzi estranei e animali allevati.\n6. Raccolta delle carcasse.\n7. Carico degli animali vivi, ad esempio per la vendita.\n8. Acquisto e/o movimentazione di animali fuori dall\'allevamento.\n\nInoltre, il documento specifica che l\'allevamento può essere di due tipologie: in regime stallino o con ricorso al pascolo. Infine, viene menzionato il tema della biosicurezza, fondamentale per garantire la salute e il benessere degli animali allevati.', 'Il documento riguarda la valutazione del benessere animale per bovini da latte in un allevamento situato a Brescia, gestito dall\'Istituto Zooprofilattico Sperimentale della Lombardia e dell\'Emilia Romagna, con il nome di ""B. Ubertini"". La valutazione è stata effettuata utilizzando il sistema ClassyFarm, ed è stata redatta nella sua prima revisione nel 2025.\n\nL\'allevamento è identificato da un codice aziendale e un codice APA, e il veterinario compilatore ha registrato la data della valutazione. Sono presenti diverse razze di bovini nell\'area dell\'allevamento.\n\nLa valutazione include vari elementi di verifica, tra cui:\n\n1. Contatto con altre specie animali.\n2. Precauzioni generali all\'ingresso di estranei.\n3. Gestione dell\'ingresso di visitatori abituali.\n4. Disinfezione degli automezzi all\'ingresso in azienda.\n5. Possibilità di contatto tra automezzi estranei e animali allevati.\n6. Raccolta delle carcasse.\n\nPer quanto riguarda il contatto con altre specie animali, è stato osservato che il contatto è frequente ed evidente. Tuttavia, è anche possibile che il contatto avvenga, ma non sia evidente al momento della visita. In alternativa, l\'azienda potrebbe essere ben protetta, con recinti adeguati e senza la presenza di altre specie animali nel perimetro aziendale, riducendo così il rischio di contatto con mandrie della medesima specie o altri animali durante l\'anno.', ""Parte integrante della somministrazione della razione alimentare, è fondamentale valutare la gestione della stessa e la qualità dell'apporto nutrizionale. Pertanto, il veterinario incaricato dovrà accertarsi che, nel caso in cui i foraggi forniti dal pascolo non siano sufficienti a soddisfare i fabbisogni nutrizionali degli animali, sia prevista un'integrazione della razione attraverso l'utilizzo di altri alimenti (ad esempio, mangimi/concentrati e foraggi). \n\nInfine, ma non meno importante, la corretta alimentazione degli animali è strettamente correlata alla qualità degli alimenti che la compongono. In azienda, gli alimenti devono garantire, oltre alla tracciabilità, anche..."", ""Se la rimozione dell’abbozzo corneale viene effettuata, è fondamentale che tale procedura avvenga entro i 21 giorni di età, utilizzando metodi quali la cauterizzazione termica o la causticazione (applicazione di una pasta o matita caustica) sulla gemma corneale, e sempre sotto la supervisione del medico veterinario dell'azienda. Nel caso in cui, durante l'ispezione dell'azienda, si riscontri che la rimozione dell’abbozzo corneale è stata effettuata dopo il compimento dei 21 giorni, è necessario esaminare il registro dei trattamenti (sia cartaceo che elettronico) per verificare se, in concomitanza, è stato somministrato o prescritto dal veterinario un trattamento anestetico e analgesico. È importante sottolineare che, in ogni circostanza, l'applicazione di tale pratica dopo i 21 giorni non deve essere considerata una procedura routinaria per l'intero gregge, ma deve costituire un evento sporadico ed eccezionale. In caso contrario, il requisito risulterebbe insufficiente. È altresì cruciale che il personale incaricato sia adeguatamente formato e competente per eseguire correttamente la procedura."", ""La rimozione dell’abbozzo corneale deve essere effettuata entro i 21 giorni d’età dell'animale. Questa procedura può avvenire attraverso cauterizzazione termica o causticazione, utilizzando una pasta o una matita caustica sulla gemma corneale. È fondamentale che tale intervento sia eseguito sotto la supervisione di un medico veterinario dell’azienda.\n\nNel caso in cui la rimozione dell’abbozzo corneale sia avvenuta dopo il termine dei 21 giorni, è necessario controllare il registro dei trattamenti, sia esso cartaceo o elettronico. Questo serve a verificare se, in concomitanza con la rimozione, è stato prescritto o effettuato un trattamento anestetico e analgesico da parte del veterinario. È importante sottolineare che, dopo i 21 giorni d’età, l'uso di questa pratica non deve essere routinario per l'intero gregge, ma deve costituire un evento sporadico ed eccezionale. In caso contrario, il requisito di benessere animale risulterebbe insufficiente.\n\nInfine, è essenziale che il personale incaricato di eseguire questa procedura sia competente e adeguatamente preparato per garantire un intervento corretto e sicuro."", 'Il testo fornisce indicazioni riguardanti la documentazione necessaria per la castrazione dei polli e la troncatura del becco. In particolare, il proprietario o il detentore deve allegare all\'istanza una relazione che contenga le seguenti informazioni:\n\n1. Il nominativo del medico veterinario supervisore.\n2. I nominativi del personale specificamente formato dal medico veterinario supervisore, incaricato di eseguire l\'intervento.\n\nInoltre, per gli allevamenti che effettuano la troncatura del becco e/o la castrazione, è fondamentale verificare la presenza delle autorizzazioni necessarie. Si devono considerare due situazioni:\n\n- Se ci sono animali con troncatura del becco e/o castrazione senza l\'autorizzazione dell\'Autorità Sanitaria competente, la risposta è ""NO"".\n- Se ci sono animali con troncatura del becco e/o castrazione con l\'autorizzazione dell\'Autorità Sanitaria competente, la risposta è ""SI"".\n\nInfine, è importante accertarsi che sia presente l\'autorizzazione a procedere con gli interventi chirurgici.', ""Nel contesto degli allevamenti di tipo semi-intensivo, semi-estensivo ed estensivo, in cui il pascolamento è un elemento fondamentale della dieta degli animali, è essenziale valutare sia la gestione dell'allevamento che la qualità dell'apporto nutrizionale. Il veterinario incaricato deve accertarsi che, nel caso in cui i foraggi forniti dal pascolo non siano sufficienti a soddisfare i fabbisogni nutrizionali degli animali, sia prevista un'integrazione della razione alimentare con altri alimenti, come ad esempio il mangime.\n\nParticolare attenzione deve essere prestata agli animali molto giovani, poiché l'assunzione del colostro è cruciale. I capretti, infatti, nascono privi di anticorpi materni a causa della tipologia di placentazione, che impedisce il passaggio diretto di questi anticorpi. Pertanto, il trasferimento dell'immunità passiva deve necessariamente avvenire attraverso l'assunzione del colostro."", ""È fondamentale che il personale, durante i momenti di contatto con gli animali, che non sono così rari, come ad esempio durante le ispezioni giornaliere, le operazioni di carico e scarico, la movimentazione, il rimescolamento e l'esecuzione di trattamenti sanitari, mantenga una routine di lavoro costante. È essenziale che gli animali siano trattati con calma e tranquillità.\n\nPer affrontare questa questione, è necessario valutare attentamente le competenze, le capacità e le conoscenze complessive del personale addetto agli animali. Questo personale può includere il proprietario, il detentore o il custode, ovvero la persona che, anche temporaneamente, è responsabile degli animali e si occupa di loro, come stabilito dal D. Lgs. 146/2001, art. 1, par. 2, lett. b). \n\nLe competenze del personale possono derivare sia da esperienze pratiche, accumulate nel tempo, sia da conoscenze teoriche, come ad esempio il titolo di studio. Pertanto, è considerata accettabile la presenza di una lunga esperienza pratica nel settore.""]","La differenza tra il Veterinario Aziendale e il Veterinario Incaricato risiede principalmente nel loro ruolo e nelle responsabilità all'interno dell'azienda. 

- **Veterinario Aziendale**: È il professionista che ha la responsabilità generale della salute e del benessere degli animali all'interno dell'azienda. Si occupa della gestione sanitaria e del monitoraggio delle condizioni di allevamento.

- **Veterinario Incaricato**: È un veterinario che può essere chiamato a svolgere specifiche funzioni o compiti all'interno dell'azienda, spesso in base a necessità particolari o per attività di controllo e verifica.

Entrambi i professionisti devono seguire procedure specifiche e possono utilizzare moduli di richiesta di associazione distinti, come indicato nella documentazione.","La figura del veterinario aziendale è definita dagli articoli 3 e 4 del Decreto del Ministro della salute 7 dicembre 2017: è un veterinario privato scelto volontariamente dall’operatore e svolge le sue funzioni in base a un rapporto formale con l’operatore che si instaura attraverso la sottoscrizione, da parte di entrambi, dello schema di designazione di cui all’allegato 3 del DM. In ClassyFarm può visualizzare tutti i dati relativi alle aziende alle quali è associato, compreso il farmaco. Il veterinario incaricato viene incaricato dall’operatore per la compilazione dei questionari relativi alla valutazione del rischio per il benessere animale e la biosicurezza; in ClassyFarm può visualizzare solo le checklist che ha compilato.",0.14285714285714285,0.9080922087523647,,0.0,0.6529232495800308,OK,True
Perché non vedo la CL in Dashboard?,"['[DASHBOARD] **14  \nDashboard: Cruscotto di Visualizzazione**  \nAzienda già associata al Valutatore.  \nSarà possibile visualizzare, tramite il cruscotto, tutti gli allevamenti associati nella sezione ""Selezione Azienda"".  \nÈ prevista la possibilità di visualizzare la tabella a schermo intero cliccando sull\'icona corrispondente.  \nFiltri di Selezione: Azienda non ancora associata al Valutatore.', '[DASHBOARD] Per scegliere l\'ambiente, è necessario seguire alcuni passaggi specifici. Innanzitutto, si deve cliccare su ""Selezione Azienda"" per associarsi all\'allevamento desiderato. In secondo luogo, è possibile cliccare su ""Trasmissione Checklist"" per accedere alla compilazione del controllo. Infine, per consultare i cruscotti, si deve cliccare su ""Dashboard"". \n\nIn aggiunta, è importante notare che è possibile cambiare il nome utente e il ruolo scelto, cliccando sull\'apposito link.', ""[DASHBOARD] **Sistema Integrato «ClassyFarm» - Guida per l'Operatore e i suoi Delegati**\n\n**PAG**  \n**SELEZIONE DELL'AMBIENTE**  \n20  \n\n1. Cliccare su «Dashboard» per accedere alla consultazione dei cruscotti.  \n1. Nome utente e profilo selezionato; cliccare qui per modificare il profilo."", ""[DASHBOARD] **8  \nDashboard: Cruscotto per la verifica dei prerequisiti**  \nPer accedere al cruscotto interattivo, selezionare l'opzione «Dashboard»."", '[DASHBOARD] **INDICE**\n\n• Accesso a ClassyFarm  \npagina 3  \n\n• Cruscotto per la verifica dei prerequisiti (Dashboard)  \npagina 7  \n\n• Compilazione della checklist di valutazione  \npagina 11  \n\n• Ripresa della compilazione di una checklist salvata in bozza  \npagina 19  \n\n• Consultazione delle checklist compilate  \npagina 23  \n\n• Report  \npagina 25', '[DASHBOARD] **12  \nCruscotto di Visualizzazione**  \nDopo 48 ore, sarà possibile accedere al cruscotto interattivo: selezionare ""Dashboard"".', '[DASHBOARD] **16**  \nVisualizzazione a schermo intero della tabella  \nDashboard: Cruscotto di Visualizzazione  \nPossibilità di esportare i dati in Excel.', '[DASHBOARD] Il sistema integrato ""ClassyFarm"" offre una guida per l\'inserimento della check-list tramite l\'app. I risultati ottenuti dall\'allevamento, insieme al report del questionario, saranno disponibili sulla dashboard entro 24-48 ore dal caricamento. \n\nPer accedere alla dashboard, è necessario seguire alcuni passaggi. Prima di tutto, bisogna entrare in VETINFO. Successivamente, si deve selezionare ""ClassyFarm"" e poi ""ClassyFarm 2.0"". A questo punto, è importante scegliere il proprio ruolo, che può essere ""Medico Veterinario Aziendale"" o ""Medico Veterinario Incaricato"". Infine, si deve cliccare su ""Dashboard"" per visualizzare i risultati e i report.', ""Il testo fornisce indicazioni importanti riguardo all'alimentazione dei vitelli, evidenziando che essa deve essere adeguata all'età, al peso e alle esigenze comportamentali e fisiologiche degli animali. Questo approccio è fondamentale per garantire buone condizioni di salute e benessere. \n\nIn particolare, si sottolinea che tutti i vitelli devono ricevere nutrimento almeno due volte al giorno. Nel caso in cui i vitelli siano stabulati in gruppo e non abbiano accesso libero al cibo o non siano alimentati tramite un sistema automatico, è essenziale che ogni vitello possa accedere agli alimenti contemporaneamente agli altri membri del gruppo.\n\nIl giudizio sull'adeguatezza dell'alimentazione è considerato positivo solo se tutte queste condizioni sono rispettate. Al contrario, si definisce non adeguata la situazione in cui la razione alimentare non soddisfa le esigenze degli animali, sia perché non è stata calcolata correttamente, sia perché non è in linea con i fabbisogni nutrizionali, oppure se è composta da alimenti non sani. Inoltre, la somministrazione dell'alimento una sola volta al giorno è considerata inadeguata."", '[DASHBOARD] **Dashboard: Consultazione delle Checklist Compilate**\n\nÈ possibile visualizzare le checklist compilate dal Valutatore direttamente dal cruscotto, in formato tabellare. \n\n1. \n2.']","Dopo 48 ore, sarà possibile accedere al cruscotto interattivo: selezionare ""Dashboard"".","Il report è visibile entro 48 ore dalla data di caricamento. Assicurarsi di aver associato l’azienda, di aver compilato correttamente la checklist e che sia presente la data di caricamento.",1.0,0.40005790365521693,0.5270833333201562,0.5,0.11587512193250732,OK,True
"Perché esce la scritta ""Errore"" quando cerco un allevamento con la app?","['www.classyfarm.it  \nSelezionando la voce ""Tabella Allevamenti"", sarà possibile visualizzare l\'elenco degli allevamenti, con dettagli specifici relativi a ciascun allevamento, in base alla selezione della categoria e della quota desiderata (quota regionale, casuale, a rischio e piccole dimensioni).  \n\nCRITERI DI SELEZIONE:  \n- Allevamenti di grandi dimensioni  \n- Quota a rischio  \n- Quota regionale  \n- Quota casuale  \n- Allevamenti di piccole dimensioni  \n- Quota regionale  \n\nRISCHIO-PROGRAMMAZIONE', ""L'ispezione degli animali in allevamento deve riguardare tutti i gruppi presenti. È importante effettuare visite giornaliere in stalla, oltre a quelle di routine, specialmente quando queste ultime sono altamente specializzate o richiedono un'attenzione particolare da parte dell'operatore. Esempi di tali attività includono la mungitura, che può comportare l'assegnazione di compiti specifici, e la distribuzione dell'alimentazione tramite strumenti meccanici.\n\nSe esiste una segnalazione scritta delle osservazioni o una registrazione computerizzata delle ispezioni, e se il numero di ispezioni è conforme ai requisiti, è possibile ottenere un giudizio ottimale. Tuttavia, un numero insufficiente di visite è considerato non adeguato. In particolare, si definisce inadeguato un numero di ispezioni inferiore a una al giorno per la stalla, e per quanto riguarda gli animali all'aperto, le ispezioni devono essere effettuate a intervalli regolari e programmati, tenendo conto della stagione, del periodo produttivo o riproduttivo, e di eventuali eventi straordinari."", '1. Selezionare l\'allevamento di interesse nella parte superiore sinistra dello schermo.  \nNota Bene: Gli allevamenti visualizzati nel menu a tendina sono quelli associati alla voce ""Selezione Azienda"".  \n\n2. Procedere quindi alla compilazione della checklist.  \n2.1. È possibile inserire il codice dell\'allevamento manualmente oppure selezionarlo dal menu a tendina.  \n\nComunicazione Esito Valutazione.', 'Il testo discute l\'alimentazione degli animali, in particolare quando la razione è fornita in modo ad libitum, come nel caso di un piatto ""unifeed"". In tali situazioni, gli animali che vivono in stabulazione libera possono accedere alla mangiatoia in modo alternato. Questo è accettabile perché l\'alimento è generalmente disponibile 24 ore al giorno, il che garantisce che rimanga omogeneo e conservi le stesse caratteristiche nutritive. Di conseguenza, è importante considerare la disposizione dei posti in rastrelliera per facilitare questo tipo di alimentazione.', '**21  \nASSOCIAZIONE DI UN ALLEVAMENTO**  \nQuesta operazione è necessaria esclusivamente per il Veterinario Incaricato e il Veterinario Aziendale.\n\n1. Accedere a ClassyFarm e selezionare l\'opzione ""Selezione Azienda"".\n2. Cliccare sul pulsante ""Nuovo Allevamento"".\n3. Inserire il codice dell\'allevamento, cliccare sul pulsante ""Verifica"" e selezionare l\'allevamento da associare.\n4. Scegliere le tipologie di questionario che si desidera compilare tramite il menu a tendina.\n5. Caricare i documenti richiesti (si consiglia di utilizzare file in formato PDF; il modulo di autorizzazione è scaricabile al seguente link: https://www.classyfarm.it/index.php/register-it) e cliccare sul pulsante ""Conferma"" in fondo alla pagina.', ""**SISTEMA QUESTIONARI**\n\n**CREAZIONE DI UN NUOVO QUESTIONARIO**\n\n3. Inserire il codice di allevamento nell'apposita sezione e premere sull'icona di ricerca.  \n4. Attendere il caricamento della schermata successiva e fare clic sull'icona a forma di occhio."", ""Per associarsi all'allevamento nel sistema integrato «ClassyFarm», seguire questi passaggi:\n\n1. Dopo aver scelto il proprio ruolo, cliccare su «Selezione Azienda».\n2. Procedere cliccando su «Nuovo Allevamento».\n3. Inserire il codice aziendale e poi cliccare su «Verifica».\n4. Cliccando su «Dettagli», è possibile visualizzare le informazioni relative all'allevamento, come la ragione sociale, la partita IVA e l'indirizzo.\n5. Selezionare la checklist che deve essere compilata per l'allevamento scelto. Si noti che, nel caso si disponga di un veterinario aziendale, il passaggio 4 non è necessario."", '1. Cliccare su ""Nuovo Allevamento"".\n2. Inserire il codice aziendale (es. 001XX001) e fare clic su ""Verifica"".\n   - Il sistema recupererà automaticamente i dati dell\'allevamento.\n3. Selezionare l\'Azienda.', '1. Selezionare l\'allevamento di interesse nella parte superiore sinistra dello schermo.  \nNota Bene: Gli allevamenti visualizzati nel menu a tendina sono quelli precedentemente associati nella sezione ""Selezione Azienda"".  \n\n2. Procedere quindi alla compilazione del questionario.  \n\n**Compilazione del Questionario**  \nÈ possibile inserire il codice dell\'allevamento manualmente oppure selezionarlo dal menu a tendina.', '**www.classyfarm.it**  \n**IL SISTEMA CLASSYFARM**  \n**BIOSICUREZZA RUMINANTI - SINGOLO ALLEVAMENTO**  \n\nLa guida è disponibile per il download cliccando su ""Guida"".  \nSelezionando ""Dettaglio Risposte"", verrà visualizzata la lista delle risposte ottenute per il questionario selezionato. Nella colonna ""Liv."", il pallino verde indica che il requisito ha ottenuto un giudizio ottimale, il giallo un giudizio accettabile e il rosso un giudizio insufficiente. Nella colonna ""Rilev. Leg."", il ""Sì"" indica che il parametro rappresenta un requisito di legge.  \n\nCliccando su ""Risposte INSUFFICIENTI"", verrà mostrata la lista delle risposte insufficienti ottenute nell’allevamento selezionato, contrassegnate nella colonna ""Liv."" da un pallino rosso. Nella colonna ""Rilev. Leg."", il ""Sì"" indica che il parametro rappresenta un requisito di legge.  \n\nCliccando su ""Mappa"", verrà visualizzata l’ubicazione dell’allevamento selezionato, identificato con un pallino nero, e degli allevamenti circostanti, indicati con pallini di colori variabili dal rosso al blu; spostando il cursore sui...']","La scritta ""Errore"" potrebbe apparire quando cerchi un allevamento con l'app per vari motivi, tra cui:

1. **Codice Errato**: Assicurati di inserire correttamente il codice dell'allevamento. Se il codice è errato o non esiste, il sistema non riuscirà a recuperare i dati.

2. **Problemi di Connessione**: Verifica la tua connessione internet. Un segnale debole o assente può impedire il corretto funzionamento dell'app.

3. **Allevamento Non Associato**: Gli allevamenti visualizzati nel menu a tendina sono quelli associati alla voce ""Selezione Azienda"". Se l'allevamento non è stato precedentemente associato, potrebbe non apparire.

4. **Errori di Sistema**: Potrebbero esserci problemi temporanei con il sistema ClassyFarm. In tal caso, prova a riavviare l'app o a riprovare più tardi.

Se il problema persiste, ti consiglio di contattare il supporto tecnico per assistenza.

⏰ **Nota Temporale**: 24 ore","È necessario aggiornare l’app; in alternativa è possibile utilizzare il sistema ""Questionari"".",0.2,0.9706089403050745,0.0,0.0,0.10927993481086279,OK,True
Perché non riesco ad associare l’azienda?,"['Il Valutatore può essere associato all\'azienda immediatamente oppure in un secondo momento. \n\n6. Cliccare su ""Conferma""; successivamente apparirà una finestra in cui sarà necessario confermare nuovamente (7).\n\n**Selezione Azienda**\n\nNota Bene: I Valutatori visualizzati nel menu a tendina sono quelli precedentemente associati nella sezione ""Selezione Valutatore"".', ""**7. Selezione dell'Azienda**  \nPer associare un'azienda, selezionare l'opzione: «Selezione Azienda»."", ""**Selezione Azienda**  \nPer associare un'azienda, selezionare l'opzione: «Selezione Azienda»  \n6"", '**21  \nASSOCIAZIONE DI UN ALLEVAMENTO**  \nQuesta operazione è necessaria esclusivamente per il Veterinario Incaricato e il Veterinario Aziendale.\n\n1. Accedere a ClassyFarm e selezionare l\'opzione ""Selezione Azienda"".\n2. Cliccare sul pulsante ""Nuovo Allevamento"".\n3. Inserire il codice dell\'allevamento, cliccare sul pulsante ""Verifica"" e selezionare l\'allevamento da associare.\n4. Scegliere le tipologie di questionario che si desidera compilare tramite il menu a tendina.\n5. Caricare i documenti richiesti (si consiglia di utilizzare file in formato PDF; il modulo di autorizzazione è scaricabile al seguente link: https://www.classyfarm.it/index.php/register-it) e cliccare sul pulsante ""Conferma"" in fondo alla pagina.', ""Per associarsi all'allevamento nel sistema integrato «ClassyFarm», seguire questi passaggi:\n\n1. Dopo aver scelto il proprio ruolo, cliccare su «Selezione Azienda».\n2. Procedere cliccando su «Nuovo Allevamento».\n3. Inserire il codice aziendale e poi cliccare su «Verifica».\n4. Cliccando su «Dettagli», è possibile visualizzare le informazioni relative all'allevamento, come la ragione sociale, la partita IVA e l'indirizzo.\n5. Selezionare la checklist che deve essere compilata per l'allevamento scelto. Si noti che, nel caso si disponga di un veterinario aziendale, il passaggio 4 non è necessario."", '1. Cliccare su ""Nuovo Allevamento"".\n2. Inserire il codice aziendale (es. 001XX001) e fare clic su ""Verifica"".\n   - Il sistema recupererà automaticamente i dati dell\'allevamento.\n3. Selezionare l\'Azienda.', ""**PAG**  \nSistema Integrato «ClassyFarm» - Guida per Delegati Operatori - Filiera o Gruppo  \n\n**Procedura per l'abbinamento all'allevamento:**  \n1. Dopo aver selezionato il profilo, cliccare su «Selezione Azienda».  \n2. Cliccare su «Nuovo Allevamento».  \n3. Inserire il codice aziendale e cliccare su «Verifica».  \n\n**CARICAMENTO DELEGA**  \n1. Cliccando su «Dettagli», è possibile visualizzare le informazioni relative all'allevamento (Ragione sociale, Partita IVA, Indirizzo, ecc.).  \n(N.B. Se sono presenti più allevamenti, è necessario SELEZIONARE l'allevamento desiderato dall'elenco fornito in base al codice aziendale.)"", ""Il testo fornisce indicazioni importanti riguardo all'alimentazione dei vitelli, evidenziando che essa deve essere adeguata all'età, al peso e alle esigenze comportamentali e fisiologiche degli animali. Questo approccio è fondamentale per garantire buone condizioni di salute e benessere. \n\nIn particolare, si sottolinea che tutti i vitelli devono ricevere nutrimento almeno due volte al giorno. Nel caso in cui i vitelli siano stabulati in gruppo e non abbiano accesso libero al cibo o non siano alimentati tramite un sistema automatico, è essenziale che ogni vitello possa accedere agli alimenti contemporaneamente agli altri membri del gruppo.\n\nIl giudizio sull'adeguatezza dell'alimentazione è considerato positivo solo se tutte queste condizioni sono rispettate. Al contrario, si definisce non adeguata la situazione in cui la razione alimentare non soddisfa le esigenze degli animali, sia perché non è stata calcolata correttamente, sia perché non è in linea con i fabbisogni nutrizionali, oppure se è composta da alimenti non sani. Inoltre, la somministrazione dell'alimento una sola volta al giorno è considerata inadeguata."", ""**ISTRUZIONI PER L'ASSOCIAZIONE DEL VALUTATORE**\n\n1. Inserire il codice fiscale del Valutatore che si desidera associare.\n2. Cliccare su «Cerca».\n\nSe il Valutatore è già abilitato in ClassyFarm, il sistema troverà una corrispondenza e sarà sufficiente selezionarlo dal menu a tendina.\n\nSe il Valutatore non è abilitato in ClassyFarm, sarà comunque possibile associarlo creando un'utenza.\n\n**Selezione Valutatore**  \nValutatori già associati dall'Odc.""]","Ci possono essere diverse ragioni per cui non riesci ad associare l'azienda. Ecco alcuni punti da verificare:

1. **Selezione Azienda**: Assicurati di aver selezionato correttamente l'opzione «Selezione Azienda» prima di procedere con l'associazione (vedi [Guida_Organismo_di_Certificatore](#) pag. 7).

2. **Codice Aziendale**: Controlla di aver inserito correttamente il codice aziendale e di aver cliccato su «Verifica» per recuperare i dati dell'allevamento (vedi [Guida_Organismo_di_Certificatore](#) pag. 8).

3. **Valutatori Associati**: Se stai cercando di associare un valutatore, verifica che il valutatore sia già abilitato in ClassyFarm. Se non lo è, dovrai creare un'utenza per associarlo (vedi [Guida_Organismo_di_Certificatore](#) pag. 18).

4. **Documentazione**: Assicurati di avere tutti i documenti richiesti caricati correttamente, se necessario (vedi [Guida_Sistema_Questionari](#) pag. 21).

Se hai controllato tutti questi aspetti e continui ad avere problemi, potrebbe essere utile contattare il supporto tecnico per assistenza.",È possibile che l’azienda sia associata a un altro veterinario aziendale.,0.7777777777777778,0.0,0.6961904761765524,0.0,0.13380561649341505,OK,True
Come faccio a cancellare una CL?,"['Il sistema integrato ""ClassyFarm"" offre una guida per l\'inserimento della check-list per la valutazione del rischio relativo al taglio della coda. All\'interno della home page, è possibile visualizzare l\'elenco dei questionari completati o in fase di compilazione. \n\nPer i questionari non completati, gli utenti hanno la possibilità di:\n- Cliccare direttamente sul questionario per aprirlo e procedere con la modifica o il completamento.\n- Cliccare sull\'icona a forma di ""cestino"" per cancellare il questionario.\n\nPer quanto riguarda i questionari che sono stati completati e caricati, i quali mostrano nel campo ""Completion Time"" la data e l\'ora dell\'upload, gli utenti possono:\n- Cliccare direttamente sul questionario per modificarlo. È importante notare che i questionari caricati possono essere modificati solo entro una settimana dall\'upload; trascorso questo termine, non sarà più possibile effettuare modifiche.\n- I questionari caricati non possono essere cancellati. \n\nIn sintesi, il sistema offre diverse opzioni di gestione per i questionari, a seconda del loro stato di completamento.', 'Il sistema integrato ""ClassyFarm"" offre una guida per l\'inserimento della check-list sul benessere dei riproduttori. All\'interno della home page, gli utenti possono visualizzare un elenco di questionari, sia quelli completati che quelli in fase di compilazione.\n\nPer i questionari non completati, è possibile:\n- Cliccare direttamente sul questionario per aprirlo e procedere con la modifica o il completamento.\n- Cliccare sull\'icona a forma di ""cestino"" per cancellare il questionario.\n\nPer quanto riguarda i questionari che sono stati completati e caricati, i quali mostrano nel campo ""Completion Time"" la data e l\'ora dell\'upload, le opzioni disponibili sono:\n- Cliccare sul questionario per modificarlo. È importante notare che i questionari caricati possono essere modificati solo entro una settimana dall\'upload; dopo questo termine, non sarà più possibile apportare modifiche.\n- I questionari caricati non possono essere cancellati.\n\nIn sintesi, il sistema offre diverse funzionalità per gestire i questionari, a seconda del loro stato di completamento.', 'Il sistema integrato ""ClassyFarm"" offre una guida per l\'inserimento della check-list tramite l\'app. È importante rispettare il termine di inserimento della check-list. Nella home dell\'app, gli utenti possono visualizzare sia i questionari in fase di compilazione che quelli già completati.\n\nPer i questionari non completati e non caricati, gli utenti hanno due opzioni: possono cliccare direttamente sul questionario per aprirlo e modificarlo o completarlo, oppure possono utilizzare l\'icona a forma di ""cestino"" per cancellare il questionario.\n\nPer quanto riguarda i questionari completati e caricati, che mostrano nel campo ""Completion Time"" la data e l\'ora dell\'upload, gli utenti possono cliccare sul questionario per modificarlo. Tuttavia, è importante notare che i questionari caricati possono essere modificati solo entro una settimana dall\'upload; trascorso questo termine, non sarà più possibile effettuare modifiche. Inoltre, i questionari completati e caricati non possono essere cancellati.', ""Per pulire la cache del browser, segui questi passaggi:\n\n1. Inizia selezionando l'opzione «Cancella dati di navigazione».\n2. Nella finestra che si apre, scegli la scheda «Avanzate».\n3. Imposta l'intervallo di tempo su «Tutto» per assicurarti di eliminare tutti i dati.\n4. Spunta tutte le voci presenti, ad eccezione di «Password e altri dati di accesso», per non perdere le tue credenziali.\n5. Clicca infine su «Cancella dati» per completare l'operazione.\n\nUna volta terminato, chiudi e riapri il browser per applicare le modifiche."", 'Il documento fornisce istruzioni per l\'inserimento della check-list sul benessere dei riproduttori all\'interno del sistema integrato ""ClassyFarm"". Prima di procedere, è necessario effettuare una pulizia della cache del browser. \n\nPer farlo, seguire questi passaggi:\n\n1. Selezionare l\'opzione ""Cancella dati di navigazione"".\n2. Nella sezione avanzata, scegliere l\'intervallo di tempo impostando ""tutto"".\n3. Spuntare tutte le voci, ad eccezione di ""Password e altri dati di accesso"".\n4. Cliccare su ""Cancella dati"".\n\nUna volta completata questa operazione, è consigliabile chiudere e riaprire il browser per garantire che le modifiche abbiano effetto.', '**SISTEMA QUESTIONARI**\n\nÈ possibile procedere con l\'eliminazione di un nuovo questionario selezionando l\'opzione ""Azioni"" e successivamente ""Cancella"". In alcune circostanze, prima di poter procedere con la cancellazione del questionario, è necessario modificare una delle risposte e salvare le modifiche. \n\n**ELIMINAZIONE DI UN QUESTIONARIO**', 'Il documento fornisce istruzioni per la pulizia della cache nel contesto del Sistema Integrato «ClassyFarm», specificamente per la guida all\'inserimento della check-list di valutazione del rischio per il taglio della coda. \n\nPer iniziare, è necessario selezionare l\'opzione «Cancella dati di navigazione». Successivamente, si devono seguire alcuni passaggi:\n\n1. Selezionare la scheda ""Avanzate"".\n2. Scegliere l\'opzione «Tutto» per l\'intervallo di tempo.\n3. Spuntare tutte le voci, ad eccezione di «Password e altri dati di accesso».\n4. Cliccare su «Cancella dati».\n\nInfine, è consigliato chiudere e riaprire il browser per completare il processo.', ""[DASHBOARD] **Sistema Integrato «ClassyFarm» - GUIDA ALL'INSERIMENTO DEL CONTROLLO FARMACOSORVEGLIANZA**\n\n**PAGINA 7**\n\n**SCELTA DELL'AMBIENTE**\n\n1. Cliccare su «Dashboard» per accedere alla consultazione dei cruscotti.\n2. Cliccare su «Trasmissione Checklist» per accedere alla compilazione del controllo.\n\n**Nome utente e ruolo selezionato. Cliccare qui per modificare il ruolo.**"", ""[DASHBOARD] **Sistema Integrato «ClassyFarm» - GUIDA ALL'INSERIMENTO DEL CONTROLLO BIOSICUREZZA PER SUINI**\n\n**PAGINA 7**\n\n**SCELTA DELL'AMBIENTE**\n\n1. Cliccare su «Dashboard» per accedere alla consultazione dei cruscotti.\n2. Cliccare su «Trasmissione Checklist» per accedere alla compilazione del controllo.\n\n**Nome utente e ruolo selezionato. Cliccare qui per modificare il ruolo.**"", ""[DASHBOARD] **Sistema Integrato «ClassyFarm» - Guida per l'Operatore e i suoi Delegati**\n\n**PAG**  \n**SELEZIONE DELL'AMBIENTE**  \n20  \n\n1. Cliccare su «Dashboard» per accedere alla consultazione dei cruscotti.  \n1. Nome utente e profilo selezionato; cliccare qui per modificare il profilo.""]","Per cancellare una check-list (CL) nel sistema integrato ""ClassyFarm"", segui questi passaggi:

1. Accedi alla home page del sistema ""ClassyFarm"".
2. Visualizza l'elenco dei questionari. Se il questionario che desideri cancellare è **non completato**, puoi procedere con la cancellazione.
3. Clicca sull'icona a forma di ""cestino"" accanto al questionario che desideri eliminare. Questo ti permetterà di cancellare il questionario.

Tieni presente che se il questionario è **completato e caricato**, non sarà possibile cancellarlo. In questo caso, puoi solo modificarlo entro una settimana dall'upload. Dopo questo termine, non sarà più possibile apportare modifiche.",Entro 10 giorni dalla data di caricamento è possibile cancellare una CL.,0.6666666666666666,0.5921796879868559,0.0,0.0,0.1481636327086932,OK,True
Come faccio a modificare una CL?,"['**Sistema Integrato «ClassyFarm» - GUIDA ALL\'INSERIMENTO DEL CONTROLLO FARMACOSORVEGLIANZA**\n\nIn caso di necessità di modificare la data relativa alle prescrizioni:\n\n1. Utilizzare la funzione ""Copia"" → cliccare sul pulsante e attendere → verrà creata una copia identica del controllo con tutte le risposte già fornite per quel controllo dell\'azienda → apportare le modifiche necessarie, giustificando nei campi di testo il motivo della variazione → caricare il nuovo controllo.\n\n**MODIFICA DATA PRESCRIZIONI**  \n30', '**SISTEMA QUESTIONARI**\n\nSelezionare il questionario di interesse, quindi cliccare su ""Azioni"" e successivamente su ""Modifica"". \n\n**MODIFICA DI UN QUESTIONARIO**', ""Nel contesto della gestione alimentare dei conigli, è importante considerare diversi aspetti legati alla dieta, in particolare per le giovani femmine selezionate per la riproduzione. Queste femmine possono ricevere una dieta razionata durante la loro crescita, che può essere attuata attraverso una restrizione sia quantitativa che qualitativa. Questo approccio è fondamentale per prevenire un aumento di peso eccessivo, specialmente quando le femmine raggiungono l'età della prima inseminazione.\n\nQuando si applica un razionamento alimentare a determinate categorie di animali, è essenziale disporre di un programma registrato che documenti l'orario e la quantità di alimento somministrato. La regolarità nella distribuzione dell'alimento è cruciale; pertanto, è necessario seguire uno schema preciso per l'erogazione del cibo.\n\nInoltre, è interessante notare che i conigli alimentati con una dieta razionata tendono a modificare temporaneamente il loro comportamento alimentare, concentrando gran parte dell'assunzione della razione in determinati periodi. Questo cambiamento nel comportamento può influenzare la loro alimentazione e, di conseguenza, la loro crescita e salute generale."", ""[DASHBOARD] **Sistema Integrato «ClassyFarm» - Guida per l'Operatore e i suoi Delegati**\n\n**PAG**  \n**SCELTA DELL'AMBIENTE**  \n25  \n\n1. Selezionare l'opzione «Selezione Azienda» per associare il proprio profilo all'allevamento.  \n2. Cliccare su «Dashboard» per accedere alla consultazione dei cruscotti.  \n\n**Nome utente e profilo selezionato; cliccare qui per modificare il profilo.**"", '**SISTEMA QUESTIONARI**\n\nÈ possibile procedere con l\'eliminazione di un nuovo questionario selezionando l\'opzione ""Azioni"" e successivamente ""Cancella"". In alcune circostanze, prima di poter procedere con la cancellazione del questionario, è necessario modificare una delle risposte e salvare le modifiche. \n\n**ELIMINAZIONE DI UN QUESTIONARIO**', ""[DASHBOARD] **Sistema Integrato «ClassyFarm» - GUIDA ALL'INSERIMENTO DEL CONTROLLO FARMACOSORVEGLIANZA**\n\n**PAGINA 7**\n\n**SCELTA DELL'AMBIENTE**\n\n1. Cliccare su «Dashboard» per accedere alla consultazione dei cruscotti.\n2. Cliccare su «Trasmissione Checklist» per accedere alla compilazione del controllo.\n\n**Nome utente e ruolo selezionato. Cliccare qui per modificare il ruolo.**"", ""[DASHBOARD] **Sistema Integrato «ClassyFarm» - GUIDA ALL'INSERIMENTO DEL CONTROLLO BIOSICUREZZA PER SUINI**\n\n**PAGINA 7**\n\n**SCELTA DELL'AMBIENTE**\n\n1. Cliccare su «Dashboard» per accedere alla consultazione dei cruscotti.\n2. Cliccare su «Trasmissione Checklist» per accedere alla compilazione del controllo.\n\n**Nome utente e ruolo selezionato. Cliccare qui per modificare il ruolo.**"", ""[DASHBOARD] **Sistema Integrato «ClassyFarm» - Guida per l'Operatore e i suoi Delegati**\n\n**PAG**  \n**SELEZIONE DELL'AMBIENTE**  \n20  \n\n1. Cliccare su «Dashboard» per accedere alla consultazione dei cruscotti.  \n1. Nome utente e profilo selezionato; cliccare qui per modificare il profilo."", ""Il suino presenta difficoltà nel processo di termoregolazione a causa della ridotta presenza di ghiandole sudoripare e di una bassa volemia. Pertanto, in condizioni di elevate temperature, associate a un'alta umidità relativa, i suini possono subire stress termico. Questi animali sono particolarmente sensibili alle alte temperature ambientali e tendono a modificare il loro comportamento per proteggersi. In situazioni di caldo, infatti, adottano una posizione di decubito laterale, che massimizza la superficie corporea esposta all'aria e al contatto con il pavimento. Inoltre, cercano posizioni isolate, lontano dai compagni di box, e preferibilmente in aree con maggiori correnti d'aria, riducendo il livello di attività e limitando..."", 'Ecco la riscrittura in italiano professionale mantenendo i dati tecnici:\n\n""""""(PROGRAMMI CASUALI), \n4. CONTROLLATO OK = ESITO FAVOREVOLE, \n5. NON CONFORME = CONTROLLATO ESITO SFAVOREVOLE, \n6. CHIUSO\n12. MODIFICATO DA: UTENTE RESPONSABILE DELL\'INSERIMENTO DEL CONTROLLO \n13. DATA DELL\'ULTIMA MODIFICA \n14. MOTIVAZIONE DELL\'AGGIORNAMENTO (CONTROLLO IN LOCO)""""""']","Per modificare una CL (Controllo), segui questi passaggi:

1. **Copia del Controllo**: Utilizza la funzione ""Copia"". Clicca sul pulsante e attendi che venga creata una copia identica del controllo, che includerà tutte le risposte già fornite per quel controllo dell'azienda.

2. **Apportare Modifiche**: Una volta creata la copia, apporta le modifiche necessarie. È importante giustificare le variazioni nei campi di testo dedicati, specificando il motivo della modifica.

3. **Caricare il Nuovo Controllo**: Dopo aver effettuato le modifiche e fornito le giustificazioni, carica il nuovo controllo.

Assicurati di seguire questi passaggi con attenzione per garantire che tutte le modifiche siano registrate correttamente.",Entro 10 giorni dalla data di caricamento è possibile modificare una CL.,0.8888888888888888,0.7610824829339355,0.09999999999,0.0,0.16262598168216924,OK,True
Perché non riesco a trovare l’allevamento quando compilo una CL?,"[""Per associarsi all'allevamento nel sistema integrato «ClassyFarm», seguire questi passaggi:\n\n1. Dopo aver scelto il proprio ruolo, cliccare su «Selezione Azienda».\n2. Procedere cliccando su «Nuovo Allevamento».\n3. Inserire il codice aziendale e poi cliccare su «Verifica».\n4. Cliccando su «Dettagli», è possibile visualizzare le informazioni relative all'allevamento, come la ragione sociale, la partita IVA e l'indirizzo.\n5. Selezionare la checklist che deve essere compilata per l'allevamento scelto. Si noti che, nel caso si disponga di un veterinario aziendale, il passaggio 4 non è necessario."", '**ISTRUZIONI PER L\'ASSOCIAZIONE DI UN ALLEVAMENTO**\n\nPrima di procedere con l\'inserimento della checklist, è fondamentale associare l\'allevamento di interesse.\n\n1. Cliccare sul pulsante ""Nuovo Allevamento"".\n2. Inserire il codice dell\'allevamento, quindi cliccare sul pulsante ""Verifica"" e selezionare l\'allevamento da associare.', '1. Cliccare su ""Nuovo Allevamento"".\n2. Inserire il codice aziendale (es. 001XX001) e fare clic su ""Verifica"".\n   - Il sistema recupererà automaticamente i dati dell\'allevamento.\n3. Selezionare l\'Azienda.', '1. Selezionare l\'allevamento di interesse nella parte superiore sinistra dello schermo.  \nNota Bene: Gli allevamenti visualizzati nel menu a tendina sono quelli associati alla voce ""Selezione Azienda"".  \n\n2. Procedere quindi alla compilazione della checklist.  \n2.1. È possibile inserire il codice dell\'allevamento manualmente oppure selezionarlo dal menu a tendina.  \n\nComunicazione Esito Valutazione.', 'Allevamento di suini con coda mozzata, in cui sia attualmente in corso un cronoprogramma di miglioramento a seguito di una valutazione del rischio, oppure in cui il cronoprogramma di miglioramento sia stato completato e siano allevati gruppi di animali con coda integra (fase di verifica delle condizioni per l’allevamento di suini a coda integra). La condizione per il requisito superiore stabilisce che tutti gli animali siano allevati con coda integra e che non presentino lesioni alla coda o alle orecchie (valutazione insufficiente ai criteri C.33 Morsicatura Coda e C.42 Lesioni corpo).', '**21  \nASSOCIAZIONE DI UN ALLEVAMENTO**  \nQuesta operazione è necessaria esclusivamente per il Veterinario Incaricato e il Veterinario Aziendale.\n\n1. Accedere a ClassyFarm e selezionare l\'opzione ""Selezione Azienda"".\n2. Cliccare sul pulsante ""Nuovo Allevamento"".\n3. Inserire il codice dell\'allevamento, cliccare sul pulsante ""Verifica"" e selezionare l\'allevamento da associare.\n4. Scegliere le tipologie di questionario che si desidera compilare tramite il menu a tendina.\n5. Caricare i documenti richiesti (si consiglia di utilizzare file in formato PDF; il modulo di autorizzazione è scaricabile al seguente link: https://www.classyfarm.it/index.php/register-it) e cliccare sul pulsante ""Conferma"" in fondo alla pagina.', '1. Selezionare l\'allevamento di interesse nella parte superiore sinistra dello schermo.  \nNota Bene: Gli allevamenti visualizzati nel menu a tendina sono quelli precedentemente associati nella sezione ""Selezione Azienda"".  \n\n2. Procedere quindi alla compilazione del questionario.  \n\n**Compilazione del Questionario**  \nÈ possibile inserire il codice dell\'allevamento manualmente oppure selezionarlo dal menu a tendina.', 'www.classyfarm.it  \nSelezionando la voce ""Tabella Allevamenti"", sarà possibile visualizzare l\'elenco degli allevamenti, con dettagli specifici relativi a ciascun allevamento, in base alla selezione della categoria e della quota desiderata (quota regionale, casuale, a rischio e piccole dimensioni).  \n\nCRITERI DI SELEZIONE:  \n- Allevamenti di grandi dimensioni  \n- Quota a rischio  \n- Quota regionale  \n- Quota casuale  \n- Allevamenti di piccole dimensioni  \n- Quota regionale  \n\nRISCHIO-PROGRAMMAZIONE', ""**PAG**  \nSistema Integrato «ClassyFarm» - Guida per Delegati Operatori - Filiera o Gruppo  \n\n**Procedura per l'abbinamento all'allevamento:**  \n1. Dopo aver selezionato il profilo, cliccare su «Selezione Azienda».  \n2. Cliccare su «Nuovo Allevamento».  \n3. Inserire il codice aziendale e cliccare su «Verifica».  \n\n**CARICAMENTO DELEGA**  \n1. Cliccando su «Dettagli», è possibile visualizzare le informazioni relative all'allevamento (Ragione sociale, Partita IVA, Indirizzo, ecc.).  \n(N.B. Se sono presenti più allevamenti, è necessario SELEZIONARE l'allevamento desiderato dall'elenco fornito in base al codice aziendale.)"", ""Per valutare in modo ottimale la partecipazione a corsi di formazione specifici sul benessere animale e l’allevamento del coniglio, è fondamentale possedere due requisiti principali: un'esperienza prolungata e un titolo di studio o una formazione specifica. È consigliabile che i corsi di formazione o aggiornamento vengano ripetuti regolarmente durante il periodo lavorativo, con una frequenza di almeno un corso ogni tre anni.\n\nNel caso in cui l’allevamento sia gestito da più operatori, è sufficiente che almeno un addetto, che può essere il titolare o un dipendente, partecipi ai corsi di formazione. Tuttavia, i limiti stabiliti per la valutazione servono solo come guida per il valutatore, il quale deve considerare tutti i fattori di rischio associati all’allevamento prima di esprimere un giudizio finale.\n\nLe capacità e le conoscenze sono considerate inadeguate se l'esperienza è inferiore a dieci anni e non è stata effettuata alcuna formazione sul benessere animale. Al contrario, le capacità e le conoscenze sono ritenute adeguate se l'esperienza è di almeno dieci anni, anche in assenza di un titolo di studio.""]","Se non riesci a trovare l’allevamento quando compili una checklist (CL), potrebbero esserci diverse ragioni:

1. **Associazione non completata**: Assicurati di aver associato correttamente l'allevamento. Devi cliccare su ""Nuovo Allevamento"", inserire il codice aziendale e cliccare su ""Verifica"" per selezionare l'allevamento da associare [1][2][6].

2. **Selezione Azienda**: Verifica di aver selezionato correttamente l'opzione ""Selezione Azienda"" prima di cercare l'allevamento [9].

3. **Allevamento non registrato**: Potrebbe essere che l'allevamento non sia registrato nel sistema. Controlla che il codice inserito sia corretto e che l'allevamento sia effettivamente presente nel database.

Se hai bisogno di ulteriore assistenza, puoi contattare il supporto tecnico o il tuo veterinario aziendale.",Prima di inserire una CL è necessario associare l’azienda; se l’allevamento ha cambiato ragione sociale è necessario effettuare una nuova associazione.,0.5714285714285714,0.7478067999775909,0.9240362811659377,0.5,0.4325585427157951,OK,True
A chi devo inviare l’associazione Operatore–Veterinario?,"[""**Sistema Integrato «ClassyFarm» - Guida per l'Operatore e i suoi Delegati**\n\n**PAG**  \n**LOGIN: Visualizzazione**  \nAccedere al sito: https://www.vetinfo.it/  \nCliccare su «ACCEDI all’Area riservata»; nella pagina che si aprirà, inserire le credenziali d'accesso fornite dal Sistema Veterinario Informativo (credenziali VetINFO).  \n**18**"", ""Il documento è un estratto dalla Gazzetta Ufficiale della Repubblica Italiana, pubblicato il 5 febbraio 2018, e riguarda un allegato che contiene uno schema di designazione. Questo schema è indirizzato sia alla ASL di una specifica località che all'Ordine dei Medici Veterinari della stessa area.\n\nIl testo include una dichiarazione da parte di un operatore, il quale deve fornire le seguenti informazioni:\n\n1. **Identità dell'Operatore**: Il nome e il cognome dell'operatore sono richiesti, insieme alla sua qualifica, che può essere Proprietario, Rappresentante legale o Detentore dell'allevamento.\n\n2. **Informazioni sull'Allevamento**: È necessario indicare la ragione sociale dell'allevamento, il codice aziendale, e il numero di Partita IVA o Codice Fiscale dell'impresa.\n\n3. **Ubicazione**: L'operatore deve specificare il comune e l'indirizzo (via o località) in cui si trova l'allevamento.\n\n4. **Contatti**: Sono richiesti anche un numero di telefono e un indirizzo email.\n\n5. **Tipologia dell'Azienda**: L'operatore deve indicare la tipologia dell'azienda.\n\nInfine, il documento prevede che, ai sensi di un decreto specifico, l'operatore designi un medico veterinario, fornendo il nome del professionista che è iscritto all'albo."", '**21  \nASSOCIAZIONE DI UN ALLEVAMENTO**  \nQuesta operazione è necessaria esclusivamente per il Veterinario Incaricato e il Veterinario Aziendale.\n\n1. Accedere a ClassyFarm e selezionare l\'opzione ""Selezione Azienda"".\n2. Cliccare sul pulsante ""Nuovo Allevamento"".\n3. Inserire il codice dell\'allevamento, cliccare sul pulsante ""Verifica"" e selezionare l\'allevamento da associare.\n4. Scegliere le tipologie di questionario che si desidera compilare tramite il menu a tendina.\n5. Caricare i documenti richiesti (si consiglia di utilizzare file in formato PDF; il modulo di autorizzazione è scaricabile al seguente link: https://www.classyfarm.it/index.php/register-it) e cliccare sul pulsante ""Conferma"" in fondo alla pagina.', ""**Sistema Integrato «ClassyFarm» - Guida per l'Operatore e i suoi Delegati**\n\n**PAGINA DI ACCESSO**\n\nPer accedere al sistema, collegarsi al sito: [https://www.vetinfo.it/](https://www.vetinfo.it/). \n\nCliccare su «ACCEDI all’Area riservata» e, nella pagina che si aprirà, inserire le credenziali d’accesso fornite dal Sistema Veterinario Informativo (credenziali VetINFO). \n\n**22**"", 'VETERINARIO:\n- AZIENDALE\n- INCARICATO\n- UFFICIALE\n(Clicca sulla tua figura per consultare la procedura)\nOPERATORE DELEGATO\n2\nwww.classyfarm.it', 'Il testo presenta due figure professionali nel campo della veterinaria: il Veterinario Aziendale e il Medico Veterinario Incaricato. Per ciascuna di queste figure, è disponibile un modulo di richiesta di associazione. In particolare, ci sono due moduli distinti: uno per il Medico Veterinario Aziendale e uno per il Medico Veterinario Incaricato.', ""In base al decreto identificato con il numero xxxxxxxx, è stato designato il dott. ……………………………, un medico veterinario regolarmente iscritto all’Ordine dei Veterinari della Provincia di …………………….. con il numero di iscrizione n ………, come veterinario aziendale. Il dottore è consapevole delle conseguenze penali che possono derivare da dichiarazioni false e mendaci, come previsto dal D.P.R. 445/2000.\n\nIn seguito, il veterinario aziendale ha rilasciato una dichiarazione in cui, sempre ai sensi del decreto xxxxxxx, accetta l’incarico di veterinario aziendale per un allevamento identificato con il codice aziendale ... … …IT … … … . Il dott. …………………………………, libero professionista, ha fornito anche il proprio indirizzo email: ……………………. È iscritto all'Albo della Provincia di ………………………… con il numero di iscrizione n …………. Anche in questo caso, il veterinario è consapevole delle conseguenze penali legate a dichiarazioni false e mendaci, come stabilito dal D.P.R. 445/2000.\n\nInfine, sono richieste le firme dell'operatore e del veterinario aziendale, con il riferimento al numero 18A00687."", ""Il Codice Penale italiano prevede sanzioni severe per il maltrattamento degli animali. In particolare, chi infligge fatiche o lavori insopportabili agli animali, in relazione alle loro caratteristiche etologiche, può essere punito con una reclusione che varia da tre a diciotto mesi, oppure con una multa che va da 5.000 a 30.000 euro. La stessa pena si applica a chi somministra sostanze stupefacenti o vietate agli animali, o a chi li sottopone a trattamenti che possano danneggiare la loro salute. Se da tali atti deriva la morte dell'animale, la pena è aumentata della metà.\n\nIn aggiunta, il Codice Penale punisce anche l'abbandono di animali domestici o di quelli che hanno acquisito abitudini di vita in cattività. Chi commette questo reato può essere soggetto a un arresto fino a un anno o a un'ammenda che varia da 1.000 a 10.000 euro. La stessa pena si applica a chi detiene animali in condizioni che risultano incompatibili con la loro natura e che causano gravi sofferenze."", ""Il testo tratta delle sanzioni previste dal Codice Penale italiano in merito al maltrattamento degli animali. In particolare, si evidenziano due principali fattispecie di reato.\n\nInnanzitutto, chi causa lesioni a un animale, lo sottopone a sevizie, comportamenti inappropriati, fatiche o lavori insopportabili per le sue caratteristiche etologiche, è punito con la reclusione da tre a diciotto mesi o con una multa che varia da 5.000 a 30.000 euro. La stessa pena si applica a chi somministra sostanze stupefacenti o vietate agli animali, o a chi li sottopone a trattamenti che possano danneggiare la loro salute. Inoltre, se da tali atti deriva la morte dell'animale, la pena è aumentata della metà.\n\nIn secondo luogo, chi abbandona animali domestici o animali che hanno acquisito abitudini di vita in cattività è soggetto a sanzioni che prevedono l'arresto fino a un anno o un'ammenda che va da 1.000 a 10.000 euro. La stessa pena si applica a chi detiene animali in condizioni che risultano incompatibili con la loro natura. \n\nQueste disposizioni mirano a tutelare il benessere degli animali e a prevenire comportamenti dannosi nei loro confronti."", 'A cura di:  \nIstituto Zooprofilattico Sperimentale della Lombardia e dell’Emilia-Romagna “Bruno Ubertini”  \nIstituto Zooprofilattico Sperimentale della Sardegna “G. Pegreffi”  \nCentro di Referenza Nazionale per il Benessere Animale  \nMinistero della Salute  \n\nTutti i diritti riservati. La riproduzione, totale o parziale, del testo e delle illustrazioni in esso contenute è consentita esclusivamente previa autorizzazione scritta degli Autori e con citazione della fonte.  \n\nIstituto Zooprofilattico Sperimentale della Lombardia e dell’Emilia-Romagna “Bruno Ubertini”  \nCentro di Referenza Nazionale per il Benessere Animale  \nVia Antonio Bianchi, 9 - 25124 Brescia – ITALIA  \nResponsabile CReNBA  \nDr. Luigi Bertocchi  \nE-mail: luigi.bertocchi@izsler.it  \n\nReferente settore ovino  \nIstituto Zooprofilattico Sperimentale della Sardegna “G. Pegreffi”  \nVia Duca Degli Abruzzi, 8 – 07100 - ITALIA  \nDr.ssa Paola Nicolussi  \nE-mail: paola.nicolussi@izs-sardegna.it']",Dai documenti: è necessario aggiornare l'APP; in alternativa usare il sistema 'Questionari'.,"I moduli di associazione Operatore–Veterinario devono essere caricati in ClassyFarm nell’apposita sezione ""Seleziona azienda"" nel momento in cui viene associato l’allevamento.",0.0,0.21530516191279875,0.608333333318125,1.0,0.10258913603247286,OK,True
Come devono essere i pavimenti delle stalle dei suini?,"['**B.23 Caratteristiche dei Pavimenti e delle Strutture**\n\nI pavimenti devono essere progettati in modo da essere antisdrucciolevoli e privi di asperità, al fine di prevenire lesioni ai suini. Devono essere realizzati e mantenuti in modo tale da non causare danni o sofferenze agli animali. Inoltre, è fondamentale che siano adeguati alle dimensioni e al peso dei suini; in assenza di lettiera, devono costituire una superficie rigida, piana e stabile (D.L.vo 122/2011, allegato 1, parte I, punto 5).\n\n**Elemento di Verifica 23**  \n**PAVIMENTI E STRUTTURE**  \n(Categoria di non conformità: Pavimentazioni)  \nI pavimenti devono essere antisdrucciolevoli e privi di asperità per evitare lesioni ai suini e devono essere progettati, costruiti e mantenuti in modo da non arrecare danni o sofferenze agli animali. È essenziale che i pavimenti siano adeguati alla categoria di suini allevata. La presenza anche di un solo parametro non conforme è considerata insufficiente; tutti i parametri devono risultare conformi.', '**B.20 Caratteristiche dei Pavimenti e delle Strutture**\n\nI pavimenti devono essere progettati in modo da essere antisdrucciolevoli e privi di asperità, al fine di prevenire lesioni ai suini. Devono essere realizzati e mantenuti in modo tale da non causare danni o sofferenze agli animali. È fondamentale che i pavimenti siano adeguati alle dimensioni e al peso dei suini e, in assenza di lettiera, devono costituire una superficie rigida, piana e stabile (D.L.vo 122/2011, allegato 1, parte I, punto 5).\n\nLa maggior parte dei suini da ingrasso è ospitata in recinti con pavimenti che presentano fessurazioni, sia complete che parziali (EFSA, 2007a). \n\nLa limitazione dei movimenti può derivare dalla scivolosità del pavimento, causata da materiali inadeguati o usurati, o dalla presenza di escrementi. Le misure preventive includono la selezione e la manutenzione di pavimentazioni appropriate. Le misure correttive consistono nella pulizia dei pavimenti sporchi e nella fornitura di paglia o di altri substrati.', ""La normativa stabilisce che i pavimenti degli spazi destinati ai suini devono rispettare specifiche condizioni per garantire il benessere degli animali. In particolare, i pavimenti devono essere costruiti in modo da non essere sdrucciolevoli e privi di asperità che possano causare lesioni. Inoltre, devono essere progettati e mantenuti in modo da non arrecare sofferenze agli animali, e devono essere adeguati alle dimensioni e al peso dei suini.\n\nNel caso in cui non sia prevista l'uso di una lettiera, i pavimenti devono presentare una superficie rigida, piana e stabile. È fondamentale che gli escrementi, l'urina e i foraggi non mangiati o caduti vengano rimossi regolarmente, al fine di minimizzare odori sgradevoli e la presenza di mosche o roditori.\n\nLa condizione di adeguatezza dei pavimenti è definita dalla presenza di tutti i parametri richiesti, mentre una condizione non adeguata si verifica anche con la mancanza di un solo parametro. In base alle evidenze raccolte, si segnala che non ci sono problematiche per la categoria A e C, mentre si conferma la presenza di condizioni adeguate."", '""In particolare, per i pavimenti fessurati, il legno, nella forma di tronchetti o pezzi di dimensioni superiori all\'ampiezza degli spazi tra i travetti, si rivela idoneo e applicabile. Per tutte le altre tipologie di pavimentazione, i materiali indicati dalla normativa (sia per tipo che per quantità) devono essere selezionati e calcolati in base alla tipologia di allevamento e al numero di soggetti, tenendo conto del loro utilizzo"" (Circolare Ministeriale 0022766-P-12/12/2012, allegato 2).\n\n""4. I materiali di arricchimento devono consentire ai suini di soddisfare i loro bisogni fondamentali senza compromettere la loro salute. A tal fine, i materiali di arricchimento devono essere sicuri e presentare le seguenti caratteristiche:\na) essere commestibili, affinché i suini possano mangiarli e annusarli, preferibilmente con benefici nutrizionali;\nb) essere masticabili, in modo che i suini possano morderli;\nc) essere esplorabili, affinché i suini possano esplorarli.""', '""In particolare, per i pavimenti fessurati, il legno, nella forma di tronchetti o pezzi di volume superiore all\'ampiezza degli spazi tra i travetti, si dimostra idoneo e applicabile. Per tutte le altre tipologie di pavimentazione, i materiali indicati dalla normativa (sia per tipo che per quantità) devono essere selezionati e calcolati in base alla tipologia di allevamento e al numero di soggetti, tenendo conto del loro utilizzo"" (Circolare Ministeriale 0022766-P-12/12/2012, allegato 2).\n\n""4. I materiali di arricchimento devono consentire ai suini di soddisfare i loro bisogni fondamentali senza compromettere la loro salute. A tal fine, i materiali di arricchimento devono essere sicuri e presentare le seguenti caratteristiche: \na) essere commestibili, affinché i suini possano mangiarli e annusarli, preferibilmente con benefici nutrizionali; \nb) essere masticabili, in modo che i suini possano morderli; \nc) essere esplorabili, affinché i suini possano esplorarli.""', ""Nel contesto della normativa riguardante gli allevamenti suini, si stabiliscono specifiche misure per i pavimenti. In particolare, per i lattonzoli e i suinetti, è previsto uno spessore di 50 mm, mentre per i suini all'ingrasso, le scrofette dopo la fecondazione e le scrofe, lo spessore deve essere di 80 mm, come indicato nel Decreto Legislativo 122/2011, articolo 3, punto 1, lettera c, sottopunto 2.\n\nIn aggiunta, la Circolare Ministeriale 0022766-P-12/12/2012, allegato 2, specifica che il livello di tolleranza per la realizzazione dei pavimenti in calcestruzzo, secondo lo standard europeo EN 12737:2004+A1, è di +/- 3 mm per quanto riguarda aperture e travetti.\n\nPer quanto concerne le tipologie di pavimentazioni ammissibili negli allevamenti di suini da riproduzione, si possono considerare conformi le seguenti soluzioni: \n\n1. Allevamento su pavimento pieno con lettiera, che consiste in un pavimento completamente solido, con una limitata area dedicata allo scarico dei liquidi.\n2. Allevamento per scrofe e scrofette su pavimento parzialmente fessurato, caratterizzato da un'area fessurata delimitata (zona di defecazione) con fessure che possono arrivare fino a 25 mm e travetti di almeno 80 mm. \n\nQueste specifiche sono fondamentali per garantire il benessere degli animali e la conformità alle normative vigenti."", 'La condizione di pavimentazione per gli allevamenti suini può essere classificata in tre categorie principali. \n\nLa prima categoria, definita ""condizione non adeguata"", prevede una pavimentazione in calcestruzzo fessurato, caratterizzata da travetti o fessure la cui ampiezza non rispetta le normative vigenti.\n\nLa seconda categoria, ""condizione adeguata"", richiede una pavimentazione in calcestruzzo fessurato con misure conformi, oppure un pavimento pieno, o ancora un pavimento grigliato realizzato in plastica o metallo.\n\nInfine, la terza categoria, che rappresenta il ""requisito superiore"", prevede una pavimentazione piena con lettiera permanente.\n\nPer quanto riguarda le scrofette dopo la fecondazione e le scrofe gravide, è necessario garantire che una parte della superficie libera totale a disposizione per ciascun animale sia costituita da pavimento pieno continuo. In particolare, si richiede un\'area di almeno 0,95 mq per ogni scrofetta e di almeno 1,3 mq per ogni scrofa. È importante notare che una parte di questo pavimento, non superiore al 15%, può essere riservata alle aperture di scarico, come griglie e tombini.\n\nInfine, per i suini allevati in gruppo su pavimenti fessurati in calcestruzzo, le aperture devono rispettare specifiche dimensioni: l\'ampiezza massima delle aperture è di 11 mm per i lattonzoli, 14 mm per i suinetti e 18 mm per i suini all\'ingrasso.', ""La verifica della conformità della pavimentazione nel contesto dell'allevamento suino è regolata dalla normativa specificata nell'articolo 3, punto 1, lettera c, sottopunto 1 e 2 del decreto 122/2011. In particolare, si fa riferimento all'uso di pavimenti fessurati in calcestruzzo per suini allevati in gruppo. \n\nLe specifiche relative alle aperture dei pavimenti sono le seguenti: per i lattonzoli, l'ampiezza massima delle aperture deve essere di 11 mm; per i suinetti, 14 mm; per i suini all'ingrasso, 18 mm; e per le scrofette dopo la fecondazione e le scrofe, 20 mm. Inoltre, l'ampiezza minima dei travetti deve rispettare i seguenti parametri: 50 mm per lattonzoli e suinetti, e 80 mm per suini all'ingrasso, scrofette dopo la fecondazione e scrofe.\n\nÈ altresì previsto che una parte della superficie del box, pari ad almeno 0,95 mq per scrofetta e ad almeno 1,3 mq per scrofa, debba essere costituita da un pavimento pieno e continuo. Le aperture di scarico non possono superare il 15% della superficie totale. \n\nPertanto, è fondamentale verificare il rispetto di queste normative all'interno del box, applicando il range di misure specificato."", ""Per il benessere animale, la presenza di una superficie solida è fondamentale, sia per garantire il comfort degli animali sia per offrire un materiale manipolabile ottimale, come ad esempio la paglia. I pavimenti completamente fessurati rappresentano un elevato fattore di rischio (EFSA, 2007c). \n\nI suini, di norma, tendono a utilizzare aree distinte per sdraiarsi e per urinare e/o defecare, salvo situazioni di stress causate da temperature elevate, malattie, alte concentrazioni di gas nocivi, ventilazione inadeguata, insufficiente disponibilità di spazio nel sistema di stabulazione, o quando il sistema stesso è progettato o gestito in modo inadeguato (EFSA, 2005). \n\nInoltre, è essenziale che i suini possano alzarsi compiendo movimenti naturali e che non siano presenti pavimenti scivolosi. Il valutatore deve esaminare, prestando particolare attenzione al comportamento dei suini durante il periodo estivo (soprattutto in relazione ai pavimenti solidi), che all'interno del locale di stabulazione sia presente una..."", '**Condizioni microclimatiche idonee per gli animali:** ad esempio, ventilazione naturale o impianti di ventilazione privi di sistemi di controllo.\n\n**Condizioni microclimatiche non adeguate per gli animali:** ad esempio, ambienti chiusi (assenza di aperture) privi di adeguata ventilazione o caratterizzati da elevata polverosità.\n\nRiferimenti normativi:\n- Regolamento 146/2001, Allegato Fabbricati e locali di stabulazione, punto 10. CL Min. 10.a\n- Regolamento 146/2001, Allegato Fabbricati e locali di stabulazione, punti 8-9 e Procedura di allevamento, punto 20\n- Regolamento 122/2011, Allegato 1, parte I, punto 5. CL Min. 18\n\nI pavimenti devono essere progettati in modo da non essere sdrucciolevoli e privi di asperità, al fine di prevenire lesioni ai suini. Devono inoltre essere realizzati e mantenuti in modo da non causare danni o sofferenze agli animali.\n\nÈ fondamentale che i pavimenti non presentino caratteristiche sdrucciolevoli o asperità e che siano adeguati alla categoria di suini allevata.\n\nLa presenza anche di un solo parametro non è considerata sufficiente; è necessario che tutti i parametri siano soddisfatti per garantire il benessere degli animali.']","I pavimenti delle stalle dei suini devono essere progettati e realizzati seguendo specifiche caratteristiche per garantire il benessere degli animali. Ecco i requisiti fondamentali:

1. **Antisdrucciolevolezza**: I pavimenti devono essere antisdrucciolevoli e privi di asperità per prevenire lesioni ai suini.

2. **Superficie adeguata**: Devono essere adeguati alle dimensioni e al peso dei suini. In assenza di lettiera, i pavimenti devono costituire una superficie rigida, piana e stabile.

3. **Manutenzione**: I pavimenti devono essere mantenuti in modo tale da non causare danni o sofferenze agli animali. È essenziale che gli escrementi, l'urina e i foraggi non mangiati o caduti vengano rimossi regolarmente.

4. **Tipologie di pavimentazione**: Sono ammissibili diverse tipologie di pavimentazione, tra cui:
   - Pavimento pieno con lettiera.
   - Pavimento parzialmente fessurato per scrofe e scrofette, con fessure che possono arrivare fino a 25 mm.

5. **Dimensioni e spessore**: Per i lattonzoli e i suinetti, è previsto uno spessore di 50 mm, mentre per i suini all'ingrasso, le scrofette dopo la fecondazione e le scrofe, lo spessore deve essere di 80 mm.

6. **Aperture**: Le aperture nei pavimenti devono rispettare specifiche dimensioni massime, a seconda della categoria di suini, per garantire la sicurezza e il benessere degli animali.

7. **Condizioni di verifica**: È fondamentale che tutti i parametri richiesti siano soddisfatti; la presenza anche di un solo parametro non conforme è considerata insufficiente.

Queste specifiche sono essenziali per garantire un ambiente sicuro e confortevole per i suini, prevenendo lesioni e sofferenze.","I pavimenti devono essere progettati in modo da essere antisdrucciolevoli e privi di asperità, per prevenire lesioni ai suini. Devono essere mantenuti in modo tale da non causare danni o sofferenze agli animali e devono essere adeguati alle dimensioni e al peso dei suini. Se non è presente una lettiera nel recinto, i pavimenti devono costituire una superficie rigida, piana e stabile. Consulta D.Lgs. 122/2011, allegato 1, parte I, punto 5.",1.0,0.8769570024120276,0.8385912698307874,0.75,0.6082831172934342,OK,True
Come devo progettare le strutture di stabulazione delle galline?,"['L\'area B riguarda le strutture e le attrezzature zootecniche, che, insieme al management e all\'igiene ambientale, possono influenzare il benessere animale. Nella valutazione del benessere delle galline ovaiole, è fondamentale considerare non solo la densità di allevamento, ma anche l\'adeguatezza delle strutture che ospitano gli animali. \n\nLe strutture di stabulazione devono essere progettate in modo da non essere nocive e devono permettere alle galline di esprimere il loro repertorio comportamentale naturale. Inoltre, è essenziale che un allevamento disponga di strutture suppletive adeguate per gestire situazioni particolari, come ad esempio un\'infermeria.\n\nÈ importante sottolineare che tra una corretta condizione ambientale o manageriale e il benessere dell\'animale si interpone la capacità di adattamento dell\'animale stesso. Pertanto, l\'operatore che valuta l\'adeguatezza delle strutture deve prestare particolare attenzione al ""rischio per il benessere"" che queste possono rappresentare, piuttosto che concentrarsi esclusivamente sull\'efficienza zootecnica.', ""Le strutture di stabulazione, oltre a non presentare rischi per la salute, devono consentire ai polli di esprimere comportamenti naturali e appropriati per la loro specie. È altresì fondamentale sottolineare che un allevamento deve essere dotato di adeguate strutture suppletive per la gestione di situazioni particolari, come ad esempio un'area dedicata all'infermeria."", ""Il sistema di allevamento delle galline prevede strutture a più piani, poiché gli animali tendono a rifugiarsi ai livelli superiori per riposare durante le ore notturne. Questo approccio crea un ambiente complesso, stimolando l'esercizio fisico e il comportamento esplorativo delle galline.\n\nPer garantire una gestione adeguata di questi sistemi di allevamento, in particolare per quanto riguarda lo smaltimento delle deiezioni, la normativa stabilisce che il numero massimo di livelli sovrapposti non possa superare quattro. Inoltre, è compito del veterinario ufficiale verificare il rispetto di questo requisito, eventualmente avvalendosi della planimetria dell'allevamento."", ""Il sistema di allevamento delle galline ovaiole prevede l'installazione di strutture su più livelli, con l'osservazione che talvolta ai piani più alti queste strutture non vengono installate. Questo accade perché le galline tendono a rifugiarsi nei livelli superiori per riposare durante le ore notturne. \n\nL'adozione di un sistema di allevamento a più piani contribuisce a creare un ambiente complesso, il quale stimola l'esercizio fisico e il comportamento esplorativo delle galline. Tuttavia, per garantire una gestione adeguata di tali sistemi, in particolare per quanto riguarda lo smaltimento delle deiezioni, la normativa stabilisce che il numero massimo di livelli sovrapposti non possa superare le quattro unità. È compito del valutatore, eventualmente con l'ausilio della planimetria dell'allevamento, verificare il rispetto di questo requisito.\n\nIn aggiunta, nei sistemi alternativi di allevamento, come le voliere, è previsto che l'altezza libera minima tra i vari livelli sia di 45 cm, come indicato nel Decreto Legislativo 267/2003, allegato B, punto 2.a.2."", ""Il testo presenta una serie di elementi di verifica relativi agli edifici e ai locali di stabulazione, con particolare attenzione ai sistemi di allevamento delle galline. \n\nIn primo luogo, si sottolinea che i sistemi di allevamento devono essere progettati in modo da prevenire la fuga delle galline. Questo è un aspetto fondamentale per garantire la sicurezza e il benessere degli animali.\n\nIn secondo luogo, si fa riferimento a specifiche normative, come il punto 7 dell'allegato A del regolamento 267/2003, che stabilisce che gli impianti con più piani di gabbie devono essere dotati di dispositivi o misure adeguate. Questi devono permettere un'ispezione diretta e agevole di tutti i piani, facilitando anche il ritiro delle galline.\n\nIn aggiunta, il punto 5 dello stesso regolamento evidenzia l'importanza di progettare le gabbie e le aperture in modo che una gallina adulta possa essere ritirata senza subire inutili sofferenze o ferite. \n\nInfine, si ribadisce che i sistemi di allevamento devono garantire che le galline non possano scappare, sottolineando l'importanza di un ambiente controllato e sicuro per il benessere degli animali."", 'Il valutatore deve considerare le dimensioni del fessurato calpestabile dagli animali, assicurandosi che siano adeguate rispetto alle dimensioni delle loro zampe. È fondamentale che la pavimentazione fessurata consenta il passaggio delle deiezioni al di sotto della superficie calpestabile e che possa sostenere adeguatamente le unghie anteriori delle galline.\n\nIn merito ai sistemi alternativi di allevamento, in particolare per le voliere, è stabilito che nei sistemi che permettono alle galline ovaiole di muoversi liberamente tra diversi livelli, il numero massimo di livelli sovrapposti deve essere pari a quattro, come indicato nel Decreto Legislativo 267/2003, allegato B, punto 2.a.1. Questo aspetto è un elemento di verifica importante e rientra nella categoria di non conformità relativa agli edifici e ai locali di stabulazione.', ""Per garantire un adeguato livello di benessere per le galline, è fondamentale che i posatoi offrano stabilità sia durante la seduta che il riposo. Questi posatoi non devono essere scivolosi, ma devono essere sufficientemente larghi e progettati in modo tale da permettere una buona presa da parte dei piedi degli animali. \n\nPer valutare se i posatoi soddisfano questi requisiti, è importante considerare la lunghezza dei posatoi all'interno della gabbia in relazione al numero di galline presenti. Inoltre, le indicazioni riguardanti l'ampiezza dei posatoi possono essere utilizzate come ausilio per formulare una valutazione più completa.\n\nIn merito agli edifici e ai locali di stabulazione, è previsto che le gabbie siano dotate di adeguati dispositivi per l'accorciamento delle unghie, contribuendo così al benessere delle galline."", 'Per garantire il benessere delle galline ovaiole, è fondamentale che gli allevatori siano attrezzati in modo adeguato. In particolare, è necessario che tutte le galline dispongano di posatoi appropriati. Questi posatoi devono essere privi di bordi aguzzi e offrire almeno 15 cm di spazio per ogni gallina. Inoltre, è importante che i posatoi non sovrastino le aree coperte di lettiera. La distanza orizzontale tra i posatoi deve essere di almeno 30 cm, mentre quella tra i posatoi e le pareti deve essere di almeno 20 cm.\n\nPer valutare se questi requisiti siano rispettati, è necessario verificare che lo spazio disponibile per ciascuna gallina sia sufficiente e che le caratteristiche dei posatoi garantiscano la sicurezza degli animali. I posatoi devono essere progettati in modo da favorire il comportamento naturale di appollaiamento, noto come ""perching"", e devono ridurre al minimo il rischio di lesioni. In sintesi, i posatoi appropriati devono offrire alle galline una percezione di elevazione e essere progettati per massimizzarne l\'uso.', ""Le galline necessitano di stabilità sia durante la seduta che nel riposo. Pertanto, le superfici su cui si trovano non devono essere scivolose. Inoltre, è importante che queste superfici siano sufficientemente larghe e abbiano una forma che consenta una buona presa da parte dei piedi degli animali, come indicato dall'EFSA nel 2015."", ""Gli spazi all'aperto destinati alle galline devono essere dotati di alcune caratteristiche fondamentali. In primo luogo, è essenziale che questi spazi offrano riparo dalle intemperie e dai predatori, oltre a fornire abbeveratoi adeguati. \n\nLa gestione corretta di queste aree è cruciale per incentivare le galline a sfruttarle appieno. Infatti, le galline tendono a mostrare un atteggiamento di timore nei confronti di potenziali predatori, un comportamento che può essere mitigato dalla presenza di ripari dove possano rifugiarsi. Pertanto, per promuovere l'uso delle aree esterne, è necessario dotarle di ripari e zone d'ombra, che possono essere sia naturali che artificiali.\n\nIn aggiunta, è importante considerare che i predatori rappresentano un reale pericolo per le galline allevate. Per questo motivo, è fondamentale adottare misure di protezione adeguate, come l'installazione di recinzioni per difendere gli animali dai predatori terrestri o l'uso di reti sospese sopra le aree di pascolo per proteggere le galline dai rapaci.""]","Per progettare le strutture di stabulazione delle galline, è fondamentale seguire alcune linee guida specifiche che garantiscano il benessere animale. Ecco i passaggi da considerare:

1. **Adeguatezza delle Strutture**: Le strutture devono essere progettate in modo da non essere nocive e devono consentire alle galline di esprimere il loro repertorio comportamentale naturale. È importante che le strutture non presentino rischi per la salute degli animali.

2. **Strutture Suppletive**: Assicurati che l'allevamento disponga di strutture suppletive adeguate per gestire situazioni particolari, come un'infermeria.

3. **Sistema a Piani**: Implementa un sistema di allevamento a più piani, poiché le galline tendono a rifugiarsi ai livelli superiori per riposare. Tuttavia, il numero massimo di livelli sovrapposti non deve superare quattro, come stabilito dalla normativa.

4. **Altezza Libera**: Nei sistemi alternativi di allevamento, come le voliere, l'altezza libera minima tra i vari livelli deve essere di almeno 45 cm.

5. **Prevenzione della Fuga**: Progetta le strutture in modo da prevenire la fuga delle galline, garantendo un ambiente controllato e sicuro.

6. **Ispezione e Ritiro**: Assicurati che gli impianti con più piani di gabbie siano dotati di dispositivi che permettano un'ispezione diretta e agevole di tutti i piani, facilitando anche il ritiro delle galline senza causare loro sofferenze o ferite.

7. **Posatoi**: Fornisci posatoi stabili, larghi almeno 15 cm per gallina, privi di bordi aguzzi e progettati per favorire il comportamento naturale di appollaiamento. La distanza orizzontale tra i posatoi deve essere di almeno 30 cm e quella tra i posatoi e le pareti di almeno 20 cm.

8. **Pavimentazione**: La pavimentazione deve essere fessurata per consentire il passaggio delle deiezioni e deve sostenere adeguatamente le unghie anteriori delle galline.

9. **Spazi Esterni**: Gli spazi all'aperto devono offrire riparo dalle intemperie e dai predatori, con abbeveratoi adeguati. È importante dotare queste aree di ripari e zone d'ombra per incentivare l'uso da parte delle galline.

10. **Protezione dai Predatori**: Adotta misure di protezione adeguate, come recinzioni per difendere gli animali dai predatori terrestri e reti sospese sopra le aree di pascolo per proteggere le galline dai rapaci.

Seguendo questi passaggi, potrai progettare strutture di stabulazione che non solo rispettano le normative vigenti, ma che promuovono anche il benessere delle galline.","Le strutture di stabulazione devono essere progettate in modo da non essere nocive e devono permettere alle galline di esprimere il loro repertorio comportamentale naturale. È necessario che le strutture presentino condizioni microclimatiche adeguate all'interno, per non compromettere il benessere degli animali; tali condizioni includono temperatura, umidità e qualità dell'aria.",1.0,0.9083505251123447,,0.5,0.29848526697556027,OK,True
Come faccio a salvare la checklist che ho compilato?,"['Riprendere la compilazione di una checklist salvata come bozza.', '**Checklist Salvata in Bozza**\n\nSe il questionario è stato salvato come bozza, per riprendere la compilazione seguire i seguenti passaggi:\n\n1. Cliccare su «Compilazione Checklist (Nuovo)».\n2. Individuare il disciplinare di interesse, cliccare su di esso e successivamente selezionare «Storico».', ""[ASSISTENZA_TELEFONICA] La checklist deve essere sempre compilata per garantire una corretta categorizzazione del rischio e fungere da supporto per giustificare una decisione riguardante la conformità o la non conformità. È importante notare che la valutazione, che può essere classificata come insufficiente, accettabile o ottimale, non influenzerà direttamente l'esito complessivo del controllo in relazione alla condizionalità.\n\nLe attività di osservazione e rilevazione condotte dal veterinario ufficiale, riguardanti i parametri basati su misure dirette sugli animali, sono principalmente suddivise in tre opzioni di scelta. La prima opzione è definita “inaccettabile” o “insufficiente”, che si riferisce a condizioni che potrebbero impedire a uno o più animali di soddisfare le proprie esigenze biologiche e di godere delle cinque libertà fondamentali per il benessere animale. Questo livello di valutazione, come indicato nel questionario compilato dal veterinario ufficiale, corrisponde a una conferma o meno di una potenziale “non conformità legislativa”, qualora prevista nei parametri."", ""Se il Piano di Rientro è stato salvato come bozza, per riprendere la compilazione seguire i seguenti passaggi:\n\n1. Cliccare su «Compilazione Checklist (Nuovo)».\n2. Individuare la specie di interesse, cliccare sull'apposita opzione e successivamente selezionare «Storico».\n\nPiano di Rientro salvato in bozza."", 'Esempio di compilazione\n\nPer completare e inviare, fare clic su ""Completa il questionario"". Si raccomanda di salvare la bozza prima di uscire.', ""La checklist per la valutazione della biosicurezza nei polli da carne, secondo il controllo ufficiale previsto per il 2024, include diverse sezioni fondamentali. È importante notare che questa checklist è in linea con il Decreto Ministeriale del 30 maggio 2023, che stabilisce le modalità applicative delle misure di biosicurezza negli allevamenti avicoli.\n\nUna delle sezioni chiave riguarda la gestione della lettiera a fine ciclo. In particolare, si valutano diversi aspetti:\n\n1. **Stoccaggio della lettiera a fine ciclo**: Si verifica se la lettiera viene stoccata correttamente.\n2. **Correttezza della gestione della lettiera**: Si controlla se la gestione della lettiera a fine ciclo è conforme alle normative vigenti.\n3. **Smaltimento tramite ditta autorizzata**: È necessario accertarsi che la lettiera venga smaltita attraverso un'azienda autorizzata.\n4. **Smaltimento agronomico autorizzato**: Si verifica se la lettiera è smaltita in modo agronomico autorizzato, in campi di proprietà.\n\nUn'altra sezione importante riguarda i registri. È fondamentale che sia presente un registro, preferibilmente informatizzato, che sia compilato e aggiornato. Questo registro deve documentare tutti i movimenti in ingresso e in uscita del personale autorizzato, degli automezzi, degli animali e delle attrezzature.\n\nQuesti punti sono essenziali per garantire la biosicurezza negli allevamenti avicoli e per rispettare le normative vigenti."", 'Il sistema integrato ""ClassyFarm"" offre una guida per l\'inserimento della check-list sul benessere dei riproduttori. Una volta completata la compilazione della check-list, è necessario cliccare sul pulsante ""Salva"". A questo punto, apparirà una finestra di avviso che informa che il questionario è completo e può essere caricato. \n\nPer procedere, si deve cliccare su ""Ok"" e successivamente su ""Carica"" per avviare il caricamento del questionario. Una volta completato il caricamento, comparirà un\'altra finestra che conferma che il questionario è stato caricato; anche in questo caso, è necessario cliccare su ""Ok"".\n\nPer uscire dal questionario appena completato e tornare alla home, si deve cliccare sull\'icona ""Albero di navigazione"" e selezionare ""Home"". È importante notare che per tutte le domande è obbligatorio fornire una risposta. Solo quando tutte le sezioni della check-list sono complete, indicate da una spunta verde su ciascuna sezione, sarà possibile caricare il questionario.', ""Per inserire una checklist, selezionare l'opzione «Compilazione Checklist (Nuovo)». Procedere con la compilazione della Checklist di Valutazione."", '[DASHBOARD] **Dashboard: Consultazione delle Checklist Compilate**\n\nÈ possibile visualizzare le checklist compilate dal Valutatore direttamente dal cruscotto, in formato tabellare. \n\n1. \n2.', ""Il sistema integrato «ClassyFarm» offre una guida per l'inserimento della check-list tramite un'app. Cliccando sull'icona «Albero di navigazione», gli utenti possono navigare tra le sezioni salvate. Con un semplice clic, è possibile selezionare la sezione desiderata per tornare a essa. Inoltre, si ha la possibilità di tornare alla «Home – Lista questionari compilati» o alla sezione «Testata Questionario».\n\nNella schermata principale, in alto a destra, è anche possibile visualizzare le sezioni compilate sotto la voce «Sezioni». Le sezioni vengono create automaticamente dal sistema durante la compilazione della check-list, e un'icona con una spunta verde indica il completamento di ciascuna sezione.""]","Per salvare la checklist che hai compilato, segui questi passaggi:

1. Clicca sul pulsante ""Salva"" una volta completata la compilazione della checklist.
2. Apparirà una finestra di avviso che informa che il questionario è completo e può essere caricato.
3. Clicca su ""Ok"" per confermare.
4. Successivamente, clicca su ""Carica"" per avviare il caricamento del questionario.
5. Una volta completato il caricamento, comparirà un'altra finestra che conferma che il questionario è stato caricato; anche in questo caso, clicca su ""Ok"".

Ricorda che è importante salvare la bozza prima di uscire per garantire che le informazioni siano conservate.","Una volta completata la compilazione della checklist, è necessario cliccare sul pulsante ""Salva"". A questo punto appare una finestra di avviso che conferma il completamento del questionario con il messaggio ""Questionario Completo – Questo questionario può essere caricato""; per confermare cliccare su ""Ok"". Successivamente cliccare su ""Carica"" per caricare il questionario. Verrà visualizzata una finestra di avviso che conferma il caricamento del questionario con il messaggio ""Questo questionario è stato caricato""; cliccare su ""Ok"" per confermare.",1.0,0.8073937447097133,,1.0,0.9274510261607727,OK,True
In che strutture è consentito l'utilizzo di educatori elettrici?,"[""Il testo discute l'uso degli educatori elettrici nelle strutture per animali, evidenziando alcune linee guida e restrizioni. \n\nIn primo luogo, si sottolinea che gli educatori elettrici dovrebbero essere impiegati esclusivamente in strutture già progettate per il loro utilizzo, dove sono fondamentali per garantire l'igiene e il benessere degli animali. È specificato che non devono essere utilizzati quando si trovano a meno di 5 cm dagli animali in stazione eretta. \n\nInoltre, l'autorità competente che concede l'autorizzazione per l'uso di educatori elettrici deve stabilire dei limiti riguardanti diversi aspetti: l'intensità delle scariche elettriche, il motivo e la durata delle stesse, nonché le procedure operative. Queste ultime devono essere limitate al minimo necessario per ottenere l'effetto desiderato.\n\nInfine, si menziona che le griglie elettrificate, posizionate sopra gli animali, sono talvolta utilizzate per prevenire comportamenti indesiderati, come la monta tra tori stabulati in gruppi sovraffollati, ma si avverte che tali pratiche potrebbero causare problemi."", ""Il testo discute l'uso degli educatori elettrici nelle strutture per animali, evidenziando che tali dispositivi dovrebbero essere impiegati solo in strutture già progettate per il loro utilizzo e che dipendono da essi per garantire l'igiene e il benessere degli animali. È importante notare che gli educatori elettrici non devono essere posizionati a meno di 5 cm dagli animali in stazione eretta e non devono essere utilizzati sugli animali nell'ultimo mese di gravidanza. \n\nL'autorità competente che autorizza l'uso di questi dispositivi deve stabilire limiti riguardanti l'intensità delle scariche elettriche, il motivo e la durata delle stesse, nonché le procedure operative, che devono essere limitate al minimo necessario per ottenere l'effetto desiderato. \n\nIn aggiunta, l'EFSA nel 2012 ha raccomandato di non utilizzare affatto gli educatori elettrici. Infine, si menziona un elemento di verifica relativo alla presenza di educatori elettrici nella stabulazione fissa."", ""La sezione B.53 riguarda la stabilizzazione fissa e include un elemento di verifica relativo alla presenza di educatori elettrici. È importante assegnare un giudizio negativo se si riscontra la presenza di educatori elettrici in qualsiasi gruppo di animali, che può includere bovine in lattazione, in asciutta o in rimonta. \n\nLa presenza di questi dispositivi, utilizzati per prevenire l'imbrattamento della posta e delle lettiere, è sempre considerata in modo negativo. Questo perché tali strumenti limitano la libertà di espressione dei comportamenti naturali delle bovine, causando frustrazione negli animali. Al contrario, l'assenza di educatori elettrici è vista in modo positivo, poiché consente una maggiore libertà di movimento e comportamento."", ""Il testo fornisce indicazioni riguardanti la gestione degli animali in relazione alla presenza di educatori elettrici e alla somministrazione di alimenti e acqua. In particolare, si stabilisce che, in presenza di educatori elettrici, è necessario assegnare un giudizio negativo. \n\nPer quanto riguarda l'alimentazione, l'abbeveraggio e la somministrazione di altre sostanze, si fa riferimento a un documento specifico (146/2001 All. Mangimi, acqua e altre sostanze, Punto 17) che stabilisce che le attrezzature utilizzate per la somministrazione di mangimi e acqua devono essere progettate e installate in modo da minimizzare il rischio di contaminazione degli alimenti e dell'acqua, nonché le conseguenze negative derivanti da rivalità tra gli animali.\n\nÈ importante verificare quanti animali possono accedere contemporaneamente alla mangiatoia, tenendo conto degli spazi lineari necessari per ciascun animale in base al loro peso vivo. Le specifiche sono le seguenti: per animali con un peso inferiore a 200 kg, è richiesto uno spazio di almeno 0,4 metri per capo; per animali tra 200 e 300 kg, almeno 0,5 metri per capo; per animali tra 300 e 400 kg, almeno 0,6 metri per capo; per animali tra 400 e 500 kg, almeno 0,65 metri per capo; e per animali oltre 600 kg, almeno 0,7 metri per capo."", 'La figura 18 mostra la presenza di educatori in relazione al campo elettrico, come riportato nel documento CReNBA del 2018.', 'Il testo discute l\'importanza della conformità alle normative nazionali per prevenire scosse elettriche e garantire la sicurezza degli impianti elettrici. I materiali, le apparecchiature e gli impianti devono essere progettati, costruiti, installati, utilizzati e mantenuti in conformità con le disposizioni vigenti. È fondamentale evitare situazioni pericolose come contatti elettrici diretti o indiretti, incendi, ustioni dovute a sovratemperature, archi elettrici, radiazioni, esplosioni e fulminazioni.\n\nIn merito alla presenza di impianti elettrici nelle aree di stabulazione dei vitelli, si pone una domanda con due possibili risposte: ""Sì"" o ""No"". Inoltre, si richiede di verificare se esiste una dichiarazione di conformità per tali impianti, con le stesse opzioni di risposta. Se la risposta è affermativa e la dichiarazione di conformità non è presente, si specifica che ciò potrebbe essere dovuto al fatto che l\'impianto è stato costruito prima del 1990 e non ha subito interventi di manutenzione straordinaria, ampliamenti o modifiche.', ""La conformità delle apparecchiature e degli impianti elettrici è un aspetto cruciale da considerare, specialmente fino all'adozione di regole comunitarie specifiche. Secondo il Decreto Legislativo 126/2011, allegato I, punto 2, l'installazione di apparecchiature e circuiti elettrici deve rispettare la normativa nazionale vigente, la quale ha come obiettivo principale quello di prevenire qualsiasi rischio di scossa elettrica.\n\nIn particolare, nel caso in cui i vitelli siano ospitati in ambienti dotati di impianti elettrici, è fondamentale assicurarsi che tali impianti, insieme ai materiali e alle apparecchiature utilizzate, siano progettati, costruiti, installati, utilizzati e mantenuti in conformità con le normative attuali. Questo è essenziale per evitare diversi rischi, tra cui:\n\n1. Contatti elettrici diretti o indiretti con gli animali.\n2. Innesco e propagazione di incendi.\n3. Ustioni causate da sovratemperature pericolose.\n4. Archi elettrici e radiazioni.\n5. Innesco di esplosioni.\n6. Fulminazione, sia diretta che indiretta.\n\nÈ importante notare che la normativa tecnica pertinente è piuttosto complessa e specialistica, e non rientra nelle competenze di tutti."", ""Il testo discute l'applicazione delle normative relative alla sicurezza degli impianti elettrici in vari contesti lavorativi e di vita. In particolare, si sottolinea che tali normative si applicano indipendentemente dalla destinazione d'uso degli edifici e degli impianti, siano essi civili, industriali o agricoli. Le caratteristiche di sicurezza degli impianti elettrici sono disciplinate anche negli allevamenti e nelle aziende zootecniche, dove operano lavoratori autonomi o soggetti inclusi nell'articolo 21 del D.Lgs. 81/2008.\n\nInoltre, l'articolo 6 del DM 37/2008 stabilisce che le imprese installatrici devono realizzare gli impianti seguendo la regola dell'arte e in conformità con la normativa vigente. Esse sono responsabili della corretta esecuzione degli impianti. Gli impianti che vengono realizzati secondo le norme del Comitato Elettrotecnico Italiano (CEI) sono considerati eseguiti secondo la regola dell'arte.\n\nInfine, l'articolo 7 del DM 37/2008 prevede che, al termine dei lavori sull'impianto, debbano essere effettuate opportune prove per garantire la sicurezza e il corretto funzionamento degli impianti stessi."", ""Il quadro normativo attuale riguardante gli impianti elettrici si basa principalmente su due normative fondamentali. La prima è il Decreto Legislativo del 9 aprile 2008, n. 81, che attua l'articolo 1 della Legge del 3 agosto 2007, n. 123, e si occupa della tutela della salute e della sicurezza nei luoghi di lavoro. La seconda normativa è il DPR del 22 ottobre 2001, n. 462, che stabilisce un regolamento per semplificare il procedimento di denuncia delle installazioni e dei dispositivi di protezione contro le scariche atmosferiche, nonché dei dispositivi di messa a terra degli impianti elettrici e degli impianti elettrici considerati pericolosi.\n\nIn merito alle attrezzature di lavoro, il Decreto Legislativo 81/2008 e le sue successive modifiche e integrazioni (s.m.i.) impongono a tutti i lavoratori, siano essi dipendenti, assimilati o autonomi, l'obbligo di utilizzare attrezzature conformi alle normative vigenti. Questo obbligo si estende anche ai lavoratori autonomi e ai titolari di aziende a carattere familiare, incluse le aziende agricole e le società semplici."", ""Nella Parte 7 del documento, intitolata “Ambienti ed applicazioni particolari”, sono fornite alcune indicazioni fondamentali riguardo alle caratteristiche degli impianti, in particolare nel paragrafo 705, che si concentra sulle strutture destinate all'uso agricolo o zootecnico. \n\nTra le prescrizioni specifiche, si evidenziano i seguenti punti:\n\n1. È necessaria la predisposizione di un sistema di collegamento a terra efficace, realizzato secondo criteri di equipotenzialità. Questo sistema deve includere collegamenti supplementari, in modo da poter scaricare verso terra le correnti che potrebbero derivare da eventuali guasti, garantendo così la protezione di uomini e animali contro i contatti indiretti.\n\n2. È obbligatoria la presenza di un interruttore differenziale, comunemente noto come salvavita, con una corrente differenziale massima di 0,03 A, per la protezione dei circuiti terminali.\n\n3. Per motivi di sicurezza contro gli incendi, è richiesta l'installazione di un ulteriore interruttore differenziale, con una taratura massima di Idn 0,5 A, a protezione di tutte le linee situate nei luoghi considerati a maggior rischio di incendio. \n\nQueste misure sono essenziali per garantire la sicurezza e la protezione degli impianti in contesti agricoli e zootecnici.""]","L'uso degli educatori elettrici è consentito esclusivamente in strutture già progettate per il loro utilizzo, dove sono fondamentali per garantire l'igiene e il benessere degli animali. È importante che tali dispositivi non siano posizionati a meno di 5 cm dagli animali in stazione eretta e non devono essere utilizzati sugli animali nell'ultimo mese di gravidanza. Inoltre, l'autorità competente deve stabilire limiti riguardanti l'intensità delle scariche elettriche, la durata e le procedure operative.","Gli educatori elettrici dovrebbero essere impiegati esclusivamente in strutture già progettate per il loro utilizzo, dove sono fondamentali per garantire l’igiene e il benessere degli animali. In ogni caso, l'autorità competente che concede l'autorizzazione per l'uso di educatori elettrici deve stabilire dei limiti.",1.0,0.7416122004972492,0.9282627865858059,1.0,0.8413842151378566,OK,True
Qual è la definizione di operatore ai sensi del Regolamento UE 429/2016?,"[""**Sistema Integrato «ClassyFarm» - Guida per l'Operatore e i suoi Delegati**\n\n**PAG**  \n**OPERATORE**  \n2  \n\nAi sensi del Regolamento UE 429/2016, l'operatore è definito come:  \nQualsiasi persona fisica o giuridica responsabile della gestione di animali o prodotti, anche per un periodo limitato, ad eccezione dei detentori di animali da compagnia e dei veterinari."", ""**MODULO DI RICHIESTA DI ACCESSO AL SISTEMA CLASSYFARM CON RUOLO DI OPERATORE**\n\nIl sottoscritto, Signor (Cognome e Nome): ______________________________________,  \nin possesso del seguente Codice Fiscale: ____________________,  \nin qualità di operatore ai sensi del Regolamento (UE) 2016/429 dell'Azienda ____________________,  \ncon sede in _____________________, con attuale codice fiscale/partita IVA _______________________  \ne codice aziendale BDN: ______________,  \n\nDICHIARA  \n\n- di essere in possesso e di fornire i seguenti recapiti:  \n  - e-mail (NO PEC): ____________________________________,  \n  - telefono cellulare: ___________________.  \n\n- di essere in possesso della seguente Username Vetinfo: _______________, oppure di non essere in possesso della Username di Vetinfo e di richiederla contestualmente (barrare la parte non necessaria).  \n\n- di accettare le condizioni del servizio.  \n\n- di essere consapevole che i dati personali appena comunicati saranno trattati in conformità alla normativa vigente."", ""**CARTA INTESTATA AZIENDA**\n\nSpettabile  \nMINISTERO DELLA SALUTE  \n…………  \n\nSpettabile  \nCLASSYFARM  \nC/o IZSLER BRESCIA  \ninfo@classyfarm.i  \n\nIl sottoscritto  \nSignor: ______________________________________,  \nCodice Fiscale: ________________,  \n\nin qualità di operatore ai sensi del Regolamento (UE) 2016/429  \ndell'Azienda  \n_______________,  \ncon sede in  \n___________________,  \ncon attuale codice fiscale/partita IVA: _____________________,  \ncodice BDN: __________,  \nspecie: __________,  \n\nconsapevole delle conseguenze legali derivanti da dichiarazioni false e mendaci ai sensi del D.P.R. 445/2000,  \n\nDELEGA  \n\nIl Signor __________________________, codice fiscale: ____________________ (user vetinfo: _______________) alla consultazione dei dati della propria azienda presenti in ClassyFarm.  \n\nIn fede,  \n_____________li, ____________  \n\nFIRMA DEL DELEGANTE  \nFIRMA DEL DELEGATO  \n\nSi allegano copia dei documenti di identità del delegante e del delegato."", '**TESTO RIVISITATO:**\n\nIl responsabile della gestione degli animali, ai sensi del D. Lgs. 146/2001, art. 1, par. 2, lett. b), è colui che si occupa a tempo pieno (1 persona) o parziale (minimo mezza giornata, corrispondente a mezza persona) delle attività aziendali. Queste attività comprendono operazioni di mungitura, pratiche zootecniche (quali tosatura nei mesi estivi, pareggiamento degli unghielli in caso di zoppia, ecc.), somministrazione di acqua e alimenti, nonché la pulizia dei locali e delle attrezzature. \n\nNelle normative vigenti e nella letteratura di settore non è specificato il numero di animali che un operatore può accudire senza compromettere il loro benessere. Pertanto, per determinare tale indicazione numerica, si è fatto riferimento al parere di esperti veterinari attivi nel settore ovino. Nel caso in cui la cura quotidiana degli animali e le operazioni di mungitura siano svolte da operatori distinti, è considerata accettabile la presenza...', ""Si considera non conforme l'assenza nel BDN del registro di carico e scarico, o la mancata o non corretta registrazione delle informazioni, nonché l'evidenza di mortalità anomale non registrate ai sensi del D. Lgs. 5 agosto 2022, n. 136. \n\nSi considera conforme la presenza nel BDN del registro di carico e scarico, la corretta registrazione delle informazioni e l'assenza di evidenze di mortalità anomale non registrate ai sensi del D. Lgs. 5 agosto 2022, n. 136.\n\nIl detentore/operatore degli animali è tenuto a mantenere un registro informatizzato di carico e scarico degli animali, dal quale deve risultare, tra l'altro, la registrazione degli animali che hanno lasciato l'attività a causa di morte. Il valutatore dovrà pertanto accertare se eventuali casi di mortalità anomale siano stati comunicati in modo appropriato. Per mortalità anomale si intendono, ai sensi del D. Lgs. 146/2001, tutti i casi di nuova malattia o morte improvvisa che si manifestano a distanza di 8 giorni da un caso precedente."", 'Il controllo a campione prevede la valutazione della corrispondenza di almeno cinque medicinali, che devono essere diversi da quelli presenti nella scorta, con le registrazioni delle REV destinate all’allevamento. È importante anche verificare che il lotto del medicinale selezionato per il campione sia leggibile e che ci sia una corrispondenza con quanto registrato nel sistema informativo di tracciabilità. Nel caso in cui, durante il sopralluogo, non siano presenti medicinali, la risposta da fornire è ""non applicabile"" (NA).\n\nIn merito all\'uso dei medicinali veterinari, è necessario accertarsi che vengano utilizzati in conformità ai termini dell’autorizzazione all’immissione in commercio. Questa verifica deve considerare sia i medicinali veterinari prescritti sia quelli eventualmente ceduti e utilizzati tramite la funzione informatica ""Indicazione terapeutica"". \n\nLe risposte a questa verifica possono essere: SÌ, NO o NA. Ai sensi dell’articolo 106, paragrafo 1, del regolamento (UE) 2019/6, è fondamentale che i medicinali veterinari siano utilizzati secondo le disposizioni stabilite nell’autorizzazione all’immissione in commercio.', 'Il testo fornisce indicazioni riguardanti l\'uso e la gestione dei medicinali veterinari, con particolare attenzione alla prevenzione dei residui nocivi nella catena alimentare. È fondamentale verificare il rispetto delle modalità di impiego di medicinali in deroga attraverso il controllo delle prescrizioni veterinarie. \n\nSi segnala che, a partire dall\'8 agosto 2026, entrerà in vigore il regolamento di esecuzione (UE) 2024/1973, il quale stabilisce un elenco di antimicrobici che non possono essere utilizzati secondo gli articoli 113 e 114, o che possono essere utilizzati solo a determinate condizioni. \n\nIn caso di sopralluogo, se non sono stati impiegati medicinali ai sensi degli articoli 113 e 114, la risposta da fornire è ""non applicabile"" (NA). \n\nInoltre, è importante che i medicinali scaduti o con periodo di validità dopo la prima apertura superato siano debitamente identificati e smaltiti secondo procedure appropriate, garantendo anche una corretta tracciabilità in Vetinfo. Le opzioni di risposta per questa procedura includono ""Sì"", ""No"", ""NO"" e ""NA"". \n\nInfine, l\'articolo 117 del regolamento (UE) 2019/6 stabilisce che gli Stati membri devono adottare misure adeguate in merito.', ""Il testo analizza il numero di addetti necessari per un allevamento di animali, specificando le condizioni in cui si trovano. \n\nIn primo luogo, viene evidenziato che un numero insufficiente di addetti è rappresentato da diverse situazioni: \n- Un operatore per più di 300 animali totali, nel caso in cui la mungitura sia eseguita da altri o se si tratta di allevamenti non orientati alla produzione di latte.\n- Un operatore per più di 150 animali totali, se la stessa persona si occupa anche della mungitura.\n- Un operatore per più di 100 animali totali, se la mungitura è effettuata a mano dalla stessa persona.\n\nIn queste circostanze, la risposta è negativa riguardo alla sufficienza del personale.\n\nD'altra parte, viene definito un numero accettabile di addetti:\n- Un operatore per 200-300 animali totali, se la mungitura è eseguita da altri o se si tratta di allevamenti non da latte.\n- Un operatore per 100-150 animali totali, se la stessa persona svolge anche la mungitura.\n- Un operatore per 60-100 animali totali, se la mungitura è effettuata a mano dalla stessa persona.\n\nIn questo caso, la risposta è positiva, indicando che il numero di addetti è considerato adeguato."", ""Il testo fornisce indicazioni sul numero di addetti necessari per la gestione di animali, suddivisi in diverse categorie e situazioni. \n\nPer quanto riguarda la mungitura, si stabilisce che il numero accettabile di addetti è di un operatore per 200-300 animali, nel caso in cui la mungitura sia eseguita da altri. Se la stessa persona si occupa anche della mungitura di circa 50 capi in lattazione, il numero accettabile scende a un operatore per 100-120 animali. Tuttavia, il numero ottimale di addetti è inferiore: si consiglia un operatore per meno di 200 animali se la mungitura è eseguita da altri, e un operatore per meno di 100 animali se la mungitura è svolta dalla stessa persona.\n\nPassando alla linea vacca-vitello, si evidenziano diverse situazioni. Un numero non sufficiente di addetti è rappresentato da un operatore per più di 70 animali nella stalla e per più di 120 animali al pascolo. In questo caso, la risposta è negativa. Al contrario, un numero sufficiente di addetti prevede un operatore per 30-70 animali nella stalla e per 80-120 animali al pascolo, il che è considerato accettabile. Infine, il numero ottimale di addetti è di un operatore per meno di 30 animali nella stalla e per meno di 80 animali al pascolo.\n\nQueste indicazioni sono particolarmente rilevanti per la gestione del bovino da carne, dove la corretta distribuzione del personale è fondamentale per garantire il benessere degli animali e l'efficienza operativa."", '**Elemento di verifica 2**  \n**FORMAZIONE DEL DETENTORE**  \n(Categoria di non conformità: Personale)  \n\n""I detentori devono partecipare a corsi di formazione specifici e possedere un certificato che attesti la formazione conseguita.""  \n\nLa normativa stabilisce che i detentori devono avere conoscenze adeguate riguardo al benessere degli animali che allevano. Pertanto, è obbligatorio che partecipino a un corso di formazione specifico, superino l\'esame finale e ottengano il relativo certificato di formazione. I corsi di formazione trattano i temi indicati nell\'allegato IV del D.Lgs. 181/2010 e sono organizzati dalle associazioni di categoria, previa autorizzazione dell\'Autorità Sanitaria Locale competente per territorio (Art. 3 del DM 04/02/2013). Si considera ottimale la partecipazione del detentore a corsi di aggiornamento periodici riguardanti le tematiche delineate dall\'art. 11 del Reg. 429/2016 (benessere, biosicurezza).']","Ai sensi del Regolamento UE 429/2016, l'operatore è definito come qualsiasi persona fisica o giuridica responsabile della gestione di animali o prodotti, anche per un periodo limitato, ad eccezione dei detentori di animali da compagnia e dei veterinari.","Ai sensi del Regolamento UE 429/2016, l'operatore è definito come qualsiasi persona fisica o giuridica responsabile della gestione di animali o prodotti, anche per un periodo limitato, ad eccezione dei detentori di animali da compagnia e dei veterinari.",1.0,0.9247409558191126,0.9999999999,1.0,0.9999998660709213,OK,True
Dove trovo la sezione dell'operatore e dei suoi delegati?,"['**Sistema Integrato «ClassyFarm» - Guida per l\'Operatore e i suoi Delegati**\n\n**RICHIESTA DI PROFILO**\n\nLa richiesta di accesso con la qualifica di Delegato da parte di più operatori deve essere redatta e inviata al Ministero della Salute, con copia conoscenza all\'indirizzo email info@classyfarm.it. Le modalità e la documentazione necessaria sono disponibili nella sezione ""OPERATORE E SUOI DELEGATI"" sul sito www.classyfarm.it.\n\nSuccessivamente, il Delegato da parte di più operatori sarà responsabile della raccolta, del caricamento e dell\'aggiornamento delle singole adesioni dei vari operatori attraverso il pannello predisposto, selezionando l\'opzione ""Selezione azienda"".', '**Sistema Integrato «ClassyFarm» - Guida per l\'Operatore e i suoi Delegati**\n\n**RICHIESTA DI PROFILO**  \n**Operatore**  \nLa richiesta di accesso con la qualifica di Operatore deve essere redatta e inviata direttamente all\'indirizzo email info@classyfarm.it, seguendo le modalità e i documenti indicati nella sezione ""OPERATORE E SUOI DELEGATI"" presente sul sito www.classyfarm.it.', ""Sistema Integrato «ClassyFarm» - Guida per l'Operatore e i suoi Delegati\n\nDelegato dell'Operatore: figura designata dall'operatore responsabile degli animali, con la sola facoltà di visualizzare i cruscotti degli allevamenti associati allo stesso operatore."", '**Sistema Integrato «ClassyFarm» - Guida per l\'Operatore e i suoi Delegati**\n\n**RICHIESTA DI PROFILO**  \n**Delegato da Singolo Operatore**  \n\nLa richiesta di accesso con la qualifica di Delegato da singolo operatore deve essere redatta e inviata al Ministero della Salute, con copia conoscenza all\'indirizzo info@classyfarm.it. Le modalità e la documentazione necessaria sono disponibili nella sezione ""OPERATORE E SUOI DELEGATI"" sul sito www.classyfarm.it. \n\nIl Delegato da singolo operatore è tenuto a comunicare, attraverso i canali sopra indicati, la cessazione della delega.', ""**Sistema Integrato «ClassyFarm» - Guida per l'Operatore e i suoi Delegati**\n\nL'operatore ha la possibilità di delegare un referente per la visualizzazione delle informazioni presenti nei cruscotti e nei report.\n\n1. **SITO WWW.CLASSYFARM.IT – SEZIONE OPERATORE E SUOI DELEGATI**: In questa sezione sono forniti dettagli sul percorso da seguire e sui documenti da compilare e caricare su ClassyFarm per ottenere l'autorizzazione all'accesso.\n   \n2. **ACCESSO AL SISTEMA CLASSYFARM (da VetInfo)**: L'accesso è suddiviso in tre aree distinte:\n   1. AREA OPERATORE\n   2. AREA DELEGATO DA SINGOLO OPERATORE\n   3. AREA DELEGATO DA PIÙ OPERATORI\n\n**PERCORSO**"", '**Sistema Integrato «ClassyFarm» - Guida per l\'Operatore e i suoi Delegati**\n\n**Pagina**  \nDelegato da singolo operatore  \n19  \n\n1. Selezionare ""ClassyFarm 2.0"".  \n2. Scegliere il ruolo di ""Delegato da singolo operatore"".  \n\n**Nota Bene:** In caso di attesa prolungata, si consiglia di cliccare su ""Aggiorna pagina"".', ""Sistema Integrato «ClassyFarm» - Guida per l'Operatore e i suoi Delegati  \nPAG. 1  \nSITO WWW.CLASSYFARM.IT  \n5  \nOPERATORE E I SUOI DELEGATI"", '**Sistema Integrato «ClassyFarm» - Guida per l\'Operatore e i suoi Delegati**\n\n**Delegato da più operatori**  \n**Pagina 24**\n\n1. Selezionare ""ClassyFarm 2.0"".\n2. Cliccare su ""Delegato da più operatori"".\n\n**Nota Bene:** In caso di attesa prolungata, si prega di cliccare su ""Aggiorna pagina"".', ""**Sistema Integrato «ClassyFarm» - Guida per l'Operatore e i suoi Delegati**\n\n**PAG**\n\n**GUIDA ILLUSTRATA PER L'OPERATORE E IL DELEGATO**\n\n- Richiesta di Profilo per l'Operatore\n- Nomina del Ruolo di Delegato da parte di un Singolo Operatore\n- Nomina del Ruolo di Delegato da parte di più Operatori\n- Accesso al Ruolo di Operatore\n- Accesso al Ruolo di Delegato da parte di un Singolo Operatore\n- Accesso e Caricamento delle Autorizzazioni per il Ruolo di Delegato da parte di più Operatori\n\n**7**""]","Puoi trovare la sezione ""OPERATORE E SUOI DELEGATI"" sul sito www.classyfarm.it. In questa sezione sono forniti dettagli sul percorso da seguire e sui documenti da compilare e caricare su ClassyFarm per ottenere l'autorizzazione all'accesso. 

In particolare, la richiesta di accesso con la qualifica di Delegato, sia da singolo operatore che da più operatori, deve essere redatta e inviata al Ministero della Salute, con copia conoscenza all'indirizzo email [EMAIL_RIMOSSO]. Le modalità e la documentazione necessaria sono disponibili proprio in questa sezione.","La sezione è disponibile sul sito www.classyfarm.it alla voce ""Operatore e i suoi Delegati"".",0.8571428571428571,0.3906578076112094,0.8736394557698323,1.0,0.6846128438338067,OK,True
Come si accede ai cruscotti interattivi di ClassyFarm?,"['[DASHBOARD] **PAG**  \nSistema Integrato «ClassyFarm» - Guida per Delegati Operatori - Filiera o Gruppo  \n**CRUSCOTTI - RISULTATI**  \n21  \n\nPer accedere ai cruscotti interattivi:  \n- Accedere a VETINFO  \n- Selezionare ClassyFarm → ClassyFarm 2.0  \n- Selezionare il PROFILO  \n- Cliccare su Dashboard  \n\n1. Consultare la GUIDA AI CRUSCOTTI INTERATTIVI al seguente link: www.classyfarm.it', '[DASHBOARD] **PAG**  \nSistema Integrato «ClassyFarm» - Guida per Delegati Operatori - Filiera o Gruppo  \n**CRUSCOTTI - RISULTATI**  \n29  \n\nPer accedere ai cruscotti interattivi:  \n- Accedere a VETINFO  \n- Selezionare ClassyFarm → ClassyFarm 2.0  \n- Scegliere il profilo  \n- Cliccare su Dashboard  \n\n1. Consultare la GUIDA AI CRUSCOTTI INTERATTIVI al seguente link: www.classyfarm.it', '[DASHBOARD] **PAG**  \nSistema Integrato «ClassyFarm» - Guida per Delegati Operatori - Filiera o Gruppo  \n**CRUSCOTTI - RISULTATI**  \n16  \n\nPer accedere ai cruscotti interattivi:  \n- Accedere a VETINFO  \n- Selezionare ClassyFarm → ClassyFarm 2.0  \n- Selezionare il PROFILO  \n- Cliccare su Dashboard  \n\n1. Consultare la GUIDA AI CRUSCOTTI INTERATTIVI al seguente link: www.classyfarm.it', 'Il protocollo di lavoro descritto ha come obiettivo principale la valutazione delle conformità rispetto ai requisiti normativi relativi al benessere animale negli allevamenti di conigli. La sua applicazione è fondamentale per analizzare il livello di rischio associato agli aspetti manageriali e strutturali degli allevamenti, sempre in relazione al benessere degli animali.\n\nInoltre, è prevista la possibilità per i Veterinari Ufficiali di accedere a un programma di elaborazione dei dati raccolti. Questo programma è disponibile nella sezione cruscotti di ClassyFarm, accessibile tramite il portale Vetinfo. Gli utenti abilitati potranno accedere a tale elaborazione a partire dal giorno successivo all\'invio dei dati da parte del Sistema Informativo Veterinario Nazionale, che si trova nella sezione ""Controlli"".', ""Il protocollo di lavoro descritto è finalizzato alla valutazione delle conformità rispetto ai requisiti normativi relativi al benessere animale negli allevamenti di galline ovaiole. La sua applicazione è fondamentale per analizzare il livello di rischio associato agli aspetti manageriali e strutturali degli allevamenti, sempre in relazione al benessere degli animali.\n\nInoltre, è prevista la possibilità per i veterinari ufficiali di accedere a un programma di elaborazione dei dati raccolti. Questo programma è disponibile nella sezione cruscotti di ClassyFarm, accessibile tramite il portale Vetinfo. L'elaborazione dei dati sarà disponibile a partire dal giorno successivo all'invio delle informazioni da parte del sistema informativo veterinario nazionale, che si occupa dei controlli."", '**4. PROCEDURA DI ACCESSO A CLASSYFARM**\n\n1. Accedere all\'area riservata di VETINFO (www.vetinfo.it) utilizzando le credenziali di accesso, ovvero username e password, SPID o CNS, attraverso il browser Google Chrome.\n2. Selezionare l\'opzione ""ClassyFarm"".', '**ISTRUZIONI PER L\'ACCESSO A CLASSYFARM**\n\nPer accedere all\'area riservata di VETINFO (www.vetinfo.it), utilizzare le credenziali di accesso consuete (Username e Password). \n\nSuccessivamente, selezionare l\'opzione ""ClassyFarm"".', '**4. PROCEDURA DI ACCESSO A CLASSYFARM**\n\nPer accedere all\'area riservata di VETINFO (www.vetinfo.it), è necessario utilizzare le credenziali di accesso consuete, ovvero il nome utente e la password. Una volta effettuato l\'accesso, selezionare l\'opzione ""ClassyFarm"".', ""Selezionare ClassyFarm 2.0  \n5  \nISTRUZIONI PER L'ACCESSO A CLASSYFARM"", ""**ISTRUZIONI PER L'ACCESSO A CLASSYFARM**\n\nSelezionare l'opzione «ClassyFarm 2.0».  \n4""]","Per accedere ai cruscotti interattivi di ClassyFarm, segui questi passaggi:

1. Accedi all'area riservata di VETINFO (www.vetinfo.it) utilizzando le tue credenziali di accesso (username e password, SPID o CNS) attraverso il browser Google Chrome.
2. Seleziona l'opzione ""ClassyFarm"".
3. Scegli ""ClassyFarm 2.0"".
4. Seleziona il tuo profilo.
5. Clicca su ""Dashboard"".

Inoltre, puoi consultare la GUIDA AI CRUSCOTTI INTERATTIVI al seguente link: www.classyfarm.it.","Per accedere ai cruscotti interattivi è necessario: 1) accedere a Vetinfo, 2) selezionare ClassyFarm → ClassyFarm 2.0, 3) selezionare il proprio profilo, 4) cliccare su ""Dashboard"".",1.0,0.6061643208965298,0.99999999999,1.0,0.8082825471068256,OK,True
Cosa devo fare per nominare un delegato da singolo operatore?,"[""**Sistema Integrato «ClassyFarm» - Guida per l'Operatore e i suoi Delegati**\n\n**PAG**\n\n**GUIDA ILLUSTRATA PER L'OPERATORE E IL DELEGATO**\n\n- Richiesta di Profilo per l'Operatore\n- Nomina del Ruolo di Delegato da parte di un Singolo Operatore\n- Nomina del Ruolo di Delegato da parte di più Operatori\n- Accesso al Ruolo di Operatore\n- Accesso al Ruolo di Delegato da parte di un Singolo Operatore\n- Accesso e Caricamento delle Autorizzazioni per il Ruolo di Delegato da parte di più Operatori\n\n**7**"", '**Sistema Integrato «ClassyFarm» - Guida per l\'Operatore e i suoi Delegati**\n\n**RICHIESTA DI PROFILO**  \n**Delegato da Singolo Operatore**  \n\nLa richiesta di accesso con la qualifica di Delegato da singolo operatore deve essere redatta e inviata al Ministero della Salute, con copia conoscenza all\'indirizzo info@classyfarm.it. Le modalità e la documentazione necessaria sono disponibili nella sezione ""OPERATORE E SUOI DELEGATI"" sul sito www.classyfarm.it. \n\nIl Delegato da singolo operatore è tenuto a comunicare, attraverso i canali sopra indicati, la cessazione della delega.', '**Sistema Integrato «ClassyFarm» - Guida per l\'Operatore e i suoi Delegati**\n\n**Pagina**  \nDelegato da singolo operatore  \n19  \n\n1. Selezionare ""ClassyFarm 2.0"".  \n2. Scegliere il ruolo di ""Delegato da singolo operatore"".  \n\n**Nota Bene:** In caso di attesa prolungata, si consiglia di cliccare su ""Aggiorna pagina"".', '**ISTRUZIONI PER LA DELEGA**\n\n1. Scaricare, compilare e firmare il modello di delega disponibile al seguente link.\n2. Inviare la delega e i documenti di identità (sia dell\'allevatore che del delegato) al Ministero della Salute, utilizzando uno degli indirizzi sottostanti, e in copia conoscenza (CC) a ClassyFarm.\n\n- **Delegato da singolo operatore**: Attendere l\'e-mail di avvenuta abilitazione.\n- **Delegato da più operatori**: Caricare nel sistema i documenti di identità e le deleghe nella sezione ""Seleziona azienda"".\n\nPer ulteriori informazioni, visitare il sito: www.classyfarm.it.', ""**PAG**  \nSistema Integrato «ClassyFarm» - Guida per il Delegato da Operatore - Filiera o Gruppo  \n\n2. Cliccare su «Conferma» (Nota Bene: il pulsante si colorerà in amaranto «Attivo» una volta che tutti i documenti richiesti sono stati caricati).  \n\n**Procedura per l'abbinamento all'allevamento:**  \n1. Caricare tutti i documenti richiesti:  \n   - Documento di identità del Delegato Operatore  \n   - Documento di identità dell'Operatore Responsabile degli Animali  \n   - Modulo di autorizzazione («Modulo di delega dell'Operatore Responsabile degli Animali al Delegato Operatore»)  \n\n**CARICAMENTO DELEGA**"", ""**Sistema Integrato «ClassyFarm» - Guida per l'Operatore e i suoi Delegati**\n\nL'operatore ha la possibilità di delegare un referente per la visualizzazione delle informazioni presenti nei cruscotti e nei report.\n\n1. **SITO WWW.CLASSYFARM.IT – SEZIONE OPERATORE E SUOI DELEGATI**: In questa sezione sono forniti dettagli sul percorso da seguire e sui documenti da compilare e caricare su ClassyFarm per ottenere l'autorizzazione all'accesso.\n   \n2. **ACCESSO AL SISTEMA CLASSYFARM (da VetInfo)**: L'accesso è suddiviso in tre aree distinte:\n   1. AREA OPERATORE\n   2. AREA DELEGATO DA SINGOLO OPERATORE\n   3. AREA DELEGATO DA PIÙ OPERATORI\n\n**PERCORSO**"", '**Sistema Integrato «ClassyFarm» - Guida per l\'Operatore e i suoi Delegati**\n\n**Delegato da più operatori**  \n**Pagina 24**\n\n1. Selezionare ""ClassyFarm 2.0"".\n2. Cliccare su ""Delegato da più operatori"".\n\n**Nota Bene:** In caso di attesa prolungata, si prega di cliccare su ""Aggiorna pagina"".', '**Sistema Integrato «ClassyFarm» - Guida per l\'Operatore e i suoi Delegati**\n\n**Operatore**  \n**Pagina 14**\n\n1. Selezionare ""ClassyFarm 2.0"".\n2. Scegliere il ruolo di Operatore.\n\n**Nota Bene:** In caso di attesa prolungata, si consiglia di cliccare su ""Aggiorna Pagina"".']","Per nominare un delegato da singolo operatore, devi seguire questi passaggi:

1. Redigere e inviare una richiesta di accesso con la qualifica di Delegato al Ministero della Salute, con copia conoscenza all'indirizzo [[EMAIL_RIMOSSO]](mailto:[EMAIL_RIMOSSO]).
2. Assicurati di includere la documentazione necessaria, che puoi trovare nella sezione ""OPERATORE E SUOI DELEGATI"" sul sito [www.classyfarm.it](http://www.classyfarm.it).
3. Una volta nominato, il Delegato è tenuto a comunicare la cessazione della delega attraverso i canali indicati.

Per ulteriori dettagli, consulta la guida disponibile nel documento.","Devi compilare la richiesta di accesso con la qualifica di Delegato da singolo operatore e inviarla al Ministero della Salute, con copia conoscenza a info@classyfarm.it, seguendo le modalità e la documentazione descritte nella sezione ""Operatore e i suoi Delegati"" sul sito www.classyfarm.it.",0.625,0.9075691509199579,0.9999999999833333,1.0,0.7030911178399809,EMAIL_MISMATCH,True
Come posso selezionare il veterinario aziendale in ClassyFarm?,"['**PAG**  \nSistema Integrato «ClassyFarm» - Guida per Delegati Operatori - Filiera o Gruppo  \n\nPer selezionare preliminarmente il Veterinario Aziendale o revocare la nomina:  \n1. Accedere a VETINFO  \n2. Selezionare ClassyFarm → ClassyFarm 2.0  \n3. Selezionare il PROFILO  \n   1. Cliccare su ""Selezione Veterinario Aziendale""  \n   2. Nella sezione ""Dottore"", cliccare, cercare e selezionare il professionista abilitato.  \n   **Nota Bene:** Il Veterinario Aziendale dovrà validare e caricare la documentazione come indicato nella guida specifica.  \n   3. Cliccare su ""Conferma"".  \n   **Nota Bene:** Per revocare la nomina, cliccare su [icona di revoca] e poi su ""Conferma"".  \n\n**SCELTA E REVOCA DEL VETERINARIO AZIENDALE**  \n\n1. Consultare la GUIDA AI CRUSCOTTI INTERATTIVI al seguente link: www.classyfarm.it  \n2.  \n3.', ""**Sistema Integrato «ClassyFarm» - Guida per l'Operatore e i suoi Delegati**\n\n**PAG**  \n**SCELTA DELL'AMBIENTE**  \n15  \n\n1. Cliccare su «Dashboard» per accedere alla consultazione dei cruscotti.\n2. Per selezionare preliminarmente il Veterinario aziendale o revocare la nomina:\n\n   1. Nome utente e profilo selezionato; cliccare qui per modificare il profilo.  \n   2."", ""[DASHBOARD] **Sistema Integrato «ClassyFarm» - Guida per l'Operatore e i suoi Delegati**\n\n**PAG**  \n**SCELTA DELL'AMBIENTE**  \n15  \n\n1. Cliccare su «Dashboard» per accedere alla consultazione dei cruscotti.\n2. Per selezionare preliminarmente il Veterinario aziendale o revocare la nomina:\n\n   1. Nome utente e profilo selezionato; cliccare qui per modificare il profilo.  \n   2."", 'Il sistema integrato ""ClassyFarm"" offre una guida per l\'inserimento della check-list di valutazione del rischio relativo al taglio della coda. Per associarsi a un allevamento, è necessario seguire alcuni passaggi. \n\nIn primo luogo, dopo aver scelto il proprio ruolo, bisogna cliccare su ""Selezione Azienda"". Successivamente, si deve selezionare l\'opzione ""Nuovo Allevamento"". A questo punto, è necessario inserire il codice aziendale e cliccare su ""Verifica"". \n\nUna volta completata questa fase, è possibile cliccare su ""Dettagli"" per controllare i dati dell\'allevamento, come la ragione sociale, la partita IVA e l\'indirizzo. Infine, si deve selezionare la check-list che dovrà essere compilata per quell\'allevamento. È importante notare che, nel caso in cui si disponga di un veterinario aziendale, il passaggio di selezione della check-list non è necessario.', ""**ISTRUZIONI PER L'ACCESSO A CLASSYFARM**\n\n1. Selezionare il ruolo: Veterinari incaricati (o Veterinari Aziendali).  \n5"", 'VETERINARIO:\n- AZIENDALE\n- INCARICATO\n- UFFICIALE\n(Clicca sulla tua figura per consultare la procedura)\nOPERATORE DELEGATO\n2\nwww.classyfarm.it', ""L'accesso al programma di elaborazione dei dati rilevati è riservato esclusivamente ai veterinari. Tuttavia, per poter accedere a questo programma, è necessario che i veterinari abbiano completato e superato un corso specifico per veterinario aziendale. Questo corso include anche un modulo dedicato all'utilizzo del sistema ClassyFarm."", ""[ASSISTENZA_TELEFONICA] **Sistema Integrato «ClassyFarm» - GUIDA ALL'INSERIMENTO DEL CONTROLLO REMOTO DEL BENESSERE SUINO**\n\n**FAQ**  \n**Pagina 28**\n\n1. Per l'abilitazione al sistema ClassyFarm da parte dei veterinari ufficiali, è necessario contattare il Referente Regionale.\n2. Gli utenti ufficiali sono autorizzati a effettuare la compilazione per il proprio territorio di competenza. Qualora si inserisca un codice aziendale di competenza e non venga visualizzato alcun risultato, si prega di contattare l'assistenza inviando un'email a info@classyfarm.it, specificando il codice allevamento, l'username di vetinfo e l'ASL di appartenenza."", ""**RICHIESTA DI ACCESSO AL SISTEMA CLASSYFARM**\n\nIl sottoscritto Dott. ...................................................................................................................................,  \ncodice fiscale ......................................................., iscritto all'Ordine dei Medici Veterinari della  \nProvincia di ......................... n. ......., e-mail ..........................................................................................,  \nUsername Vetinfo ................................................................................................................................,  \n\nDICHIARA  \n• di aver frequentato il corso di veterinario aziendale ai sensi del D.M. 7 dicembre 2017;  \n• di aver seguito un percorso di formazione dedicato;  \n• di essere consapevole che:  \n  o i dati personali forniti saranno trattati dal sistema ClassyFarm per:  \n    - le operazioni di accesso e profilazione al sistema;  \n  o per l’invio di comunicazioni via e-mail.""]","Per selezionare il Veterinario Aziendale in ClassyFarm, segui questi passaggi:

1. Accedi a VETINFO.
2. Seleziona ClassyFarm → ClassyFarm 2.0.
3. Seleziona il PROFILO.
   1. Clicca su ""Selezione Veterinario Aziendale"".
   2. Nella sezione ""Dottore"", clicca, cerca e seleziona il professionista abilitato.
   **Nota Bene:** Il Veterinario Aziendale dovrà validare e caricare la documentazione come indicato nella guida specifica.
   3. Clicca su ""Conferma"".
   
**Nota Bene:** Se desideri revocare la nomina del Veterinario Aziendale, clicca sull'icona di revoca e poi su ""Conferma"".","Dopo aver effettuato l'accesso a ClassyFarm (o ClassyFarm 2.0) e selezionato il profilo, clicca su ""Selezione Veterinario Aziendale"", quindi cerca e seleziona il professionista abilitato nella sezione ""Dottore"" e conferma. Il veterinario aziendale dovrà poi validare e caricare la documentazione richiesta.",1.0,0.79150432631155,0.9067956349092998,1.0,0.7718698962197426,OK,True
Come accedo all'area riservata di Vetinfo?,"['**4. PROCEDURA DI ACCESSO A CLASSYFARM**\n\n1. Accedere all\'area riservata di VETINFO (www.vetinfo.it) utilizzando le credenziali di accesso, ovvero username e password, SPID o CNS, attraverso il browser Google Chrome.\n2. Selezionare l\'opzione ""ClassyFarm"".', '**4. PROCEDURA DI ACCESSO A CLASSYFARM**\n\nPer accedere all\'area riservata di VETINFO (www.vetinfo.it), utilizzare le credenziali di accesso consuete, ovvero il nome utente e la password. Successivamente, selezionare l\'opzione ""ClassyFarm"".', 'Per accedere al Sistema Integrato «ClassyFarm» e inserire la check-list sull\'app, segui questi passaggi:\n\n1. Accedi all\'area riservata di VETINFO visitando il sito www.vetinfo.it. Utilizza le tue credenziali, ovvero il tuo Username e Password. Si consiglia di utilizzare il browser Chrome per una migliore esperienza.\n   \n2. Una volta effettuato l\'accesso, clicca su ""ClassyFarm"" per procedere.', '**4. PROCEDURA DI ACCESSO A CLASSYFARM**\n\nPer accedere all\'area riservata di VETINFO (www.vetinfo.it), è necessario utilizzare le credenziali di accesso consuete, ovvero il nome utente e la password. Una volta effettuato l\'accesso, selezionare l\'opzione ""ClassyFarm"".', '**ISTRUZIONI PER L\'ACCESSO A CLASSYFARM**\n\nPer accedere all\'area riservata di VETINFO (www.vetinfo.it), utilizzare le credenziali di accesso consuete (Username e Password). \n\nSuccessivamente, selezionare l\'opzione ""ClassyFarm"".', ""**Sistema Integrato «ClassyFarm» - Guida per l'Operatore e i suoi Delegati**\n\n**PAGINA DI ACCESSO**\n\nPer accedere al sistema, collegarsi al sito: [https://www.vetinfo.it/](https://www.vetinfo.it/). \n\nCliccare su «ACCEDI all’Area riservata» e, nella pagina che si aprirà, inserire le credenziali d’accesso fornite dal Sistema Veterinario Informativo (credenziali VetINFO). \n\n**22**"", 'L\'immagine presenta una guida per l\'accesso al ""Sistema Informativo Veterinario"" del Ministero della Salute. Di seguito è fornita un\'analisi dettagliata:\n\n### Titolo della Pagina\n- **Sistema Informativo Veterinario**\n\n### Numeri e Frecce\n1. **Punto 1**: Indica il pulsante ""ACCEDI all\'Area riservata"" presente nella homepage del sito. Questo rappresenta il primo passo per accedere al sistema.\n2. **Punto 2**: Indica la sezione di login in cui è necessario inserire le credenziali. Questa sezione richiede l\'immissione di ""Username"" e ""Password"".\n\n### Procedura Logica\n1. **Collegamento al Sito**: L\'utente deve inizialmente collegarsi al sito web indicato: [https://www.vetinfo.it/](https://www.vetinfo.it/).\n2. **Accesso all\'Area Riservata**: Una volta sul sito, l\'utente deve cliccare sul pulsante ""ACCEDI all\'Area riservata"" per procedere alla pagina di login.\n3. **Inserimento Credenziali**: Nella pagina di login, l\'utente deve inserire le credenziali fornite dal Sistema Informativo Veterinario, specificamente l\'username e la password.\n4. **Conferma Accesso**: Dopo aver inserito le credenziali, l\'utente deve cliccare sul pulsante ""ACCEDI"" per entrare nel sistema.\n\n### Testo Rilevante\n- **Collegarsi al sito**: https://www.vetinfo.it/\n- **Inserire le credenziali d’accesso fornite dal Sistema Informativo Veterinario (credenziali VetInfo)**\n\nQuesta procedura guida l\'utente passo dopo passo nell\'accesso al sistema, assicurando che vengano utilizzate le credenziali corrette per garantire un accesso sicuro e autorizzato.', ""Il testo discute le normative relative alla registrazione dei trattamenti veterinari e alla loro sorveglianza. In particolare, si fa riferimento al Decreto Legislativo del 24 luglio 2007, n. 143, che stabilisce le linee guida per la registrazione dei trattamenti. In alternativa, è possibile adottare la registrazione informatizzata dei trattamenti attraverso il sistema vetinfo, come previsto dalla Legge del 20 novembre 2017, n. 167.\n\nLa mancanza del registro o delle registrazioni nel sistema vetinfo per la farmacosorveglianza, così come la non conservazione dei dati per il periodo stabilito, o la non corrispondenza del controllo a campione sui trattamenti, sono considerati elementi di non conformità. Al contrario, la presenza e la corretta conservazione del registro, insieme a una piena corrispondenza del controllo a campione sui trattamenti, sono requisiti fondamentali.\n\nIl valutatore ha il compito di verificare la presenza del registro e la sua corretta compilazione, assicurandosi che l'uso del registro sia appropriato. Inoltre, deve effettuare controlli a campione su almeno due trattamenti, esaminando l'idoneità della prescrizione, la tipologia di farmaco utilizzato, la registrazione e lo scopo terapeutico, nonché la durata del trattamento. È anche possibile che il valutatore verifichi la presenza di un piano di autocontrollo o di buone pratiche di allevamento nell'allevamento stesso. Infine, si considera non adeguata la situazione in cui manchi il registro o le registrazioni nel sistema vetinfo per la farmacosorveglianza."", ""[ASSISTENZA_TELEFONICA] **Sistema Integrato «ClassyFarm» - GUIDA ALL'INSERIMENTO DEL CONTROLLO REMOTO DEL BENESSERE SUINO**\n\n**FAQ**  \n**Pagina 28**\n\n1. Per l'abilitazione al sistema ClassyFarm da parte dei veterinari ufficiali, è necessario contattare il Referente Regionale.\n2. Gli utenti ufficiali sono autorizzati a effettuare la compilazione per il proprio territorio di competenza. Qualora si inserisca un codice aziendale di competenza e non venga visualizzato alcun risultato, si prega di contattare l'assistenza inviando un'email a info@classyfarm.it, specificando il codice allevamento, l'username di vetinfo e l'ASL di appartenenza.""]","Per accedere all'area riservata di VETINFO, segui questi passaggi:

1. Visita il sito [www.vetinfo.it](https://www.vetinfo.it/).
2. Clicca su ""ACCEDI all’Area riservata"".
3. Inserisci le tue credenziali di accesso (username e password).
4. Dopo aver effettuato l'accesso, seleziona l'opzione ""ClassyFarm"" per procedere.","Per accedere all'area riservata di Vetinfo devi collegarti al sito https://www.vetinfo.it/, cliccare su ""ACCEDI all’Area riservata"" e inserire le credenziali di accesso rilasciate dal Sistema Veterinario Informativo (credenziali Vetinfo).",1.0,0.7573702655303717,0.729523809509219,1.0,0.716105902539126,OK,True
