user_input,retrieved_contexts,response,reference,faithfulness,answer_relevancy,context_precision,context_recall,answer_correctness,factual_mismatch,answerable
Qual è la definizione di operatore?,"[""Sistema Integrato «ClassyFarm» - Guida per l'Operatore e i suoi Delegati\n\nDelegato dell'Operatore: figura designata dall'operatore responsabile degli animali, con la sola facoltà di visualizzare i cruscotti degli allevamenti associati allo stesso operatore."", ""Nel contesto della gestione degli allevamenti, si stabiliscono specifiche indicazioni riguardo al numero di operatori necessari in base alla tipologia e al numero di animali. \n\nPer quanto riguarda i riproduttori, è previsto un operatore per un numero di animali compreso tra 500 e 800. Invece, per gli animali all’ingrasso, è necessario un operatore per un numero di animali inferiore a 5000. Per i riproduttori, la situazione cambia ulteriormente: è richiesto un operatore per meno di 500 animali.\n\nGli addetti, che possono essere il proprietario, il detentore o il custode degli animali, sono definiti come le persone responsabili della cura e dell'alimentazione degli animali e degli ambienti in cui vivono. Questi addetti possono lavorare a tempo pieno, corrispondente a una persona, oppure a tempo parziale, con un minimo di mezza giornata, che equivale a mezza persona. È importante notare che non si considerano come addetti coloro che operano esclusivamente nei campi o i tecnici, nel caso di filiere integrate.\n\nInfine, il numero di addetti può variare in base a diversi fattori, tra cui la fase di allevamento, il livello di meccanizzazione e l'organizzazione dell'azienda, come ad esempio se si opera in ciclo aperto o chiuso e il numero di capannoni disponibili."", 'Il testo fornisce informazioni riguardo al numero di operatori necessari per la gestione di animali, suddivisi in due categorie: riproduttori e animali all’ingrasso. \n\nPer quanto riguarda i riproduttori, si stabilisce che un operatore può gestire più di 800 animali, ma questo è considerato inadeguato. Il numero accettabile di addetti per i riproduttori è di uno per un numero di animali compreso tra 500 e 800. Tuttavia, il numero ottimale di addetti è di uno per meno di 500 animali.\n\nPer gli animali all’ingrasso, un operatore è considerato adeguato per gestire un numero di animali compreso tra 5000 e 8000. Tuttavia, il numero ottimale di addetti è di uno per un numero di animali inferiore a 5000.\n\nIn generale, si afferma che gli animali sono accuditi da un numero sufficiente di addetti, con una valutazione positiva per la categoria A, mentre le categorie B e C non raggiungono gli standard richiesti. \n\nInfine, si sottolinea che gli addetti possono essere il proprietario, il detentore o un custode, e possono lavorare a tempo pieno o parziale, con un minimo di mezza giornata di lavoro.', ""La gestione degli operatori negli allevamenti di animali varia in base al numero totale di animali presenti e alle specifiche mansioni svolte. \n\nIn generale, si considera accettabile la presenza di un operatore per un numero di animali compreso tra 100 e 150. Tuttavia, si ritiene ottimale avere un addetto per un numero di animali inferiore a 100, mentre si considera insufficiente un operatore per un numero di animali superiore a 150.\n\nSe l'addetto alla cura quotidiana degli animali è anche responsabile della mungitura a mano, le soglie cambiano. In questo caso, la presenza di un operatore è accettabile per un numero di animali compreso tra 60 e 100. Si considera ottimale avere un addetto per meno di 60 animali, mentre un operatore risulta insufficiente per un numero di animali superiore a 100.\n\nPer quanto riguarda gli allevamenti ovini e caprini da carne, se si tratta di allevamenti intensivi, si può applicare il rapporto uomo/animali suggerito per gli allevamenti da latte. In questo contesto, si considera accettabile la presenza di un operatore per un numero di animali compreso tra 200 e 300."", ""**Sistema Integrato «ClassyFarm» - Guida per l'Operatore e i suoi Delegati**\n\n**PAG**  \n**OPERATORE**  \n2  \n\nAi sensi del Regolamento UE 429/2016, l'operatore è definito come:  \nQualsiasi persona fisica o giuridica responsabile della gestione di animali o prodotti, anche per un periodo limitato, ad eccezione dei detentori di animali da compagnia e dei veterinari."", 'Operazioni di alimentazione e gestione degli animali e degli ambienti. Un numero adeguato di operatori consente di identificare in modo più rapido e tempestivo eventuali segnali di scarsa salute e benessere degli animali.', 'La gestione degli animali in allevamento richiede un numero adeguato di operatori, a seconda della tipologia di animale e della loro quantità. \n\nPer quanto riguarda la **stalla**, è necessario avere un operatore per meno di 30 animali. Invece, per il **pascolo**, la situazione è leggermente diversa, poiché è richiesto un operatore per meno di 80 animali. \n\nPassando ai **bovini da carne**, la situazione si complica. Se il numero di animali supera le 800 unità, il numero di addetti è considerato insufficiente, e quindi non è accettabile. Tuttavia, se il numero di bovini varia tra 400 e 800, il numero di addetti è considerato accettabile. Infine, per un numero di bovini inferiore a 400, il numero di addetti è ottimale.\n\nIn generale, è fondamentale che gli animali siano accuditi da un numero sufficiente di addetti. In questo caso, la risposta è positiva, indicando che gli animali sono seguiti adeguatamente. Tuttavia, si specifica che non ci sono addetti per le categorie A e B, mentre per la categoria C non è disponibile alcun operatore. \n\nInfine, è importante notare che gli addetti possono essere il proprietario, il detentore o un custode, ovvero una persona responsabile della cura degli animali. Questi possono lavorare a tempo pieno o parziale, con un minimo di mezza giornata di lavoro considerata come mezza persona. È escluso dal conteggio chi lavora esclusivamente nei campi.', '**Sistema Integrato «ClassyFarm» - Guida per l\'Operatore e i suoi Delegati**\n\n**Operatore**  \n**Pagina 14**\n\n1. Selezionare ""ClassyFarm 2.0"".\n2. Scegliere il ruolo di Operatore.\n\n**Nota Bene:** In caso di attesa prolungata, si consiglia di cliccare su ""Aggiorna Pagina"".', 'Il testo fornisce informazioni riguardanti la gestione degli operatori e degli animali in un contesto di allevamento, con particolare attenzione ai riproduttori e agli animali da ingrasso.\n\nPer quanto riguarda i riproduttori, è previsto un operatore per un numero di animali compreso tra 500 e 800. Tuttavia, il livello di non conformità in questo caso è segnalato come ""Sì"". Invece, per gli animali all\'ingrasso, è richiesto un operatore per un numero di animali inferiore a 5000, mentre per i riproduttori, un operatore è necessario per meno di 500 animali. In questo secondo caso, il livello di non conformità è considerato ""Ottimale"".\n\nÈ importante indicare il numero degli addetti, poiché si evidenzia che gli animali devono essere accuditi da un numero sufficiente di operatori. Le evidenze raccolte mostrano che non ci sono problematiche per la categoria A, mentre per la categoria C si segnala una conformità. Per la categoria B, invece, non ci sono dati disponibili.\n\nIn merito alla formazione degli addetti, si fa riferimento alla normativa 146/2001, Allegato Personale Punto 1, che stabilisce che gli operatori devono possedere capacità e conoscenze adeguate. È fondamentale valutare le competenze complessive del personale addetto agli animali, considerando sia l\'esperienza pratica accumulata nel settore, sia le conoscenze teoriche, come ad esempio i titoli di studio. Si considera accettabile una lunga esperienza pratica, oppure, in assenza di essa, il conseguimento di una formazione adeguata da parte di giovani allevatori.', 'Un operatore è necessario per gestire un totale di 60-100 animali, nel caso in cui la stessa persona si occupi anche della mungitura manuale. \n\nNumero ottimale di addetti:\n- Un operatore per meno di 200 animali totali, qualora la mungitura venga eseguita da personale diverso;\n- Un operatore per meno di 100 animali totali, nel caso in cui la stessa persona si occupi anche della mungitura;\n- Un operatore per meno di 60 animali totali, se la mungitura è effettuata manualmente dalla stessa persona.', '**Sistema Integrato «ClassyFarm» - Guida per l\'Operatore e i suoi Delegati**\n\n**RICHIESTA DI PROFILO**  \n**Operatore**  \nLa richiesta di accesso con la qualifica di Operatore deve essere redatta e inviata direttamente all\'indirizzo email info@classyfarm.it, seguendo le modalità e i documenti indicati nella sezione ""OPERATORE E SUOI DELEGATI"" presente sul sito www.classyfarm.it.', ""**Sistema Integrato «ClassyFarm» - Guida per l'Operatore e i suoi Delegati**\n\n**PAG**\n\n**GUIDA ILLUSTRATA PER L'OPERATORE E IL DELEGATO**\n\n- Richiesta di Profilo per l'Operatore\n- Nomina del Ruolo di Delegato da parte di un Singolo Operatore\n- Nomina del Ruolo di Delegato da parte di più Operatori\n- Accesso al Ruolo di Operatore\n- Accesso al Ruolo di Delegato da parte di un Singolo Operatore\n- Accesso e Caricamento delle Autorizzazioni per il Ruolo di Delegato da parte di più Operatori\n\n**7**"", '**categoria** definizioni **contesto** indicatori di consumo antimicrobici **domanda** qual è l’obiettivo del sistema dddait **risposta** l’obiettivo del sistema dddait è fornire uno strumento standardizzato per la misurazione e il confronto del consumo di antimicrobici negli allevamenti italiani contribuendo così alla riduzione delluso eccessivo e alla prevenzione dellantimicrobico resistenza **categoria** definizioni **contesto** scopo della metodologia **domanda** qual è la fonte dei dati utilizzati per il calcolo del consumo di antimicrobici **risposta** i dati sono estratti dal sistema informatizzato di tracciabilità dei medicinali veterinari e dei mangimi medicati il quale comprende la ricetta veterinaria elettronica e il registro dei trattamenti in assenza di tali registri si ricorre ai dati relativi agli scarichi di scorte autorizzate di medicinali veterinari **categoria** procedure', 'ecco la riscrittura del testo in italiano professionale mantenendo i dati tecnici json categoria procedure contesto prodotti intramammari domanda qual è la gestione dei prodotti intrauterini nel sistema di calcolo risposta per i prodotti intrauterini la dddait corrisponde alla quantità di principio attivo per ciascun trattamento in questo caso non si applica il peso vivo standard ma si considera il numero di somministrazioni registrate nel periodo di riferimento categoria procedure contesto prodotti intrauterini domanda qual è il metodo di calcolo della dddait per i medicinali a uso orale e iniettabile risposta per i medicinali orali e iniettabili la dddait è calcolata sulla base della posologia media giornaliera indicata nel rcp espressa in mg/kg di peso vivo il sistema classyfarm applica la dose standardizzata nazionale per ciascun principio attivo categoria procedure contesto vie di somministrazione', ""Il testo fornisce indicazioni riguardo ai requisiti di formazione e esperienza per gli operatori nell'ambito dell'allevamento. Ecco un elenco strutturato discorsivo dei punti principali:\n\n1. **Partecipazione ai corsi di formazione**: Se l'allevamento è gestito da più operatori, è sufficiente che almeno uno di essi, che può essere il titolare o un dipendente, partecipi ai corsi di formazione.\n\n2. **Capacità e conoscenze adeguate**: Per essere considerati adeguati, gli operatori devono avere un'esperienza di almeno 7 anni. In questo caso, non è necessario aver seguito corsi di formazione specifici sul benessere animale o possedere un titolo di studio pertinente. Tuttavia, è possibile anche avere una combinazione di esperienza e formazione.\n\n3. **Capacità e conoscenze ottimali**: Per raggiungere un livello ottimale, gli operatori devono avere un'esperienza di almeno 7 anni, accompagnata da un titolo di studio o da un corso di formazione attinente, che deve essere stato completato negli ultimi 3 anni. \n\nQuesti requisiti mirano a garantire che gli operatori siano adeguatamente preparati e aggiornati nel loro campo.""]","L'operatore è definito come qualsiasi persona fisica o giuridica responsabile della gestione di animali o prodotti, anche per un periodo limitato, ad eccezione dei detentori di animali da compagnia e dei veterinari, secondo il Regolamento UE 429/2016. 

Per ulteriori dettagli, puoi consultare il documento [ClassyFarm - Guida per l'Operatore e i suoi Delegati](https://www.classyfarm.it).",Per operatore si intende una persona fisica o giuridica che ha la responsabilità di animali o prodotti. Non sono considerati operatori i detentori di animali da compagnia e i veterinari.,0.8,0.6518102012659645,,1.0,0.7686387028805826,OK,True
Qual è la definizione di delegato?,"['**ISTRUZIONI PER LA DELEGA**\n\n1. Scaricare, compilare e firmare il modello di delega disponibile al seguente link.\n2. Inviare la delega e i documenti di identità (sia dell\'allevatore che del delegato) al Ministero della Salute, utilizzando uno degli indirizzi sottostanti, e in copia conoscenza (CC) a ClassyFarm.\n\n- **Delegato da singolo operatore**: Attendere l\'e-mail di avvenuta abilitazione.\n- **Delegato da più operatori**: Caricare nel sistema i documenti di identità e le deleghe nella sezione ""Seleziona azienda"".\n\nPer ulteriori informazioni, visitare il sito: www.classyfarm.it.', '**Sistema Integrato «ClassyFarm» - Guida per l\'Operatore e i suoi Delegati**\n\n**RICHIESTA DI PROFILO**  \n**Delegato da Singolo Operatore**  \n\nLa richiesta di accesso con la qualifica di Delegato da singolo operatore deve essere redatta e inviata al Ministero della Salute, con copia conoscenza all\'indirizzo info@classyfarm.it. Le modalità e la documentazione necessaria sono disponibili nella sezione ""OPERATORE E SUOI DELEGATI"" sul sito www.classyfarm.it. \n\nIl Delegato da singolo operatore è tenuto a comunicare, attraverso i canali sopra indicati, la cessazione della delega.', ""**PAG**  \nSistema Integrato «ClassyFarm» - Guida per il Delegato da Operatore - Filiera o Gruppo  \n\n2. Cliccare su «Conferma» (Nota Bene: il pulsante si colorerà in amaranto «Attivo» una volta che tutti i documenti richiesti sono stati caricati).  \n\n**Procedura per l'abbinamento all'allevamento:**  \n1. Caricare tutti i documenti richiesti:  \n   - Documento di identità del Delegato Operatore  \n   - Documento di identità dell'Operatore Responsabile degli Animali  \n   - Modulo di autorizzazione («Modulo di delega dell'Operatore Responsabile degli Animali al Delegato Operatore»)  \n\n**CARICAMENTO DELEGA**"", 'Il testo fa riferimento alla figura del responsabile che si occupa degli animali, come definito dal Decreto Legislativo 146 del 2001, articolo 1, paragrafo 2, lettera b). Questa figura comprende coloro che lavorano in allevamento, sia a tempo pieno, che implica la presenza di una persona dedicata esclusivamente a questo compito, sia a tempo parziale, che richiede un impegno minimo di mezza giornata.', ""**Sistema Integrato «ClassyFarm» - Guida per l'Operatore e i suoi Delegati**\n\n**PAG**\n\n**GUIDA ILLUSTRATA PER L'OPERATORE E IL DELEGATO**\n\n- Richiesta di Profilo per l'Operatore\n- Nomina del Ruolo di Delegato da parte di un Singolo Operatore\n- Nomina del Ruolo di Delegato da parte di più Operatori\n- Accesso al Ruolo di Operatore\n- Accesso al Ruolo di Delegato da parte di un Singolo Operatore\n- Accesso e Caricamento delle Autorizzazioni per il Ruolo di Delegato da parte di più Operatori\n\n**7**"", '**PAG**  \nSistema Integrato «ClassyFarm» - Guida per il Delegato da Operatore - Filiera o Gruppo  \n\n**PRIMA DI INIZIARE**  \nPer visualizzare i dati relativi al Delegato da Operatore, è necessario disporre dei seguenti documenti (foto o scansione) per ogni singolo allevamento che abbia conferito formale delega:  \n• Documento di identità del Delegato  \n• Documento di identità dell’Operatore Responsabile degli Animali  \n• Modulo di delega compilato in tutte le sue parti e firmato dall’Operatore Responsabile degli Animali. (N.B. La scansione originale firmata deve essere fornita in un unico file)  \n\nIl modulo è scaricabile dal sito www.classyfarm.it  \n**PAG 26**', ""**Sistema Integrato «ClassyFarm» - Guida per l'Operatore e i suoi Delegati**\n\nL'operatore ha la possibilità di delegare un referente per la visualizzazione delle informazioni presenti nei cruscotti e nei report.\n\n1. **SITO WWW.CLASSYFARM.IT – SEZIONE OPERATORE E SUOI DELEGATI**: In questa sezione sono forniti dettagli sul percorso da seguire e sui documenti da compilare e caricare su ClassyFarm per ottenere l'autorizzazione all'accesso.\n   \n2. **ACCESSO AL SISTEMA CLASSYFARM (da VetInfo)**: L'accesso è suddiviso in tre aree distinte:\n   1. AREA OPERATORE\n   2. AREA DELEGATO DA SINGOLO OPERATORE\n   3. AREA DELEGATO DA PIÙ OPERATORI\n\n**PERCORSO**"", ""Sistema Integrato «ClassyFarm» - Guida per l'Operatore e i suoi Delegati\n\nDelegato dell'Operatore: figura designata dall'operatore responsabile degli animali, con la sola facoltà di visualizzare i cruscotti degli allevamenti associati allo stesso operatore."", ""**Richiesta di Accesso al Sistema ClassyFarm**\n\nIn conformità con la normativa vigente in materia di privacy, si richiede l'accesso al sistema ClassyFarm per le seguenti finalità:\n\n- Operazioni di accesso e profilazione al sistema;\n- Invio di comunicazioni via e-mail relative al funzionamento del sistema.\n\nSi dichiara di essere consapevoli della necessità di inviare il modello di Delega per la formale designazione.\n\nSi è altresì informati delle conseguenze penali previste dal D.P.R. 445/2000 in caso di dichiarazioni false o mendaci.\n\n**Si richiede:**\n\n□ Accesso al sistema ClassyFarm con il ruolo di Delegato per un singolo Operatore  \n□ Accesso al sistema ClassyFarm con il ruolo di Delegato per più Operatori  \n\n**FIRMA**  \n………………………………, data ………………………  \n\n………………………………..  \n\n*Si prega di allegare una copia del documento d’identità.*"", '**Sistema Integrato «ClassyFarm» - Guida per l\'Operatore e i suoi Delegati**\n\n**RICHIESTA DI PROFILO**\n\nLa richiesta di accesso con la qualifica di Delegato da parte di più operatori deve essere redatta e inviata al Ministero della Salute, con copia conoscenza all\'indirizzo email info@classyfarm.it. Le modalità e la documentazione necessaria sono disponibili nella sezione ""OPERATORE E SUOI DELEGATI"" sul sito www.classyfarm.it.\n\nSuccessivamente, il Delegato da parte di più operatori sarà responsabile della raccolta, del caricamento e dell\'aggiornamento delle singole adesioni dei vari operatori attraverso il pannello predisposto, selezionando l\'opzione ""Selezione azienda"".', ""Il numero di addetti responsabili della cura degli animali deve essere sufficiente e dotato di adeguate capacità, conoscenze e competenze professionali, come stabilito dal Decreto Legislativo 146/2001. Gli addetti possono essere il proprietario, il detentore o il custode degli animali, oppure una persona che, anche temporaneamente, si occupa della loro gestione. \n\nQuesti addetti possono lavorare a tempo pieno, corrispondente a una persona, oppure a tempo parziale, con un minimo di mezza giornata, che equivale a mezza persona. Le loro mansioni comprendono l'alimentazione e la cura degli animali, nonché la manutenzione degli ambienti in cui vivono. È importante notare che non si considerano addetti coloro che lavorano esclusivamente nei campi o i tecnici, nel caso di filiere integrate.\n\nIn situazioni in cui la cura quotidiana degli animali e le operazioni di mungitura sono svolte da operatori diversi, è accettabile avere un addetto non mungitore per un certo numero di animali, a condizione che il rapporto tra addetti e animali sia adeguato."", ""**CARTA INTESTATA AZIENDA**\n\nSpettabile  \nMINISTERO DELLA SALUTE  \n…………  \n\nSpettabile  \nCLASSYFARM  \nC/o IZSLER BRESCIA  \ninfo@classyfarm.i  \n\nIl sottoscritto  \nSignor: ______________________________________,  \nCodice Fiscale: ________________,  \n\nin qualità di operatore ai sensi del Regolamento (UE) 2016/429  \ndell'Azienda  \n_______________,  \ncon sede in  \n___________________,  \ncon attuale codice fiscale/partita IVA: _____________________,  \ncodice BDN: __________,  \nspecie: __________,  \n\nconsapevole delle conseguenze legali derivanti da dichiarazioni false e mendaci ai sensi del D.P.R. 445/2000,  \n\nDELEGA  \n\nIl Signor __________________________, codice fiscale: ____________________ (user vetinfo: _______________) alla consultazione dei dati della propria azienda presenti in ClassyFarm.  \n\nIn fede,  \n_____________li, ____________  \n\nFIRMA DEL DELEGANTE  \nFIRMA DEL DELEGATO  \n\nSi allegano copia dei documenti di identità del delegante e del delegato."", '**categoria** definizioni **contesto** indicatori di consumo antimicrobici **domanda** qual è l’obiettivo del sistema dddait **risposta** l’obiettivo del sistema dddait è fornire uno strumento standardizzato per la misurazione e il confronto del consumo di antimicrobici negli allevamenti italiani contribuendo così alla riduzione delluso eccessivo e alla prevenzione dellantimicrobico resistenza **categoria** definizioni **contesto** scopo della metodologia **domanda** qual è la fonte dei dati utilizzati per il calcolo del consumo di antimicrobici **risposta** i dati sono estratti dal sistema informatizzato di tracciabilità dei medicinali veterinari e dei mangimi medicati il quale comprende la ricetta veterinaria elettronica e il registro dei trattamenti in assenza di tali registri si ricorre ai dati relativi agli scarichi di scorte autorizzate di medicinali veterinari **categoria** procedure', 'ecco la riscrittura del testo in italiano professionale mantenendo i dati tecnici json categoria procedure contesto prodotti intramammari domanda qual è la gestione dei prodotti intrauterini nel sistema di calcolo risposta per i prodotti intrauterini la dddait corrisponde alla quantità di principio attivo per ciascun trattamento in questo caso non si applica il peso vivo standard ma si considera il numero di somministrazioni registrate nel periodo di riferimento categoria procedure contesto prodotti intrauterini domanda qual è il metodo di calcolo della dddait per i medicinali a uso orale e iniettabile risposta per i medicinali orali e iniettabili la dddait è calcolata sulla base della posologia media giornaliera indicata nel rcp espressa in mg/kg di peso vivo il sistema classyfarm applica la dose standardizzata nazionale per ciascun principio attivo categoria procedure contesto vie di somministrazione', ""**PAG**  \nSistema Integrato «ClassyFarm» - Guida per Delegati Operatori - Filiera o Gruppo  \n\n**Procedura per l'abbinamento all'allevamento:**  \n1. Dopo aver selezionato il profilo, cliccare su «Selezione Azienda».  \n2. Cliccare su «Nuovo Allevamento».  \n3. Inserire il codice aziendale e cliccare su «Verifica».  \n\n**CARICAMENTO DELEGA**  \n1. Cliccando su «Dettagli», è possibile visualizzare le informazioni relative all'allevamento (Ragione sociale, Partita IVA, Indirizzo, ecc.).  \n(N.B. Se sono presenti più allevamenti, è necessario SELEZIONARE l'allevamento desiderato dall'elenco fornito in base al codice aziendale.)""]","Il delegato è una figura designata dall'operatore responsabile degli animali, con la sola facoltà di visualizzare i cruscotti degli allevamenti associati allo stesso operatore. Il delegato può essere nominato da un singolo operatore o da più operatori e deve seguire specifiche procedure per l'accesso al sistema ClassyFarm, inclusa la presentazione di documenti di identità e un modulo di delega firmato. 

Per ulteriori informazioni, puoi visitare il sito [www.classyfarm.it](http://www.classyfarm.it).",Il delegato è una figura delegata da un operatore che ha solo la possibilità di visualizzare i cruscotti degli allevamenti afferenti all’operatore delegante.,1.0,0.49082874986615116,,1.0,0.511698469548802,OK,True
Come richiedo il profilo da operatore?,"['**Sistema Integrato «ClassyFarm» - Guida per l\'Operatore e i suoi Delegati**\n\n**RICHIESTA DI PROFILO**  \n**Operatore**  \nLa richiesta di accesso con la qualifica di Operatore deve essere redatta e inviata direttamente all\'indirizzo email info@classyfarm.it, seguendo le modalità e i documenti indicati nella sezione ""OPERATORE E SUOI DELEGATI"" presente sul sito www.classyfarm.it.', ""**MODULO DI RICHIESTA DI ACCESSO AL SISTEMA CLASSYFARM CON RUOLO DI OPERATORE**\n\nIl sottoscritto, Signor (Cognome e Nome): ______________________________________,  \nin possesso del seguente Codice Fiscale: ____________________,  \nin qualità di operatore ai sensi del Regolamento (UE) 2016/429 dell'Azienda ____________________,  \ncon sede in _____________________, con attuale codice fiscale/partita IVA _______________________  \ne codice aziendale BDN: ______________,  \n\nDICHIARA  \n\n- di essere in possesso e di fornire i seguenti recapiti:  \n  - e-mail (NO PEC): ____________________________________,  \n  - telefono cellulare: ___________________.  \n\n- di essere in possesso della seguente Username Vetinfo: _______________, oppure di non essere in possesso della Username di Vetinfo e di richiederla contestualmente (barrare la parte non necessaria).  \n\n- di accettare le condizioni del servizio.  \n\n- di essere consapevole che i dati personali appena comunicati saranno trattati in conformità alla normativa vigente."", '**Sistema Integrato «ClassyFarm» - Guida per l\'Operatore e i suoi Delegati**\n\n**RICHIESTA DI PROFILO**  \n**Delegato da Singolo Operatore**  \n\nLa richiesta di accesso con la qualifica di Delegato da singolo operatore deve essere redatta e inviata al Ministero della Salute, con copia conoscenza all\'indirizzo info@classyfarm.it. Le modalità e la documentazione necessaria sono disponibili nella sezione ""OPERATORE E SUOI DELEGATI"" sul sito www.classyfarm.it. \n\nIl Delegato da singolo operatore è tenuto a comunicare, attraverso i canali sopra indicati, la cessazione della delega.', '[ASSISTENZA_TELEFONICA] [INVIO_EMAIL] L\'analisi dello screenshot della piattaforma ministeriale ClassyFarm si articola in diversi punti fondamentali che delineano il processo di registrazione per gli operatori. \n\nIn primo luogo, il titolo della pagina è ""OPERATORE"", il che indica chiaramente la sezione dedicata agli utenti che desiderano registrarsi o accedere come operatori. All\'interno di questa sezione, è presente un elemento visivo importante: un numero e una freccia che guidano l\'utente verso la sezione ""Operatore e delegati"" nel menu di navigazione. Questo suggerisce che l\'utente deve selezionare questa opzione per procedere con la registrazione.\n\nSuccessivamente, un altro punto evidenziato è il testo ""Richiesta di registrazione ClassyFarm"", che funge da link per scaricare, compilare e firmare il modulo necessario per la registrazione. La freccia rossa che accompagna questo testo sottolinea l\'importanza di questo passaggio, evidenziando che il modulo deve essere compilato e firmato per poter proseguire.\n\nLa procedura logica per la registrazione si articola in vari passaggi. Innanzitutto, l\'utente deve collegarsi al sito www.classyfarm.it per iniziare la procedura di abilitazione. Una volta sul sito, è necessario navigare nella sezione ""Operatore e delegati"" per accedere alle informazioni specifiche per gli operatori. Il passo successivo consiste nel cliccare sul link ""Richiesta di registrazione ClassyFarm"" per scaricare il modulo necessario. Dopo aver scaricato il modulo, l\'utente deve compilarlo e firmarlo, allegando i documenti richiesti. Infine, per completare la registrazione, è necessario inviare la richiesta online accedendo al link fornito, che consente di inviare la documentazione necessaria.\n\nTra i testi rilevanti che accompagnano questa procedura, si trovano frasi come ""Per far richiesta di abilitazione al sistema collegarsi al sito www.classyfarm.it"" e ""Sistema per la categorizzazione del rischio degli allevamenti in ambito sanità pubblica veterinar', '**Sistema Integrato «ClassyFarm» - Guida per l\'Operatore e i suoi Delegati**\n\n**RICHIESTA DI PROFILO**\n\nLa richiesta di accesso con la qualifica di Delegato da parte di più operatori deve essere redatta e inviata al Ministero della Salute, con copia conoscenza all\'indirizzo email info@classyfarm.it. Le modalità e la documentazione necessaria sono disponibili nella sezione ""OPERATORE E SUOI DELEGATI"" sul sito www.classyfarm.it.\n\nSuccessivamente, il Delegato da parte di più operatori sarà responsabile della raccolta, del caricamento e dell\'aggiornamento delle singole adesioni dei vari operatori attraverso il pannello predisposto, selezionando l\'opzione ""Selezione azienda"".', ""**Sistema Integrato «ClassyFarm» - Guida per l'Operatore e i suoi Delegati**\n\n**PAG**\n\n**GUIDA ILLUSTRATA PER L'OPERATORE E IL DELEGATO**\n\n- Richiesta di Profilo per l'Operatore\n- Nomina del Ruolo di Delegato da parte di un Singolo Operatore\n- Nomina del Ruolo di Delegato da parte di più Operatori\n- Accesso al Ruolo di Operatore\n- Accesso al Ruolo di Delegato da parte di un Singolo Operatore\n- Accesso e Caricamento delle Autorizzazioni per il Ruolo di Delegato da parte di più Operatori\n\n**7**"", '**Sistema Integrato «ClassyFarm» - Guida per l\'Operatore e i suoi Delegati**\n\n**Operatore**  \n**Pagina 14**\n\n1. Selezionare ""ClassyFarm 2.0"".\n2. Scegliere il ruolo di Operatore.\n\n**Nota Bene:** In caso di attesa prolungata, si consiglia di cliccare su ""Aggiorna Pagina"".', ""• di accettare le condizioni del servizio;  \n• di essere consapevole che i dati personali forniti saranno trattati in conformità alla normativa vigente sulla privacy dal sistema ClassyFarm per:  \n  o le operazioni di accesso e profilazione al sistema;  \n  o l'invio di comunicazioni via e-mail relative al funzionamento del sistema;  \n• di essere a conoscenza delle conseguenze penali previste dal D.P.R. 445/2000 in caso di dichiarazioni false e mendaci.  \n\nCHIEDE  \nl'accesso al sistema ClassyFarm con il ruolo di Operatore.  \n\nFIRMA  \n………………………………, lì ………………………  \n………………………………..  \n\nAllegare copia del documento d'identità."", '**MODULO DI RICHIESTA DI ACCESSO AL SISTEMA CLASSYFARM CON RUOLO DI DELEGATO DA OPERATORE**\n\nIl sottoscritto, Signor (Cognome e Nome): ______________________________________,  \nin possesso del seguente Codice Fiscale: _____________________________,  \nin qualità di: ____________________________ \n\nDICHIARA\n\n- di essere in possesso e di fornire i seguenti recapiti:  \n  - e-mail (NO PEC): ____________________________________,  \n  - telefono cellulare: ___________________.  \n- di essere in possesso della seguente Username Vetinfo: _______________, oppure di non essere in possesso della Username di Vetinfo e di richiederla contestualmente (barrare la parte non necessaria).  \n- di accettare le condizioni del servizio.  \n- di essere consapevole che i dati personali appena comunicati saranno trattati in conformità alla vigente normativa sulla privacy, dal sistema ClassyFarm per:  \n  - le operazioni di accesso e profilazione al sistema.', ""**Sistema Integrato «ClassyFarm» - Guida per l'Operatore e i suoi Delegati**\n\nL'operatore ha la possibilità di delegare un referente per la visualizzazione delle informazioni presenti nei cruscotti e nei report.\n\n1. **SITO WWW.CLASSYFARM.IT – SEZIONE OPERATORE E SUOI DELEGATI**: In questa sezione sono forniti dettagli sul percorso da seguire e sui documenti da compilare e caricare su ClassyFarm per ottenere l'autorizzazione all'accesso.\n   \n2. **ACCESSO AL SISTEMA CLASSYFARM (da VetInfo)**: L'accesso è suddiviso in tre aree distinte:\n   1. AREA OPERATORE\n   2. AREA DELEGATO DA SINGOLO OPERATORE\n   3. AREA DELEGATO DA PIÙ OPERATORI\n\n**PERCORSO**"", ""**Richiesta di Accesso al Sistema ClassyFarm**\n\nIn conformità con la normativa vigente in materia di privacy, si richiede l'accesso al sistema ClassyFarm per le seguenti finalità:\n\n- Operazioni di accesso e profilazione al sistema;\n- Invio di comunicazioni via e-mail relative al funzionamento del sistema.\n\nSi dichiara di essere consapevoli della necessità di inviare il modello di Delega per la formale designazione.\n\nSi è altresì informati delle conseguenze penali previste dal D.P.R. 445/2000 in caso di dichiarazioni false o mendaci.\n\n**Si richiede:**\n\n□ Accesso al sistema ClassyFarm con il ruolo di Delegato per un singolo Operatore  \n□ Accesso al sistema ClassyFarm con il ruolo di Delegato per più Operatori  \n\n**FIRMA**  \n………………………………, data ………………………  \n\n………………………………..  \n\n*Si prega di allegare una copia del documento d’identità.*"", ""**ISTRUZIONI PER LA RICHIESTA DI ABILITAZIONE AL SISTEMA**\n\n1. **Scaricare, compilare e firmare il modulo** disponibile ai seguenti link.\n2. Per richiedere l'abilitazione al sistema, collegarsi al sito www.classyfarm.it.\n3. **Inviare il modulo, unitamente a un documento di identità**, via e-mail all'incaricato aziendale.\n\nPer ulteriori informazioni, visitare il sito www.classyfarm.it."", '**sistema integrato classyfarm guida per loperatore e i suoi delegati** **pag** **guida illustrata per loperatore e il delegato** richiesta di profilo per loperatore nomina del ruolo di delegato da parte di un singolo operatore nomina del ruolo di delegato da parte di più operatori accesso al ruolo di operatore accesso al ruolo di delegato da parte di un singolo operatore accesso e caricamento delle autorizzazioni per il ruolo di delegato da parte di più operatori **7**', 'dashboard **sistema integrato classyfarm guida per loperatore e i suoi delegati** **pag** **scelta dellambiente** 25 1 selezionare lopzione selezione azienda per associare il proprio profilo allallevamento 2 cliccare su dashboard per accedere alla consultazione dei cruscotti **nome utente e profilo selezionato cliccare qui per modificare il profilo **', ""[DASHBOARD] **Sistema Integrato «ClassyFarm» - Guida per l'Operatore e i suoi Delegati**\n\n**PAG**  \n**SELEZIONE DELL'AMBIENTE**  \n20  \n\n1. Cliccare su «Dashboard» per accedere alla consultazione dei cruscotti.  \n1. Nome utente e profilo selezionato; cliccare qui per modificare il profilo.""]","Per richiedere il profilo da operatore nel sistema ClassyFarm, segui questi passaggi:

1. **Preparazione della richiesta**: Compila il modulo di richiesta di accesso al sistema ClassyFarm con il ruolo di Operatore. Assicurati di includere le seguenti informazioni:
   - Cognome e Nome
   - Codice Fiscale
   - Qualifica di operatore e dettagli dell'azienda (nome, sede, codice fiscale/partita IVA, codice aziendale BDN)
   - Recapiti (e-mail e telefono cellulare)
   - Username Vetinfo (se disponibile) o richiedila contestualmente
   - Accettazione delle condizioni del servizio e consapevolezza del trattamento dei dati personali.

2. **Invio della richiesta**: Invia la richiesta compilata all'indirizzo email **info@classyfarm.it**.

3. **Allegati**: Assicurati di allegare una copia del tuo documento d'identità alla richiesta.

4. **Consultazione del sito**: Per ulteriori dettagli e per scaricare il modulo, visita la sezione ""OPERATORE E SUOI DELEGATI"" sul sito **www.classyfarm.it**.

Seguendo questi passaggi, potrai completare la richiesta di accesso come operatore.","Per richiedere il profilo da operatore è necessario redigere una richiesta e inviarla a info@classyfarm.it. Le modalità e i documenti necessari sono disponibili nella sezione ""operatore e delegato"" del sito classyfarm.it.",1.0,0.7711820740367794,,1.0,0.5117311298735393,EMAIL_MISMATCH,True
Come seleziono l’azienda?,"[""**Selezione Azienda**  \nPer associare un'azienda, selezionare l'opzione: «Selezione Azienda»  \n6"", ""**7. Selezione dell'Azienda**  \nPer associare un'azienda, selezionare l'opzione: «Selezione Azienda»."", 'Il Valutatore può essere associato all\'azienda immediatamente oppure in un secondo momento. \n\n6. Cliccare su ""Conferma""; successivamente apparirà una finestra in cui sarà necessario confermare nuovamente (7).\n\n**Selezione Azienda**\n\nNota Bene: I Valutatori visualizzati nel menu a tendina sono quelli precedentemente associati nella sezione ""Selezione Valutatore"".', '1. Cliccare su ""Nuovo Allevamento"".\n2. Inserire il codice aziendale (es. 001XX001) e fare clic su ""Verifica"".\n   - Il sistema recupererà automaticamente i dati dell\'allevamento.\n3. Selezionare l\'Azienda.', '1. Selezionare l\'allevamento di interesse nella parte superiore sinistra dello schermo.  \nNota Bene: Gli allevamenti visualizzati nel menu a tendina sono quelli associati alla voce ""Selezione Azienda"".  \n\n2. Procedere quindi alla compilazione della checklist.  \n2.1. È possibile inserire il codice dell\'allevamento manualmente oppure selezionarlo dal menu a tendina.  \n\nComunicazione Esito Valutazione.', ""**11  \nSelezione Azienda**  \nPossibilità di scaricare un file CSV contenente un riepilogo delle aziende associate all'Ordine dei Commercialisti (OdC)."", '1. Selezionare l\'allevamento di interesse nella parte superiore sinistra dello schermo.  \nNota Bene: Gli allevamenti visualizzati nel menu a tendina sono quelli precedentemente associati nella sezione ""Selezione Azienda"".  \n\n2. Procedere quindi alla compilazione del questionario.  \n\n**Compilazione del Questionario**  \nÈ possibile inserire il codice dell\'allevamento manualmente oppure selezionarlo dal menu a tendina.', ""Per associarsi all'allevamento nel sistema integrato «ClassyFarm», seguire questi passaggi:\n\n1. Dopo aver scelto il proprio ruolo, cliccare su «Selezione Azienda».\n2. Procedere cliccando su «Nuovo Allevamento».\n3. Inserire il codice aziendale e poi cliccare su «Verifica».\n4. Cliccando su «Dettagli», è possibile visualizzare le informazioni relative all'allevamento, come la ragione sociale, la partita IVA e l'indirizzo.\n5. Selezionare la checklist che deve essere compilata per l'allevamento scelto. Si noti che, nel caso si disponga di un veterinario aziendale, il passaggio 4 non è necessario."", ""[DASHBOARD] **Sistema Integrato «ClassyFarm» - Guida per l'Operatore e i suoi Delegati**\n\n**PAG**  \n**SCELTA DELL'AMBIENTE**  \n25  \n\n1. Selezionare l'opzione «Selezione Azienda» per associare il proprio profilo all'allevamento.  \n2. Cliccare su «Dashboard» per accedere alla consultazione dei cruscotti.  \n\n**Nome utente e profilo selezionato; cliccare qui per modificare il profilo.**"", ""**PAG**  \nSistema Integrato «ClassyFarm» - Guida per Delegati Operatori - Filiera o Gruppo  \n\n**Procedura per l'abbinamento all'allevamento:**  \n1. Dopo aver selezionato il profilo, cliccare su «Selezione Azienda».  \n2. Cliccare su «Nuovo Allevamento».  \n3. Inserire il codice aziendale e cliccare su «Verifica».  \n\n**CARICAMENTO DELEGA**  \n1. Cliccando su «Dettagli», è possibile visualizzare le informazioni relative all'allevamento (Ragione sociale, Partita IVA, Indirizzo, ecc.).  \n(N.B. Se sono presenti più allevamenti, è necessario SELEZIONARE l'allevamento desiderato dall'elenco fornito in base al codice aziendale.)"", 'Per associarsi all\'allevamento nel sistema integrato ""ClassyFarm"" e procedere con l\'inserimento della check-list per il benessere dei riproduttori, seguire i seguenti passaggi:\n\n1. Dopo aver scelto il proprio ruolo, cliccare su ""Selezione Azienda"".\n2. Selezionare l\'opzione ""Nuovo Allevamento"".\n3. Inserire il codice aziendale e cliccare su ""Verifica"".\n4. Cliccando su ""Dettagli"", sarà possibile visualizzare le informazioni relative all\'allevamento, come la ragione sociale, la partita IVA e l\'indirizzo.\n5. Infine, selezionare la check-list che deve essere compilata per l\'allevamento scelto. Si noti che, nel caso in cui si disponga di un veterinario aziendale, il passaggio 4 non è necessario.', '[DASHBOARD] Per scegliere l\'ambiente, è necessario seguire alcuni passaggi specifici. Innanzitutto, si deve cliccare su ""Selezione Azienda"" per associarsi all\'allevamento desiderato. In secondo luogo, è possibile cliccare su ""Trasmissione Checklist"" per accedere alla compilazione del controllo. Infine, per consultare i cruscotti, si deve cliccare su ""Dashboard"". \n\nIn aggiunta, è importante notare che è possibile cambiare il nome utente e il ruolo scelto, cliccando sull\'apposito link.', 'il testo riguarda la valutazione della conformità in ambito di farmacosorveglianza veterinaria e si articola in diverse condizioni da soddisfare 1 **registrazioni in vetinfo** è fondamentale che le registrazioni siano effettuate nel sistema di farmacosorveglianza vetinfo 2 **consulto con un veterinario** è necessario verificare la presenza di un veterinario aziendale o di un veterinario libero professionista che segua lazienda **giudizio conforme** per ottenere un giudizio conforme tutte le condizioni devono essere soddisfatte **condizioni non adeguate** si considera non adeguato se ci sono evidenze di personale non istruito se ci sono animali che necessitano di trattamento e non lo hanno ricevuto o se non è presente un veterinario che segua l’azienda è importante valutare con attenzione la possibile insorgenza iperacuta di malattie **condizioni adeguate** si considera adeguato se è presente personale istruito e se sono soddisfatti i due punti di verifica precedentemente menzionati **condizioni ottimali** si considera ottimale la situazione in cui sono presenti procedure scritte relative al trattamento degli animali in particolare per quanto riguarda le pododermatiti le mastiti e le lesioni cutanee in sintesi la valutazione della conformità si basa sulla presenza di personale qualificato sul monitoraggio veterinario e sullesistenza di procedure scritte per la gestione delle problematiche sanitarie degli animali', '**punteggio** **descrizione** **punteggio** **descrizione** 0 tutte le aree del corpo sono classificate come a 1 lievi sono presenti aree del corpo classificate come b e/o al massimo una area classificata come c 2 gravi sono presenti due o più aree classificate come c oppure almeno unarea con più di 15 lesioni', '9  \n3. Selezionare uno o più disciplinari.  \n4. Inserire la ""Data di presentazione della domanda"".  \n5. Caricare il file PDF della ""Domanda di Certificazione"".  \nSelezione Azienda: non deve essere inserita la data odierna, ma la data indicata nella domanda presentata dall\'utente.']","Per selezionare un'azienda, segui questi passaggi:

1. Clicca sull'opzione «Selezione Azienda».
2. Seleziona «Nuovo Allevamento».
3. Inserisci il codice aziendale (ad esempio, 001XX001) e fai clic su «Verifica».
   - Il sistema recupererà automaticamente i dati dell'allevamento.
4. Seleziona l'Azienda desiderata.

Nota: Gli allevamenti visualizzati nel menu a tendina sono quelli precedentemente associati nella sezione ""Selezione Azienda"". Dopo aver selezionato l'allevamento, puoi procedere alla compilazione della checklist.","Per selezionare l’azienda bisogna cliccare su ""Selezione azienda"", poi su ""Nuovo allevamento"", inserire il codice aziendale e cliccare ""Verifica"". Successivamente si selezionano uno o più disciplinari, si inserisce la data di presentazione della domanda, si carica il file PDF della ""Domanda di certificazione"" e si clicca su ""Conferma"" e di nuovo su ""Conferma"" nella finestra che appare.",1.0,0.833227798146955,,0.5,0.6768928844845838,OK,True
"Non riesco a visualizzare il cruscotto, cosa devo fare?","['[DASHBOARD] **12  \nCruscotto di Visualizzazione**  \nDopo 48 ore, sarà possibile accedere al cruscotto interattivo: selezionare ""Dashboard"".', ""[DASHBOARD] **8  \nDashboard: Cruscotto per la verifica dei prerequisiti**  \nPer accedere al cruscotto interattivo, selezionare l'opzione «Dashboard»."", '[DASHBOARD] **16**  \nVisualizzazione a schermo intero della tabella  \nDashboard: Cruscotto di Visualizzazione  \nPossibilità di esportare i dati in Excel.', '[DASHBOARD] **www.classyfarm.it**  \n**Andamento storico dei controlli e relativi esiti**  \n- Modifica delle schermate del cruscotto  \n- Ripristino dei filtri applicati  \n- Accesso alla guida del cruscotto in formato PDF  \n- Data di aggiornamento del cruscotto  \n- Variazione degli indicatori Heatmap: forniscono una visione complessiva e di confronto tra le regioni  \n- Indicatori nazionali per specie e area: consentono il confronto a livello nazionale con la regione/ASL selezionata  \n- Rischio-programmazione', '[DASHBOARD] **14  \nDashboard: Cruscotto di Visualizzazione**  \nAzienda già associata al Valutatore.  \nSarà possibile visualizzare, tramite il cruscotto, tutti gli allevamenti associati nella sezione ""Selezione Azienda"".  \nÈ prevista la possibilità di visualizzare la tabella a schermo intero cliccando sull\'icona corrispondente.  \nFiltri di Selezione: Azienda non ancora associata al Valutatore.', '[DASHBOARD] Per scegliere l\'ambiente, è necessario seguire alcuni passaggi specifici. Innanzitutto, si deve cliccare su ""Selezione Azienda"" per associarsi all\'allevamento desiderato. In secondo luogo, è possibile cliccare su ""Trasmissione Checklist"" per accedere alla compilazione del controllo. Infine, per consultare i cruscotti, si deve cliccare su ""Dashboard"". \n\nIn aggiunta, è importante notare che è possibile cambiare il nome utente e il ruolo scelto, cliccando sull\'apposito link.', ""[DASHBOARD] **Sistema Integrato «ClassyFarm» - Guida per l'Operatore e i suoi Delegati**\n\n**PAG**  \n**SELEZIONE DELL'AMBIENTE**  \n20  \n\n1. Cliccare su «Dashboard» per accedere alla consultazione dei cruscotti.  \n1. Nome utente e profilo selezionato; cliccare qui per modificare il profilo."", ""[DASHBOARD] **Dashboard: Cruscotto di Visualizzazione**  \nSelezionando l'opzione «Sì», verranno visualizzati gli allevamenti che soddisfano i Prerequisiti Verdi e i Requisiti Verdi/Gialli."", '[DASHBOARD] **Report**\n\nAl termine della compilazione, per visualizzare il report, è necessario seguire i seguenti passaggi:\n\n1. Accedere a «Trasmissione Checklist (Nuovo)».\n2. Cliccare su «Azioni» e successivamente su «Storico».\n3. Selezionare il controllo di interesse e cliccare su «Azioni».\n4. Scorrere fino in fondo alla pagina e cliccare su «Salva PDF».\n\n**Nota Bene:** Questa modalità di download del report è temporanea; in futuro, il report sarà nuovamente scaricabile dal cruscotto.', '[DASHBOARD] **Dashboard: Consultazione delle Checklist Compilate**\n\nÈ possibile visualizzare le checklist compilate dal Valutatore direttamente dal cruscotto, in formato tabellare. \n\n1. \n2.', '[DASHBOARD] Il sistema integrato ""ClassyFarm"" offre una guida per l\'inserimento della check-list per la valutazione del rischio relativo al taglio della coda. Per iniziare, è necessario seguire alcuni passaggi fondamentali.\n\nInnanzitutto, bisogna cliccare su ""Selezione Azienda"" per associarsi all\'allevamento desiderato. Successivamente, si deve cliccare su ""Trasmissione Checklist"" per accedere alla compilazione del controllo. Infine, per consultare i cruscotti, è necessario cliccare su ""Dashboard"".\n\nInoltre, è possibile visualizzare il nome utente e il ruolo scelto, con l\'opzione di cambiare ruolo se necessario.', '[DASHBOARD] **INDICE**\n\n• Accesso a ClassyFarm  \npagina 3  \n\n• Cruscotto per la verifica dei prerequisiti (Dashboard)  \npagina 7  \n\n• Compilazione della checklist di valutazione  \npagina 11  \n\n• Ripresa della compilazione di una checklist salvata in bozza  \npagina 19  \n\n• Consultazione delle checklist compilate  \npagina 23  \n\n• Report  \npagina 25', 'dashboard **14 dashboard cruscotto di visualizzazione** azienda già associata al valutatore sarà possibile visualizzare tramite il cruscotto tutti gli allevamenti associati nella sezione selezione azienda è prevista la possibilità di visualizzare la tabella a schermo intero cliccando sullicona corrispondente filtri di selezione azienda non ancora associata al valutatore', 'dashboard **3** **0** **2** **1** **10** **dashboard cruscotto verifica prerequisiti** il valutatore visualizza nel cruscotto esclusivamente gli allevamenti assegnati dallorganismo di controllo odc è possibile visualizzare la tabella a schermo intero cliccando sullicona corrispondente **filtri di selezione** è prevista la possibilità di filtrare le aziende che soddisfano sia i requisiti che i prerequisiti', ""[DASHBOARD] **Sistema Integrato «ClassyFarm» - Guida per l'Operatore e i suoi Delegati**\n\n**PAG**  \n**SCELTA DELL'AMBIENTE**  \n15  \n\n1. Cliccare su «Dashboard» per accedere alla consultazione dei cruscotti.\n2. Per selezionare preliminarmente il Veterinario aziendale o revocare la nomina:\n\n   1. Nome utente e profilo selezionato; cliccare qui per modificare il profilo.  \n   2.""]","Se non riesci a visualizzare il cruscotto, segui questi passaggi:

1. Assicurati di aver cliccato su ""Selezione Azienda"" per associarti all'allevamento desiderato.
2. Dopo aver effettuato l'associazione, clicca su ""Dashboard"" per accedere al cruscotto interattivo.
3. Se hai bisogno di assistenza, verifica che il tuo nome utente e il profilo siano corretti e che tu abbia i permessi necessari.

Se il problema persiste, considera di contattare il supporto tecnico per ulteriore assistenza.","Per visualizzare il cruscotto è necessario cliccare su ""Dashboard"". Il cruscotto interattivo è visibile solo dopo 48 ore dall’associazione.",0.8,0.9430003602009833,,1.0,0.3930743674338485,OK,True
Come faccio ad associare un valutatore?,"[""Selezione del Valutatore  \nPer associare un Valutatore, selezionare l'opzione «Selezione Valutatore»."", ""**ISTRUZIONI PER L'ASSOCIAZIONE DEL VALUTATORE**\n\n1. Inserire il codice fiscale del Valutatore che si desidera associare.\n2. Cliccare su «Cerca».\n\nSe il Valutatore è già abilitato in ClassyFarm, il sistema troverà una corrispondenza e sarà sufficiente selezionarlo dal menu a tendina.\n\nSe il Valutatore non è abilitato in ClassyFarm, sarà comunque possibile associarlo creando un'utenza.\n\n**Selezione Valutatore**  \nValutatori già associati dall'Odc."", 'Il Valutatore può essere associato all\'azienda immediatamente oppure in un secondo momento. \n\n6. Cliccare su ""Conferma""; successivamente apparirà una finestra in cui sarà necessario confermare nuovamente (7).\n\n**Selezione Azienda**\n\nNota Bene: I Valutatori visualizzati nel menu a tendina sono quelli precedentemente associati nella sezione ""Selezione Valutatore"".', ""Selezionare il questionario di interesse, fare clic sull'icona e successivamente su «Compila». \n\nPiani di Controllo disponibili: \nOgni Valutatore avrà accesso esclusivamente ai Piani di Controllo associati al disciplinare attribuito dall'Organismo di Controllo. \n\nProcedere con la compilazione della Checklist di Valutazione."", ""25  \n2.  \n3. Selezionare l'esito della valutazione da modificare, cliccare su «Modifica» e successivamente salvare l'esito della valutazione in bozza."", '[DASHBOARD] **14  \nDashboard: Cruscotto di Visualizzazione**  \nAzienda già associata al Valutatore.  \nSarà possibile visualizzare, tramite il cruscotto, tutti gli allevamenti associati nella sezione ""Selezione Azienda"".  \nÈ prevista la possibilità di visualizzare la tabella a schermo intero cliccando sull\'icona corrispondente.  \nFiltri di Selezione: Azienda non ancora associata al Valutatore.', ""Per inserire una checklist, selezionare l'opzione «Compilazione Checklist (Nuovo)». Procedere con la compilazione della Checklist di Valutazione."", 'Per registrare l\'esito della valutazione, selezionare l\'opzione ""Esito valutazione"". Comunicazione dell\'esito della valutazione.', ""Il processo di valutazione prevede due fasi principali. \n\nIn primo luogo, è necessario effettuare registrazioni nel sistema di farmacosorveglianza di Vetinfo. \n\nIn secondo luogo, è fondamentale consultare un veterinario. In questa fase, si deve verificare se è presente e documentata la figura del veterinario aziendale oppure quella di un veterinario libero professionista o privato che segua l'azienda. \n\nÈ importante sottolineare che per poter assegnare un giudizio conforme, tutte le condizioni sopra menzionate devono essere soddisfatte."", 'La valutazione di questo item deve essere effettuata per tutti i gruppi. In situazioni miste, è necessario applicare la media ponderata delle condizioni rilevate. In alternativa, si può considerare la condizione in cui vive la maggioranza dei soggetti. Per esprimere il giudizio, è possibile fare riferimento alle risposte degli item 10, 11, 12, 13, 22 e 23.', 'Il pulsante ""Visualizza"" consente esclusivamente di visualizzare le risposte selezionate nel questionario prima del salvataggio.  \nPer continuare la compilazione, fare clic su ""Modifica"".  \nEsito della valutazione salvato come bozza.', 'Riprendere la compilazione di un Esito di Valutazione salvato in bozza.  \n23', 'selezione del valutatore per associare un valutatore selezionare lopzione selezione valutatore', '**istruzioni per lassociazione di un allevamento** prima di procedere con linserimento della checklist è fondamentale associare lallevamento di interesse 1 cliccare sul pulsante nuovo allevamento 2 inserire il codice dellallevamento quindi cliccare sul pulsante verifica e selezionare lallevamento da associare', 'Il testo fornisce indicazioni su come effettuare una valutazione utilizzando un sistema di classificazione. In particolare, si specifica che un livello di valutazione può essere definito come ""superiore ai requisiti previsti"". Inoltre, viene introdotto il termine ""NA"", che sta per ""non applicabile"". \n\nPer il valutatore, è sufficiente selezionare una delle opzioni disponibili per ciascuna categoria che viene valutata. È importante notare che, come sarà chiarito in seguito, gli elementi utilizzati per misurare le ""animal-based measures"" presentano indicazioni diverse a seconda delle categorie di animali che si stanno osservando.']","Per associare un valutatore, segui questi passaggi:

1. Seleziona l'opzione «Selezione Valutatore».
2. Inserisci il codice fiscale del valutatore che desideri associare.
3. Clicca su «Cerca».

- Se il valutatore è già abilitato in ClassyFarm, il sistema troverà una corrispondenza e potrai selezionarlo dal menu a tendina.
- Se il valutatore non è abilitato in ClassyFarm, puoi comunque associarlo creando un'utenza.

4. Una volta selezionato il valutatore, clicca su ""Conferma"".
5. Apparirà una finestra in cui sarà necessario confermare nuovamente l'associazione.

Ricorda che il valutatore può essere associato all'azienda immediatamente oppure in un secondo momento.","Per associare un valutatore bisogna aver effettuato l’accesso come organismo di certificazione, cliccare su ""Selezione Valutatore"", inserire il codice fiscale del valutatore da associare e cliccare su ""Cerca"". Se il valutatore è già abilitato in ClassyFarm il sistema lo trova e va selezionato dal menù a tendina; se non è ancora abilitato è possibile associarlo creandogli un’utenza.",1.0,0.7017638233300968,,1.0,0.6826768122989827,OK,True
Come faccio a finire un esito di valutazione che non avevo terminato?,"['Riprendere la compilazione di un Esito di Valutazione salvato in bozza.  \n23', ""25  \n2.  \n3. Selezionare l'esito della valutazione da modificare, cliccare su «Modifica» e successivamente salvare l'esito della valutazione in bozza."", 'Per registrare l\'esito della valutazione, selezionare l\'opzione ""Esito valutazione"". Comunicazione dell\'esito della valutazione.', 'Esempio di compilazione\n\nPer completare e inviare, fare clic su ""Completa il questionario"". Si raccomanda di salvare la bozza prima di uscire.', ""Se l'esito della valutazione è stato salvato come bozza, per riprendere la compilazione seguire i seguenti passaggi:\n\n1. Cliccare su «Esito Valutazione».\n2. Individuare la specie di interesse, cliccare su di essa e successivamente selezionare «Storico».\n\nEsito della valutazione salvato in bozza: 24."", 'Il pulsante ""Visualizza"" consente esclusivamente di visualizzare le risposte selezionate nel questionario prima del salvataggio.  \nPer continuare la compilazione, fare clic su ""Modifica"".  \nEsito della valutazione salvato come bozza.', '**SISTEMA QUESTIONARI**\n\nÈ possibile procedere con l\'eliminazione di un nuovo questionario selezionando l\'opzione ""Azioni"" e successivamente ""Cancella"". In alcune circostanze, prima di poter procedere con la cancellazione del questionario, è necessario modificare una delle risposte e salvare le modifiche. \n\n**ELIMINAZIONE DI UN QUESTIONARIO**', ""Selezionare il questionario di interesse, fare clic sull'icona e successivamente su «Compila». \n\nPiani di Controllo disponibili: \nOgni Valutatore avrà accesso esclusivamente ai Piani di Controllo associati al disciplinare attribuito dall'Organismo di Controllo. \n\nProcedere con la compilazione della Checklist di Valutazione."", '**Esempio di compilazione**\n\nPer completare e inviare il questionario, fare clic su ""Completa il questionario"". Si raccomanda di salvare la bozza prima di uscire.', 'Il pulsante ""Visualizza"" consente esclusivamente di visualizzare il questionario.  \nPer continuare la compilazione, è necessario cliccare su ""Modifica"".  \nPiano di Rientro salvato come bozza.', 'Il sistema di valutazione prevede tre categorie di giudizio in base alla media dei risultati. \n\n1. **Giudizio insufficiente**: Questo giudizio viene assegnato quando la media è inferiore a 1,5.\n2. **Giudizio accettabile**: Si attribuisce questo giudizio per una media compresa tra 1,5 e 2,5.\n3. **Giudizio ottimale**: Infine, per una media superiore a 2,5 si assegna il giudizio ottimale.', ""Per inserire una checklist, selezionare l'opzione «Compilazione Checklist (Nuovo)». Procedere con la compilazione della Checklist di Valutazione."", 'Il sistema integrato ""ClassyFarm"" offre una guida per l\'inserimento della check-list per la valutazione del rischio relativo al taglio della coda. All\'interno della home page, è possibile visualizzare l\'elenco dei questionari completati o in fase di compilazione. \n\nPer i questionari non completati, gli utenti hanno la possibilità di:\n- Cliccare direttamente sul questionario per aprirlo e procedere con la modifica o il completamento.\n- Cliccare sull\'icona a forma di ""cestino"" per cancellare il questionario.\n\nPer quanto riguarda i questionari che sono stati completati e caricati, i quali mostrano nel campo ""Completion Time"" la data e l\'ora dell\'upload, gli utenti possono:\n- Cliccare direttamente sul questionario per modificarlo. È importante notare che i questionari caricati possono essere modificati solo entro una settimana dall\'upload; trascorso questo termine, non sarà più possibile effettuare modifiche.\n- I questionari caricati non possono essere cancellati. \n\nIn sintesi, il sistema offre diverse opzioni di gestione per i questionari, a seconda del loro stato di completamento.', 'il testo presenta una serie di informazioni strutturate in forma di tabella che possono essere riassunte in un elenco discorsivo in primo luogo si evidenzia che ci sono diverse categorie di valutazione per la categoria a si segnala un esito negativo per la categoria b si riporta anchessa un esito negativo per la categoria c si conferma un esito negativo infine si annota che non è applicabile n a per alcune valutazioni in aggiunta viene menzionata la necessità di registrare i valori misurati di ammoniaca nh3 e anidride carbonica co2 a campione in tutti i settori e tipologie qualora si sospetti una condizione inadeguata è importante notare che la presenza di un numero considerevole di animali che mostrano sintomi può essere un indicatore di problematiche da approfondire in sintesi il testo sottolinea limportanza di monitorare le condizioni ambientali e la salute degli animali registrando dati specifici per garantire unadeguata valutazione delle situazioni riscontrate', 'durante lispezione il proprietario detentore o conduttore ha fornito alcune note e osservazioni lesito dellispezione è stato favorevole ma ci sono anche esiti sfavorevoli in particolare è stato registrato un esito sfavorevole a causa di un controllo che non è stato effettuato o è stato rifiutato in merito allintenzionalità è stata richiesta una valutazione nel caso di un esito sfavorevole le opzioni disponibili per questa valutazione sono sì no e non applicabile']","Per riprendere la compilazione di un esito di valutazione salvato in bozza, segui questi passaggi:

1. Clicca su «Esito Valutazione».
2. Individua la specie di interesse e clicca su di essa.
3. Seleziona l'opzione «Storico».
4. Trova l'esito della valutazione salvato in bozza.
5. Clicca su «Modifica» per continuare la compilazione.
6. Una volta completata la compilazione, fai clic su ""Completa il questionario"" per inviare l'esito.

Ricorda di salvare la bozza prima di uscire, per evitare di perdere le informazioni inserite.","Se l’esito è stato salvato in bozza, per riprendere la compilazione bisogna cliccare su ""Esito valutazione"", individuare la specie di interesse, cliccare il relativo tasto e successivamente ""Storico"". Poi si individua l’esito di valutazione da modificare, si clicca ""Modifica"" e, per completare e inviare, si clicca su ""Completa il questionario"".",1.0,0.5706213248935296,,1.0,0.9319697149078644,OK,True
Come faccio a continuare una compilazione di checklist di valutazione salvata in bozza?,"['Riprendere la compilazione di una checklist salvata come bozza.', '**Checklist Salvata in Bozza**\n\nSe il questionario è stato salvato come bozza, per riprendere la compilazione seguire i seguenti passaggi:\n\n1. Cliccare su «Compilazione Checklist (Nuovo)».\n2. Individuare il disciplinare di interesse, cliccare su di esso e successivamente selezionare «Storico».', 'Riprendere la compilazione di un Esito di Valutazione salvato in bozza.  \n23', ""Per inserire una checklist, selezionare l'opzione «Compilazione Checklist (Nuovo)». Procedere con la compilazione della Checklist di Valutazione."", 'Esempio di compilazione\n\nPer completare e inviare, fare clic su ""Completa il questionario"". Si raccomanda di salvare la bozza prima di uscire.', '**Esempio di compilazione**\n\nPer completare e inviare il questionario, fare clic su ""Completa il questionario"". Si raccomanda di salvare la bozza prima di uscire.', ""Se l'esito della valutazione è stato salvato come bozza, per riprendere la compilazione seguire i seguenti passaggi:\n\n1. Cliccare su «Esito Valutazione».\n2. Individuare la specie di interesse, cliccare su di essa e successivamente selezionare «Storico».\n\nEsito della valutazione salvato in bozza: 24."", 'Il pulsante ""Visualizza"" consente esclusivamente di visualizzare le risposte selezionate nel questionario prima del salvataggio.  \nPer continuare la compilazione, fare clic su ""Modifica"".  \nEsito della valutazione salvato come bozza.', ""**Questionario Salvato in Bozza**\n\nQualora il questionario sia stato salvato come bozza, per riprendere la compilazione è necessario selezionare l'opzione «Storico» e successivamente «Modifica».  \n1.  \n2.  \n13"", 'Riprendere la compilazione di un Piano di Rientro precedentemente salvato come bozza.', 'dashboard **indice** • accesso a classyfarm pagina 3 • cruscotto per la verifica dei prerequisiti dashboard pagina 7 • compilazione della checklist di valutazione pagina 11 • ripresa della compilazione di una checklist salvata in bozza pagina 19 • consultazione delle checklist compilate pagina 23 • report pagina 25', ""Se il Piano di Rientro è stato salvato come bozza, per riprendere la compilazione seguire i seguenti passaggi:\n\n1. Cliccare su «Compilazione Checklist (Nuovo)».\n2. Individuare la specie di interesse, cliccare sull'apposita opzione e successivamente selezionare «Storico».\n\nPiano di Rientro salvato in bozza."", 'riprendere la compilazione di una checklist salvata come bozza', '**checklist salvata in bozza** se il questionario è stato salvato come bozza per riprendere la compilazione seguire i seguenti passaggi 1 cliccare su compilazione checklist nuovo 2 individuare il disciplinare di interesse cliccare su di esso e successivamente selezionare storico', 'Il pulsante ""Visualizza"" consente esclusivamente di visualizzare il questionario.  \nPer continuare la compilazione, è necessario cliccare su ""Modifica"".  \nPiano di Rientro salvato come bozza.']","Per continuare la compilazione di una checklist di valutazione salvata in bozza, segui questi passaggi:

1. Clicca su «Compilazione Checklist (Nuovo)».
2. Individua il disciplinare di interesse e clicca su di esso.
3. Seleziona l'opzione «Storico».

A questo punto, dovresti essere in grado di riprendere la compilazione della checklist salvata come bozza. Se hai bisogno di modificare le risposte, assicurati di cliccare su ""Modifica"" per continuare.","Se il questionario è stato salvato in bozza, per riprendere la compilazione bisogna cliccare su ""Compilazione checklist (nuovo)"", individuare il disciplinare di interesse e cliccare ""Storico"". Poi si individua il questionario da modificare, si clicca ""Modifica"", si completa la bozza e per terminare e inviare il questionario si clicca su ""Completa il questionario"".",1.0,0.9180928067071793,,1.0,0.8053028894258107,OK,True
Come faccio a scaricare il report SQNBA?,"['[DASHBOARD] **SISTEMA QUESTIONARI**\n\nÈ possibile caricare un nuovo questionario selezionando l\'opzione ""Azioni"" e successivamente ""Carica"". Un questionario si considera caricato quando la data di completamento è valorizzata.\n\n**CARICAMENTO DI UN QUESTIONARIO**\n\nI report relativi ai questionari caricati saranno disponibili esclusivamente 48 ore dopo il caricamento, nella sezione ""Dashboard"".', '[DASHBOARD] Dopo aver completato la compilazione del questionario, per scaricare il report, fare clic su «Report SQNBA». Procedere con il download del report.', '[DASHBOARD] **Report**\n\nAl termine della compilazione, per visualizzare il report, è necessario seguire i seguenti passaggi:\n\n1. Accedere a «Trasmissione Checklist (Nuovo)».\n2. Cliccare su «Azioni» e successivamente su «Storico».\n3. Selezionare il controllo di interesse e cliccare su «Azioni».\n4. Scorrere fino in fondo alla pagina e cliccare su «Salva PDF».\n\n**Nota Bene:** Questa modalità di download del report è temporanea; in futuro, il report sarà nuovamente scaricabile dal cruscotto.', '[DASHBOARD] **14  \nSISTEMA QUESTIONARI**  \n**CARICARE UN QUESTIONARIO**  \nUna volta che il questionario è stato compilato correttamente in tutte le sue parti e si è cliccato sul tasto ""Salva"" situato in fondo alla pagina, apparirà un pulsante giallo per la verifica in alto a destra. Dopo aver selezionato il pulsante giallo, sarà possibile visualizzare il tasto per procedere con il caricamento.  \nI report dei questionari caricati saranno disponibili esclusivamente 48 ore dopo il caricamento nella sezione ""Dashboard"".', '[DASHBOARD] **14  \nSISTEMA QUESTIONARI**  \n**CARICAMENTO DI UN QUESTIONARIO**  \nUna volta che il questionario è stato compilato correttamente in tutte le sue sezioni e si è cliccato sul tasto ""Salva"" situato in fondo alla pagina, apparirà un pulsante giallo per la verifica in alto a destra. Dopo aver selezionato il pulsante giallo, sarà possibile visualizzare il tasto per procedere con il caricamento. I report dei questionari caricati saranno disponibili esclusivamente 48 ore dopo il caricamento nella sezione ""Dashboard"".', '[DASHBOARD] **16**  \nVisualizzazione a schermo intero della tabella  \nDashboard: Cruscotto di Visualizzazione  \nPossibilità di esportare i dati in Excel.', '**www.classyfarm.it**\n\nI filtri a tendina permettono di selezionare il questionario desiderato in base all\'Allevamento (tramite il codice BDN) e all\'Anno/Quest. (anno di compilazione o codice del questionario). \n\nPer ottenere il report, è necessario cliccare su ""Report"". \n\nNella sezione ""Dati Anagrafici"" sono riportate le principali informazioni e la localizzazione dell\'allevamento selezionato. \n\nÈ possibile confrontare il Punteggio di Biosicurezza Complessivo del proprio allevamento (indicato in blu) con la media Nazionale, Regionale o dell\'ATS/ASL, cliccando sui rispettivi riquadri. \n\nIl confronto include il Punteggio di Biosicurezza Complessivo storico dell\'allevamento selezionato (in blu) e il Punteggio di Biosicurezza Complessivo Nazionale (in grigio). \n\nSono fornite informazioni riassuntive sull\'Allevamento, Data Visita, Data di Completamento (ovvero la data dell\'ultimo caricamento della checklist), Codice Questionario, Veterinario, Indicatore (Punteggio di Biosicurezza Complessivo) e Posizionamento nei Quartili. \n\nNella sezione ""Confronto Quartili"" è possibile visualizzare...', '[DASHBOARD] **Dashboard: Consultazione delle Checklist Compilate**\n\nÈ possibile visualizzare le checklist compilate dal Valutatore direttamente dal cruscotto, in formato tabellare. \n\n1. \n2.', 'dashboard dopo aver completato la compilazione del questionario per scaricare il report fare clic su report sqnba procedere con il download del report', '**Report**\n\nAl termine della compilazione, per visualizzare il report è necessario seguire i seguenti passaggi:\n\n1. Accedere a «Trasmissione Checklist (Nuovo)».\n2. Cliccare su «Azioni» e successivamente su «Storico».\n3. Selezionare il controllo di interesse, cliccare su «Azioni» e poi su «Visualizza».\n4. Scorrere fino in fondo alla pagina e cliccare su «Salva PDF».', '27  \nSelezionare il questionario di interesse e fare clic su:  \n• Per scaricare il report contenente le risposte non conformi, fare clic su «Download PDF risposte non conformi».  \n• Per scaricare il report con tutte le risposte, fare clic su «Download PDF con tutte le risposte».  \nScaricare il Report.', '[DASHBOARD] **INDICE**\n\n• Accesso a ClassyFarm  \npagina 3  \n\n• Cruscotto per la verifica dei prerequisiti (Dashboard)  \npagina 7  \n\n• Compilazione della checklist di valutazione  \npagina 11  \n\n• Ripresa della compilazione di una checklist salvata in bozza  \npagina 19  \n\n• Consultazione delle checklist compilate  \npagina 23  \n\n• Report  \npagina 25', '27 selezionare il questionario di interesse e fare clic su • per scaricare il report contenente le risposte non conformi fare clic su download pdf risposte non conformi • per scaricare il report con tutte le risposte fare clic su download pdf con tutte le risposte scaricare il report', '[DASHBOARD] www.classyfarm.it  \nCLICCARE PER INGRANDIRE LA TABELLA  \nSi ricorda che, per visualizzare i report contenenti i dettagli delle singole valutazioni in autocontrollo, relativi ai dati di consumo del farmaco per ciascun allevamento, è necessario selezionare il cruscotto dedicato (ad esempio: Benessere Suino Singolo Allevamento, Benessere Bovino Singolo Allevamento, Farmaco Biomassa, Farmaco Categoria, ecc.).  \nRischio - Programmazione', 'il file zip è composto da tutti i file allegati numerati in sequenza report in formato pdf scaricare il report file zip allinterno del report in formato pdf per le domande per le quali è stato caricato un allegato verrà specificato il nome esatto del file a cui si fa riferimento allinterno del file zip']","Per scaricare il report SQNBA, segui questi passaggi:

1. Completa la compilazione del questionario.
2. Dopo aver completato il questionario, vai alla sezione ""Dashboard"".
3. Clicca su «Report SQNBA».
4. Procedi con il download del report.

Ricorda che i report relativi ai questionari caricati saranno disponibili esclusivamente 48 ore dopo il caricamento. Assicurati quindi di attendere questo intervallo di tempo se hai appena caricato il questionario.","Per scaricare il report di un questionario compilato bisogna cliccare su ""Report SQNBA"", scegliere il questionario di interesse e scaricare il report desiderato: per le sole risposte non conformi cliccare ""Download PDF risposte non conformi"", per tutte le risposte cliccare ""Download PDF con tutte le risposte"". Se si seleziona un questionario contenente file viene creato un file ZIP, se il questionario non contiene file viene scaricato un PDF.",1.0,0.9765066723902668,,1.0,0.4863118954507176,OK,True
Cosa si intende per OdC?,"[""La DCDAit del principio attivo di un determinato farmaco si ottiene moltiplicando la DDDAit per i giorni di trattamento. \n\n**DDDAit**  \nDefined Daily Dose Animal for Italy - rappresenta la dose in milligrammi di principio attivo utilizzata per mantenere in trattamento un chilogrammo di peso vivo nell'arco di ventiquattro ore. Questa dose non corrisponde a quella realmente somministrata in campo, ma piuttosto alla posologia corretta, come definita dal riassunto delle caratteristiche del prodotto (RCP). Tale dose è identificata e distinta per ciascun principio attivo presente nei farmaci antimicrobici veterinari utilizzabili nelle specie incluse nel sistema di monitoraggio.\n\n**EMA**  \nEuropean Medicines Agency\n\n**ESVAC**  \nEuropean Surveillance of Veterinary Antimicrobial Consumption\n\n**OMS**  \nOrganizzazione Mondiale della Sanità\n\n**PA**  \nPrincipio attivo\n\n**PCU**  \nPopulation Correction Unit\n\n**PNCAR**  \n[Nota: il significato di PNCAR non è fornito nel testo originale e potrebbe necessitare di una definizione specifica.]"", ""(ESVAC)  \nOMS  \nOrganizzazione Mondiale della Sanità  \nPA  \nPrincipio Attivo  \nPCU  \nUnità di Correzione della Popolazione  \nPNCAR  \nPiano Nazionale di Contrasto all'Antimicrobico-Resistenza  \nRCP  \nRiassunto delle Caratteristiche del Prodotto"", ""**11  \nSelezione Azienda**  \nPossibilità di scaricare un file CSV contenente un riepilogo delle aziende associate all'Ordine dei Commercialisti (OdC)."", 'Ogni animale è potenzialmente soggetto a esposizione. Questo indicatore, basato sulle DCDAit (Defined Course Dose Animal for Italy), viene attualmente calcolato per motivi statistici e non è considerato direttamente nella valutazione dei consumi aziendali. Pertanto, il presente documento si concentrerà sulla spiegazione dei ""giorni/animale"". Il significato degli indicatori basati sulle DCD e il loro rapporto con le DDD potranno essere oggetto di discussione in future revisioni o aggiornamenti del presente documento.\n\nIntegrazione con la Banca Dati Nazionale (BDN) e il Sistema Informativo della Farmacosorveglianza\n\nI dati di consumo aziendale vengono attualmente acquisiti retrospettivamente su base annuale o semestrale. Le informazioni inserite nel sistema ClassyFarm per il calcolo del consumo di antimicrobici provengono da fonti ufficiali, quali registri di carico/scarico, prescrizioni e registri dei trattamenti, ecc.', ""Per garantire la conformità degli impianti elettrici, è necessario disporre di una dichiarazione di conformità, nota come Di.Co., rilasciata dall'installatore in conformità alla Legge 46/90. Questa dichiarazione deve essere accompagnata da allegati obbligatori. Nei casi specificati dall'articolo 6 della Legge, e dettagliati nell'articolo 4 del DPR 447/1991, è richiesta anche la presentazione di un progetto.\n\nPer gli impianti realizzati dopo il 27 marzo 2008, la situazione cambia leggermente. In questo caso, l'impianto deve avere una dichiarazione di conformità – Di.C.o., rilasciata dall'installatore secondo le disposizioni del DM 37/2008. Anche in questa circostanza, il progetto è considerato un allegato obbligatorio e deve essere redatto da un professionista iscritto negli albi professionali, in base alla competenza tecnica specifica richiesta. Un esempio di applicazione di queste norme si può riscontrare in un'azienda agricola che utilizza un impianto alimentato in bassa tensione (230 o 400 Volt) con una potenza impegnata di almeno 6 kW, oppure in locali simili."", '**Contesto**: ""Base di calcolo ClassyFarm""\n\n1. **Termine**: RCP (Riassunto delle Caratteristiche del Prodotto)  \n   **Definizione**: Documento ufficiale approvato per ciascun medicinale veterinario, contenente informazioni su dosi, posologie, durata del trattamento e specie target. Rappresenta la base tecnica per la definizione delle DDDAit.  \n   **Categoria**: Regolamentazione farmaci  \n   **Contesto**: Definizione dei parametri nazionali  \n\n2. **Termine**: BDN (Banca Dati Nazionale)  \n   **Definizione**: Sistema informativo nazionale che raccoglie i dati anagrafici e produttivi degli allevamenti. Fornisce informazioni sulla biomassa animale utilizzate per i calcoli delle DDDAit e DCDAit.  \n   **Categoria**: Banche dati  \n   **Contesto**: Riferimento per ClassyFarm e farmacovigilanza  \n\n3. **Termine**: ClassyFarm  \n   **Definizione**: [Definizione da completare]  \n   **Categoria**: [Categoria da completare]  \n   **Contesto**: [Contesto da completare]', '**Categoria**: Indicatori di consumo  \n**Contesto**: Monitoraggio dei farmaci veterinari  \n\n---\n\n**Termine**: PCU  \n**Definizione**: Population Correction Unit. Unità di misura utilizzata da ESVAC per confrontare i consumi di antimicrobici tra i Paesi europei, basata sul rapporto tra la quantità di antimicrobico venduto e la biomassa animale a rischio (1 PCU = 1 kg di peso vivo).  \n**Categoria**: Indicatori internazionali  \n**Contesto**: Confronti ESVAC UE  \n\n---\n\n**Termine**: Principio attivo (PA)  \n**Definizione**: Sostanza chimica che produce l’effetto terapeutico di un medicinale veterinario. Nei sistemi di sorveglianza, il consumo viene calcolato sulla base dei milligrammi di principio attivo contenuti nei prodotti utilizzati.  \n**Categoria**: Farmaci veterinari  \n**Contesto**: Tracciabilità e calcolo DDDAit  \n\n---\n\n**Termine**: Animali a rischio', 'Il documento descrive i criteri di valutazione per i requisiti del controllo ufficiale, evidenziando le attività di osservazione e rilevazione svolte dal veterinario ufficiale in base a parametri stabiliti dalle normative. Queste attività sono classificate in diverse categorie di non conformità, come indicato nella Tabella 1.\n\nIn primo luogo, si distingue tra conformità e non conformità. Se un\'azienda è considerata conforme, non vengono intraprese azioni da parte dell\'autorità competente. \n\nNel caso di non conformità, le categorie sono suddivise come segue:\n\n1. **Categoria A (Non conformità minore)**: Se viene riscontrata una non conformità minore, l\'autorità competente richiede di rimediare entro un termine inferiore a tre mesi, senza applicare sanzioni amministrative o penali immediate.\n\n2. **Categoria B (Non conformità minore)**: Analogamente alla categoria A, ma in questo caso il termine per rimediare è superiore a tre mesi, mantenendo l\'assenza di sanzioni immediate.\n\n3. **Categoria C (Non conformità maggiore)**: In presenza di una non conformità maggiore, l\'autorità competente applica sanzioni amministrative o penali immediate.\n\n4. **Non applicabile (NA)**: Questa categoria indica situazioni in cui i requisiti non sono applicabili.\n\nInfine, è presente una categoria ""Ottimale"", che si riferisce a situazioni in cui i requisiti sono superati. In questo caso, le evidenze sono facoltative e possono essere aggiunte a quelle di conformità.', '**Categoria**: Procedure  \n**Contesto**: Raccolta dati ClassyFarm e BDN  \n\n**Domanda**: Cosa si intende per ""animali a rischio"" nel contesto del calcolo DDDAit?  \n**Risposta**: Gli ""animali a rischio"" sono definiti come quegli animali che possono essere esposti ai medicinali antimicrobici in un determinato periodo. La loro biomassa viene impiegata per normalizzare i consumi di antimicrobici e costituisce la base di calcolo per gli indicatori di consumo.  \n**Categoria**: Definizioni  \n**Contesto**: Classificazione degli animali a rischio  \n\n**Domanda**: Per quale motivo è fondamentale monitorare il consumo di antimicrobici negli allevamenti?  \n**Risposta**: Il monitoraggio del consumo di antimicrobici è essenziale per valutare l\'esposizione reale degli animali, analizzare le tendenze di utilizzo e prevenire la diffusione dell\'antimicrobico-resistenza, in conformità con il Piano Nazionale di Contrasto dell\'Antimicrobico-Resistenza (PNCAR).  \n**Categoria**: Avvertenze  \n**Contesto**: Obiettivi del monitoraggio', ""Il testo presenta i criteri di ammissibilità per l'intervento PD05-ECO1.2, suddivisi in due punti principali. \n\nIn primo luogo, i valori DDD devono essere uguali o inferiori alla mediana. In secondo luogo, se i valori DDD superano la mediana, è necessario che questi valori siano ridotti del 10% rispetto all'anno precedente.\n\nPer quanto riguarda la verifica di ammissibilità dell'intervento per gli anni di domanda 2023 e 2024, sono previsti specifici controlli. Questi controlli sono documentati nella comunicazione di AGEA, identificata con il protocollo Uscita N.0002664, datata 12 gennaio 2024. Questo protocollo è stato citato più volte, sottolineando l'importanza della documentazione per la verifica dell'intervento."", 'Ecco la riscrittura del testo in italiano professionale, mantenendo i dati tecnici:\n\n```json\n[\n  {\n    ""Domanda"": ""Cosa indica l\'acronimo DDDAit?"",\n    ""Risposta"": ""DDDAit sta per Defined Daily Dose Animal for Italy. Si riferisce alla dose in milligrammi di principio attivo necessaria per mantenere in trattamento un chilogrammo di peso vivo animale per un periodo di 24 ore. La DDDAit rappresenta una dose standard di riferimento, distinta dalla dose effettivamente somministrata, ed è definita in base al Riassunto delle Caratteristiche del Prodotto (RCP) dei farmaci veterinari."",\n    ""Categoria"": ""Definizioni"",\n    ""Contesto"": ""Indicatori di consumo antimicrobici""\n  },\n  {\n    ""Domanda"": ""Cosa si intende per DCDAit?"",\n    ""Risposta"": ""La DCDAit (Defined Course Dose Animal for Italy) rappresenta la quantità totale di principio attivo, espressa in milligrammi, necessaria per mantenere un chilogrammo di peso vivo sotto trattamento per l\'intero ciclo terapeutico. Essa viene calcolata moltiplicando la DDDAit per il numero di giorni previsti per il trattamento."",\n    ""Categoria"": ""Definizioni""\n  }\n]\n```', '[ASSISTENZA_TELEFONICA] Il documento presenta i criteri di valutazione per i requisiti del controllo ufficiale, evidenziando le attività di osservazione e rilevazione svolte dal veterinario ufficiale in base ai parametri stabiliti dalle normative. Queste attività sono classificate secondo una scala di non conformità, che determina le azioni intraprese dall\'autorità competente.\n\nLa prima categoria è quella dei casi ""Conformi"", indicata con ""SÌ"", per i quali non sono previste azioni. \n\nLa seconda categoria è la ""non conformità minore"" di tipo A, contrassegnata con ""no - categoria A"". In questo caso, l\'autorità competente richiede di rimediare alle non conformità entro un termine inferiore a tre mesi, senza applicare sanzioni amministrative o penali immediate.\n\nLa terza categoria è sempre una ""non conformità minore"", ma di tipo B, segnalata con ""no - categoria B"". Qui, l\'autorità competente richiede di rimediare alle non conformità entro un termine superiore a tre mesi, mantenendo l\'assenza di sanzioni amministrative o penali immediate.\n\nLa quarta categoria è la ""non conformità maggiore"", identificata con ""NO - categoria C"". In questo caso, l\'autorità competente applica una sanzione amministrativa o penale immediata.\n\nInfine, vi è la categoria ""Non Applicabile"" (NA), che non prevede azioni specifiche. Inoltre, è presente una categoria ""OTTIMALE"", che indica un livello superiore ai requisiti previsti. Questa è facoltativa e può essere considerata in aggiunta alla condizione di conformità, con la possibilità di fornire evidenze a supporto.', 'ecco la riscrittura del testo in italiano professionale mantenendo i dati tecnici json domanda cosa indica lacronimo dddait risposta dddait sta per defined daily dose animal for italy si riferisce alla dose in milligrammi di principio attivo necessaria per mantenere in trattamento un chilogrammo di peso vivo animale per un periodo di 24 ore la dddait rappresenta una dose standard di riferimento distinta dalla dose effettivamente somministrata ed è definita in base al riassunto delle caratteristiche del prodotto rcp dei farmaci veterinari categoria definizioni contesto indicatori di consumo antimicrobici domanda cosa si intende per dcdait risposta la dcdait defined course dose animal for italy rappresenta la quantità totale di principio attivo espressa in milligrammi necessaria per mantenere un chilogrammo di peso vivo sotto trattamento per lintero ciclo terapeutico essa viene calcolata moltiplicando la dddait per il numero di giorni previsti per il trattamento categoria definizioni', 'ecco la riscrittura del testo in italiano professionale mantenendo i dati tecnici json categoria avvertenze contesto obiettivi del monitoraggio domanda cosa si intende per principio attivo pa risposta il principio attivo pa è la sostanza chimica presente in un medicinale veterinario che genera l’effetto terapeutico nei calcoli dddait il pa è espresso in milligrammi e costituisce lunità fondamentale per la quantificazione dei consumi categoria definizioni contesto farmacosorveglianza veterinaria domanda come si calcola la quantità di principio attivo consumato risposta il sistema classyfarm effettua il calcolo automatico dei milligrammi di principio attivo contenuti nelle confezioni registrate avvalendosi dei dati forniti dall’autorizzazione all’immissione in commercio aic e dal riassunto delle caratteristiche del prodotto rcp categoria procedure contesto calcolo quantità principio attivo domanda cosa significa l’indicatore mg/pcu utilizzato da esvac', 'I criteri di valutazione per i requisiti del controllo ufficiale prevedono che le attività di osservazione e rilevazione da parte del veterinario ufficiale siano suddivise in diverse categorie di non conformità, come indicato nella Tabella 1.\n\nIn primo luogo, si distingue la situazione di conformità, indicata con ""SÌ"", per la quale non sono necessarie azioni da parte dell\'autorità competente. \n\nIn caso di non conformità, le categorie sono le seguenti:\n\n1. **Categoria A (Non conformità minore)**: In questo caso, l\'autorità competente richiede di rimediare alle non conformità entro un termine inferiore a tre mesi, senza applicare sanzioni amministrative o penali immediate.\n\n2. **Categoria B (Non conformità minore)**: Qui, l\'autorità competente richiede di rimediare alle non conformità, ma concede un termine superiore a tre mesi, mantenendo l\'assenza di sanzioni amministrative o penali immediate.\n\n3. **Categoria C (Non conformità maggiore)**: In questa situazione, l\'autorità competente applica sanzioni amministrative o penali immediate.\n\nInfine, esiste anche la categoria ""NA"" (Non applicabile), che indica che la situazione non è pertinente. \n\nIn aggiunta, è prevista una condizione ""OTTIMALE"", che si riferisce a situazioni superiori ai requisiti previsti. Questa condizione è facoltativa e può essere considerata in aggiunta alla conformità. \n\nLe evidenze relative a queste valutazioni sono documentate per garantire la trasparenza e la tracciabilità delle azioni intraprese.']","Nel contesto documentale recuperato, l'acronimo OdC si riferisce all'Ordine dei Commercialisti. Tuttavia, non sono disponibili ulteriori dettagli specifici su questo termine nel materiale fornito.",OdC si intende l’organismo di certificazione.,1.0,0.0,,0.0,0.15856927963418782,OK,True
Cosa mi serve per inserire i dati di valutazione del Benessere Animale e della Biosicurezza tramite app?,"[""Si ricorda che il caricamento della valutazione del benessere nel sistema deve essere effettuato utilizzando un dispositivo mobile o fisso con sistema operativo Android®, iOS (Apple®) o Windows®. Si informa inoltre che sarà disponibile una guida grafica per facilitare la compilazione delle check-list tramite l'applicativo, accessibile sul sito www.classyfarm.it."", ""Prima di iniziare a inserire i dati di valutazione del Benessere Animale e della Biosicurezza tramite l'app ClassyFarm 2.0, è necessario seguire alcune indicazioni fondamentali. \n\nInnanzitutto, è indispensabile essere in possesso delle credenziali VETINFO, che possono essere ottenute visitando il sito www.vetinfo.it. \n\nIn secondo luogo, per i Veterinari Aziendali, è richiesto di essere iscritti all'Elenco Pubblico Nazionale dei Veterinari Aziendali, gestito dalla FNOVI. \n\nPer quanto riguarda i Veterinari Incaricati, secondo l'aggiornamento della Nota Ministeriale 0016001-16/07/2020-DGSAF-MDS-P, non è necessaria l'iscrizione all'Elenco FNOVI. Tuttavia, è obbligatorio aver completato un corso di veterinario aziendale e aver seguito un percorso di formazione specifico, che includa argomenti pertinenti alla specie animale oggetto di valutazione."", ""Il testo descrive il processo di inserimento dei dati nel programma ClassyFarm, utilizzato per valutare il benessere degli animali da reddito, in particolare per l'allevamento di suini riproduttori. \n\nLa valutazione del benessere animale può essere effettuata attraverso due modalità: una cartacea e una informatizzata, utilizzando un tablet o un computer. In entrambe le modalità, si fa riferimento a una check-list specifica per l'allevamento dei suini, che è composta da 71 item.\n\nPer inserire i dati, è necessario accedere all'applicativo ClassyFarm tramite VETINFO, utilizzando le credenziali consuete, previa abilitazione. È importante notare che l'ultima versione della check-list cartacea, insieme al manuale e ad altri documenti necessari, è disponibile in formato PDF sul sito ufficiale di ClassyFarm.\n\nInfine, si sottolinea che il caricamento della valutazione del benessere nel sistema deve essere effettuato seguendo le procedure indicate."", ""**118**\n\n**INSERIMENTO DEI DATI NEL PROGRAMMA CLASSYFARM PER LA VALUTAZIONE DEL BENESSERE NELL'ALLEVAMENTO DEGLI ANIMALI DA REDDITO**\n\n**APPLICAZIONE DEL SISTEMA E INSERIMENTO DEI DATI PER IL CALCOLO DEL LIVELLO DI BENESSERE/INDICE DI RISCHIO**\n\nLa valutazione del benessere animale in allevamento, attraverso le procedure delineate in questo manuale, può essere effettuata utilizzando due modalità: cartacea e informatizzata, tramite tablet o PC. In entrambe le opzioni, si utilizza la check-list per l'allevamento suino da ingrasso, composta da 50 elementi.\n\nI dati devono essere inseriti tramite l'applicativo ClassyFarm, accedendo attraverso VETINFO con le consuete credenziali, previa abilitazione. L'ultima versione di ogni check-list cartacea, il presente manuale e tutta la documentazione necessaria sono disponibili in formato .pdf sul sito https://www.classyfarm.it.\n\nSi ricorda che il caricamento della valutazione del benessere nel sistema deve avvenire utilizzando un..."", ""**116**\n\n**INSERIMENTO DEI DATI NEL PROGRAMMA CLASSYFARM PER LA VALUTAZIONE DEL BENESSERE NELL'ALLEVAMENTO DEGLI ANIMALI DA REDDITO**\n\n**APPLICAZIONE DEL SISTEMA E INSERIMENTO DEI DATI PER IL CALCOLO DEL LIVELLO DI BENESSERE/INDICE DI RISCHIO**\n\nLa valutazione del benessere animale in allevamento, attraverso le procedure delineate in questo manuale, può essere effettuata utilizzando due modalità: cartacea e informatizzata, tramite tablet o PC. In entrambe le opzioni, si utilizza la check-list per l'allevamento suino da ingrasso e svezzamento, composta da 53 elementi.\n\nI dati devono essere inseriti tramite l'applicativo ClassyFarm, accedendo attraverso VETINFO con le consuete credenziali, previa abilitazione. L'ultima versione di ogni check-list cartacea, il presente manuale e tutta la documentazione necessaria sono disponibili in formato .pdf sul sito https://www.classyfarm.it.\n\nSi ricorda che il caricamento della valutazione del benessere nel sistema deve avvenire utilizzando un..."", ""Il caricamento della valutazione del benessere nel sistema deve essere effettuato utilizzando un dispositivo mobile o fisso. È possibile utilizzare dispositivi con sistema operativo Android®, iOS (Apple®) o Windows®. Inoltre, sarà disponibile una guida grafica che assisterà gli utenti nella compilazione delle check-list tramite l'applicativo. Questa guida sarà accessibile sul sito www.classyfarm.it."", ""### Guida all'Inserimento della Check-list per il Benessere Riproduttori nel Sistema Integrato «ClassyFarm»\n\n#### Prima di Iniziare\n\nPer procedere con l'inserimento dei dati relativi alla valutazione del Benessere Animale e della Biosicurezza tramite l'app, è fondamentale che sia il Medico Veterinario Aziendale che il Medico Veterinario Incaricato abbiano a disposizione alcuni documenti essenziali. Questi documenti possono essere presentati in forma di foto o scansione e sono necessari per associarsi all'allevamento. \n\nI documenti richiesti sono i seguenti:\n\n1. **Documento di identità personale** del veterinario.\n2. **Documento di identità dell'allevatore**.\n3. **Modulo di richiesta di associazione all'operatore** (modulo di autorizzazione), che deve essere compilato in ogni sua parte e firmato sia dal veterinario che dall'allevatore. Questo modulo è disponibile per il download sul sito ufficiale di ClassyFarm, www.classyfarm.it.\n\nÈ importante notare che esistono due moduli di associazione distinti: uno specifico per il Medico Veterinario Aziendale e l'altro per il Medico Veterinario Incaricato. \n\n#### Moduli di Richiesta di Associazione\n\n- **Modulo di richiesta di associazione per il Medico Veterinario Aziendale**\n- **Modulo di richiesta di associazione per il Medico Veterinario Incaricato** \n\nAssicurati di avere tutti i documenti pronti prima di iniziare il processo di associazione."", 'Il sistema integrato ""ClassyFarm"" offre una guida per l\'inserimento della check-list relativa al benessere degli animali durante le fasi di svezzamento e ingrasso. Prima di iniziare il processo di inserimento dei dati di valutazione del benessere animale e della biosicurezza tramite l\'app, è fondamentale che sia il Medico Veterinario Aziendale che il Medico Veterinario Incaricato dispongano di alcuni documenti necessari per associarsi all\'allevamento.\n\nI documenti richiesti includono:\n\n1. Un documento di identità personale del veterinario.\n2. Un documento di identità dell\'allevatore.\n3. Il ""Modulo di richiesta di associazione all\'operatore"", che deve essere compilato in tutte le sue parti e firmato sia dal veterinario che dall\'allevatore. Questo modulo è disponibile per il download sul sito www.classyfarm.it.\n\nÈ importante notare che esistono due moduli di associazione distinti: uno specifico per il Medico Veterinario Aziendale e l\'altro per il Medico Veterinario Incaricato.', 'Nel contesto della gestione del benessere animale, è emerso che la mancanza di adeguate procedure di biosicurezza espone gli animali a un rischio maggiore di disagio, sia a causa di nuove infezioni che per la diffusione di quelle già esistenti. Questo può compromettere la loro integrità fisica e psichica. \n\nPer affrontare questa problematica, è stata introdotta un\'ulteriore valutazione nell\'Area A, dedicata al ""Management aziendale e personale"", della check-list ClassyFarm. Questa valutazione si concentra sulle condizioni derivanti dal punteggio ottenuto per la biosicurezza all\'interno dello stesso allevamento. \n\nIl valore relativo a questa valutazione è rappresentato dall\'item denominato ""Biosicurezza"", che costituisce l\'ultimo quesito dell\'Area A del benessere animale. È importante notare che questo item viene completato automaticamente dal sistema ClassyFarm, in seguito all\'analisi dei dati raccolti durante la valutazione della biosicurezza.', ""[ASSISTENZA_TELEFONICA] La valutazione del benessere animale deve fondarsi su un'analisi approfondita di diversi fattori legati alle condizioni di vita degli animali. È essenziale considerare il rispetto dei loro fabbisogni e la loro capacità di adattamento all'ambiente in cui vivono. Per garantire un'analisi accurata, tutte queste condizioni devono essere registrate e valutate attraverso indicatori specifici. I risultati ottenuti devono essere analizzati utilizzando un metodo il più obiettivo e scientifico possibile.\n\nIn sostanza, la valutazione del benessere animale rappresenta un compito complesso, che richiede di distaccarsi dall'approccio sanitario, zootecnico o affettivo che normalmente si adotta quando si interagisce con gli animali da reddito. \n\nPer affrontare questa sfida, il Ministero della Salute, con il supporto del CReNBA, ha sviluppato nuove check-list destinate ai veterinari aziendali. Questi strumenti sono stati creati in conformità con le normative vigenti sulla protezione degli animali negli allevamenti e si basano sulle più recenti e autorevoli conoscenze scientifiche. L'obiettivo di queste check-list è quello di facilitare la valutazione del benessere animale in modo sistematico e rigoroso."", 'Il documento fornisce indicazioni per l\'inserimento della check-list relativa al benessere degli animali durante le fasi di svezzamento e ingrasso, utilizzando il sistema integrato ""ClassyFarm"". \n\nIn primo luogo, si sottolinea che, se si utilizzano i contatori per la valutazione del gruppo, è necessario inserire a priori il numero di animali valutati nell\'apposito campo in alto a sinistra. Una volta fatto ciò, il sistema assegnerà automaticamente la risposta a tutti gli item della sezione che richiedono la valutazione del gruppo. Questi item includono aspetti come la pulizia degli animali, le lesioni alla coda, le lesioni alle orecchie e il numero di animali sottopeso.\n\nÈ importante notare che, per gli item che dispongono del contatore, se si desidera inserire manualmente la risposta, è fondamentale non aprire il contatore. Qualora il contatore fosse già stato aperto e i dati inseriti, per cancellare la risposta automatica e consentire l\'inserimento manuale, è necessario seguire alcuni passaggi. Prima di tutto, bisogna azzerare il numero di animali valutati in alto a sinistra. Successivamente, si deve riaprire il contatore e inserire zero per ciascuna voce all\'interno del contatore che si desidera ""resettare"".\n\nInfine, il documento conclude con un riferimento alla compilazione del controllo dei contatori, evidenziando l\'importanza di seguire queste istruzioni per garantire una corretta valutazione del benessere degli animali.', 'prima di iniziare a inserire i dati di valutazione del benessere animale e della biosicurezza tramite lapp classyfarm 2 0 è necessario seguire alcune indicazioni fondamentali innanzitutto è indispensabile essere in possesso delle credenziali vetinfo che possono essere ottenute visitando il sito www vetinfo it in secondo luogo per i veterinari aziendali è richiesto di essere iscritti allelenco pubblico nazionale dei veterinari aziendali gestito dalla fnovi per quanto riguarda i veterinari incaricati secondo laggiornamento della nota ministeriale 0016001 16/07/2020 dgsaf mds p non è necessaria liscrizione allelenco fnovi tuttavia è obbligatorio aver completato un corso di veterinario aziendale e aver seguito un percorso di formazione specifico che includa argomenti pertinenti alla specie animale oggetto di valutazione', 'dashboard **classificazione delle aziende sulla base del rischio in classyfarm elaborazione dati e riepilogo dei punti critici rilevati nella valutazione del benessere animale e della biosicurezza** una volta completata la valutazione del benessere animale e della biosicurezza allinterno di classyfarm è possibile scaricare tramite i cruscotti di business intelligence dashboard due documenti intitolati “elaborazione dati e riepilogo delle criticità rilevate nella valutazione del rischio ai fini del benessere nella specie ovina” e “elaborazione dati e riepilogo delle criticità rilevate nella valutazione del rischio ai fini della biosicurezza nella specie ovina” questi documenti possono essere utilizzati per diverse esigenze operative e forniranno un riepilogo dettagliato dei risultati ottenuti in particolare il documento “elaborazione dati e riepilogo delle criticità rilevate nella valutazione del rischio ai fini del benessere nella specie ovina” conterrà ▪ le informazioni anagrafiche dell’allevamento', ""Il testo discute i parametri di valutazione del benessere animale, evidenziando che molti di essi sono comuni a tutte le tipologie di allevamenti, mentre altri variano notevolmente a causa delle specifiche strutture e attrezzature utilizzate. Queste differenze saranno descritte in modo contestuale. Inoltre, si sottolinea che l'accesso alle procedure del manuale e al programma di elaborazione dei dati è riservato esclusivamente ai veterinari che hanno completato con successo un corso specifico per Valutatori del benessere animale, organizzato dai referenti della sanità pubblica regionale e dagli Istituti Zooprofilattici Sperimentali (IIZZSS) territoriali."", 'il documento intitolato classificazione delle aziende sulla base del rischio in classyfarm si concentra sullelaborazione dei dati e sul riepilogo dei punti critici emersi nella valutazione del benessere animale e della biosicurezza dopo aver inserito le valutazioni relative al benessere e alla biosicurezza nel sistema classyfarm è possibile accedere a due documenti scaricabili tramite i cruscotti di business intelligence questi documenti sono 1 **elaborazione dati e riepilogo delle criticità rilevate nella valutazione del rischio ai fini del benessere nella specie bovina** 2 **elaborazione dati e riepilogo delle criticità rilevate nella valutazione del rischio ai fini della biosicurezza nella specie bovina** entrambi i documenti sono utili per diverse necessità operative e forniscono un riepilogo dettagliato dei risultati ottenuti in particolare il primo documento dedicato al benessere animale include le indicazioni anagrafiche dell’allevamento']","Per inserire i dati di valutazione del Benessere Animale e della Biosicurezza tramite l'app ClassyFarm, hai bisogno di:

1. **Credenziali VETINFO**: Puoi ottenerle visitando il sito [www.vetinfo.it](http://www.vetinfo.it).
2. **Documenti necessari**:
   - Documento di identità personale del veterinario.
   - Documento di identità dell'allevatore.
   - Modulo di richiesta di associazione all'operatore, compilato e firmato da entrambi (disponibile per il download su [www.classyfarm.it](http://www.classyfarm.it)).

Inoltre, è importante che i Veterinari Aziendali siano iscritti all'Elenco Pubblico Nazionale dei Veterinari Aziendali, mentre i Veterinari Incaricati devono aver completato un corso di veterinario aziendale e un percorso di formazione specifico.","Prima di inserire i dati di valutazione, sia per il medico veterinario aziendale sia per il medico veterinario incaricato è necessario avere a disposizione, in formato foto o scansione, il documento di identità, il documento di identità dell’allevatore e il modulo di richiesta di associazione all’operatore compilato e firmato da veterinario e allevatore. Sono disponibili due moduli distinti, uno per il veterinario aziendale e uno per il veterinario incaricato.",1.0,0.6242913779135871,,1.0,0.3977464560807792,OK,True
Come faccio ad associarmi all’allevamento?,"[""Per associarsi all'allevamento nel sistema integrato «ClassyFarm», seguire questi passaggi:\n\n1. Dopo aver scelto il proprio ruolo, cliccare su «Selezione Azienda».\n2. Procedere cliccando su «Nuovo Allevamento».\n3. Inserire il codice aziendale e poi cliccare su «Verifica».\n4. Cliccando su «Dettagli», è possibile visualizzare le informazioni relative all'allevamento, come la ragione sociale, la partita IVA e l'indirizzo.\n5. Selezionare la checklist che deve essere compilata per l'allevamento scelto. Si noti che, nel caso si disponga di un veterinario aziendale, il passaggio 4 non è necessario."", '**ISTRUZIONI PER L\'ASSOCIAZIONE DI UN ALLEVAMENTO**\n\nPrima di procedere con l\'inserimento della checklist, è fondamentale associare l\'allevamento di interesse.\n\n1. Cliccare sul pulsante ""Nuovo Allevamento"".\n2. Inserire il codice dell\'allevamento, quindi cliccare sul pulsante ""Verifica"" e selezionare l\'allevamento da associare.', '**21  \nASSOCIAZIONE DI UN ALLEVAMENTO**  \nQuesta operazione è necessaria esclusivamente per il Veterinario Incaricato e il Veterinario Aziendale.\n\n1. Accedere a ClassyFarm e selezionare l\'opzione ""Selezione Azienda"".\n2. Cliccare sul pulsante ""Nuovo Allevamento"".\n3. Inserire il codice dell\'allevamento, cliccare sul pulsante ""Verifica"" e selezionare l\'allevamento da associare.\n4. Scegliere le tipologie di questionario che si desidera compilare tramite il menu a tendina.\n5. Caricare i documenti richiesti (si consiglia di utilizzare file in formato PDF; il modulo di autorizzazione è scaricabile al seguente link: https://www.classyfarm.it/index.php/register-it) e cliccare sul pulsante ""Conferma"" in fondo alla pagina.', 'Per associarsi all\'allevamento nel sistema integrato ""ClassyFarm"" e procedere con l\'inserimento della check-list per il benessere dei riproduttori, seguire i seguenti passaggi:\n\n1. Dopo aver scelto il proprio ruolo, cliccare su ""Selezione Azienda"".\n2. Selezionare l\'opzione ""Nuovo Allevamento"".\n3. Inserire il codice aziendale e cliccare su ""Verifica"".\n4. Cliccando su ""Dettagli"", sarà possibile visualizzare le informazioni relative all\'allevamento, come la ragione sociale, la partita IVA e l\'indirizzo.\n5. Infine, selezionare la check-list che deve essere compilata per l\'allevamento scelto. Si noti che, nel caso in cui si disponga di un veterinario aziendale, il passaggio 4 non è necessario.', ""Il sistema integrato «ClassyFarm» offre una guida per l'inserimento della check-list sull'app. Per associarsi all'allevamento, è necessario seguire alcuni passaggi. Innanzitutto, bisogna caricare tutti i documenti richiesti, che includono il documento di identità del veterinario, il documento di identità dell'allevatore e il modulo di autorizzazione, noto come «Modulo di richiesta di associazione». Una volta completata questa fase, si deve cliccare su «Conferma» per finalizzare il processo di associazione."", 'Il sistema integrato ""ClassyFarm"" offre una guida per l\'inserimento della check-list relativa al benessere durante le fasi di svezzamento e ingrasso. Per associarsi all\'allevamento, è necessario seguire alcuni passaggi. Innanzitutto, bisogna caricare tutti i documenti richiesti, che includono il documento di identità del veterinario, il documento di identità dell\'allevatore e il modulo di autorizzazione, noto come ""Modulo di richiesta di associazione"". Una volta completata questa fase, si deve cliccare su ""Conferma"" per finalizzare il processo di associazione.', 'Il sistema integrato ""ClassyFarm"" offre una guida per l\'inserimento della check-list per la valutazione del rischio relativo al taglio della coda. Per procedere, è necessario seguire alcuni passaggi.\n\nInnanzitutto, è importante cliccare sul pulsante ""Conferma"". Successivamente, per associarsi all\'allevamento, è richiesto di caricare tutti i documenti necessari. Questi documenti includono:\n\n- Il documento di identità del veterinario.\n- Il documento di identità dell\'allevatore.\n- Il modulo di autorizzazione, noto anche come ""Modulo di richiesta di associazione"".\n\nSeguendo queste indicazioni, sarà possibile completare il processo di associazione all\'allevamento.', 'Il sistema integrato ""ClassyFarm"" offre una guida per l\'inserimento della check-list relativa al benessere dei riproduttori. Per associarsi all\'allevamento, è necessario seguire alcuni passaggi. Innanzitutto, è fondamentale caricare tutti i documenti richiesti, che includono il documento di identità del veterinario, il documento di identità dell\'allevatore e il modulo di autorizzazione, noto come ""Modulo di richiesta di associazione"". Una volta completata questa fase, si deve cliccare su ""Conferma"" per finalizzare il processo di associazione.', ""**PAG**  \nSistema Integrato «ClassyFarm» - Guida per Delegati Operatori - Filiera o Gruppo  \n\n**Procedura per l'abbinamento all'allevamento:**  \n1. Dopo aver selezionato il profilo, cliccare su «Selezione Azienda».  \n2. Cliccare su «Nuovo Allevamento».  \n3. Inserire il codice aziendale e cliccare su «Verifica».  \n\n**CARICAMENTO DELEGA**  \n1. Cliccando su «Dettagli», è possibile visualizzare le informazioni relative all'allevamento (Ragione sociale, Partita IVA, Indirizzo, ecc.).  \n(N.B. Se sono presenti più allevamenti, è necessario SELEZIONARE l'allevamento desiderato dall'elenco fornito in base al codice aziendale.)"", '1. Cliccare su ""Nuovo Allevamento"".\n2. Inserire il codice aziendale (es. 001XX001) e fare clic su ""Verifica"".\n   - Il sistema recupererà automaticamente i dati dell\'allevamento.\n3. Selezionare l\'Azienda.', '1. Selezionare l\'allevamento di interesse nella parte superiore sinistra dello schermo.  \nNota Bene: Gli allevamenti visualizzati nel menu a tendina sono quelli precedentemente associati nella sezione ""Selezione Azienda"".  \n\n2. Procedere quindi alla compilazione del questionario.  \n\n**Compilazione del Questionario**  \nÈ possibile inserire il codice dell\'allevamento manualmente oppure selezionarlo dal menu a tendina.', 'Il sistema integrato ""ClassyFarm"" offre una guida per l\'inserimento della check-list di valutazione del rischio relativo al taglio della coda. Per associarsi a un allevamento, è necessario seguire alcuni passaggi. \n\nIn primo luogo, dopo aver scelto il proprio ruolo, bisogna cliccare su ""Selezione Azienda"". Successivamente, si deve selezionare l\'opzione ""Nuovo Allevamento"". A questo punto, è necessario inserire il codice aziendale e cliccare su ""Verifica"". \n\nUna volta completata questa fase, è possibile cliccare su ""Dettagli"" per controllare i dati dell\'allevamento, come la ragione sociale, la partita IVA e l\'indirizzo. Infine, si deve selezionare la check-list che dovrà essere compilata per quell\'allevamento. È importante notare che, nel caso in cui si disponga di un veterinario aziendale, il passaggio di selezione della check-list non è necessario.', '** 4 checklist per la valutazione della biosicurezza altre specie > 250 capi controllo ufficiale rev_2024** **note ** * stabilito dal decreto ministeriale del 30 maggio 2023 “modalità applicative delle misure di biosicurezza negli allevamenti avicoli” ** ** stabilito dal decreto ministeriale del 30 maggio 2023 ma con disciplina specifica in deroga **centro di imballaggio/centro lavorazione uova/deposito annesso ad allevamento** 11 2 è presente un centro di imballaggio funzionalmente e strutturalmente annesso all’allevamento si no na **note ** 11 3 è presente un lavandino dotato di sapone e asciugamano nella sala uova* si no na **note ** 11 4 non riceve e lavora uova anche da altri allevamenti di volatili e/o centri di imballaggio** si no na **note ** 11 5 per l’imballaggio e il trasporto delle uova da consumo viene utilizzato esclusivamente materiale monouso o materiale lavabile e disinfettabile* si no na **note ** 11 6', '**tutte le fasi di carico e scarico devono avvenire in questarea** si no na note **10 caratteristiche strutturali dell’allevamento** **quesiti specifici per allevamenti ad indirizzo svezzamento >250** **anticamera capannoni** **10 1** la dogana danese è presente e correttamente utilizzata* si no na note **10 2** l’anticamera dei capannoni si presenta al momento del controllo priva di macchinari attrezzature o oggetti non funzionali all’allevamento si no na note **10 3** presenza di calzature dedicate per ogni singolo capannone stanza * si no na note **strutture capannoni** **10 4** presenza di adeguate chiusure dei capannoni stanze serrature lucchetti ecc si no na note **10 5** pavimento pareti e soffitti sono lavabili disinfettabili e mantenuti in buono stato di manutenzione* si no na note **10 6** sono presenti adeguati sistemi volti a impedire l’accesso ai volatili es reti antipassero cupolino protetto su tutte le aperture del capannone* si no na note **10 7**', ""**ISTRUZIONI PER L'ASSOCIAZIONE DI UN ALLEVAMENTO**\n\n1. Caricare i documenti richiesti (si consiglia di utilizzare file in formato PDF) e fare clic sul pulsante di conferma situato in fondo alla pagina.\n2. Nel menu a tendina, assicurarsi che tutte le checklist disponibili siano selezionate.""]","Per associarti all'allevamento nel sistema integrato «ClassyFarm», segui questi passaggi:

1. **Seleziona il tuo ruolo**: Accedi al sistema e clicca su «Selezione Azienda».
2. **Crea un nuovo allevamento**: Clicca su «Nuovo Allevamento».
3. **Inserisci il codice aziendale**: Digita il codice dell'allevamento e clicca su «Verifica».
4. **Visualizza i dettagli**: Cliccando su «Dettagli», puoi controllare le informazioni relative all'allevamento, come la ragione sociale, la partita IVA e l'indirizzo. (Nota: Se hai un veterinario aziendale, questo passaggio non è necessario.)
5. **Seleziona la checklist**: Scegli la checklist che deve essere compilata per l'allevamento scelto.
6. **Carica i documenti richiesti**: Assicurati di caricare tutti i documenti necessari, che includono:
   - Il documento di identità del veterinario.
   - Il documento di identità dell'allevatore.
   - Il modulo di autorizzazione, noto come «Modulo di richiesta di associazione».
7. **Conferma l'associazione**: Clicca sul pulsante «Conferma» in fondo alla pagina per finalizzare il processo di associazione.

Seguendo questi passaggi, potrai completare l'associazione all'allevamento nel sistema «ClassyFarm».","Per associarsi all’allevamento, una volta selezionato il ruolo bisogna cliccare su ""Seleziona azienda"", poi su ""Nuovo allevamento"", inserire il codice aziendale e cliccare su ""Verifica"". Solo per il veterinario incaricato è necessario selezionare la checklist che verrà compilata per l’allevamento selezionato. Infine si caricano i documenti richiesti (documento di identità, documento di identità dell’allevatore, modulo di autorizzazione) e si clicca su ""Conferma"".",1.0,0.7269630045083149,,1.0,0.9648853219065124,OK,True
"Perché se clicco su ""Visualizza"" in una bozza non me lo fa modificare?","['**SISTEMA QUESTIONARI**\n\nPer alcuni questionari, dopo la generazione del documento in formato PDF, è possibile visualizzarlo selezionando l\'opzione ""Azioni"" e successivamente ""Documenti"". \n\n**VISUALIZZAZIONE DEL DOCUMENTO**', 'Il pulsante ""Visualizza"" consente esclusivamente di visualizzare le risposte selezionate nel questionario prima del salvataggio.  \nPer continuare la compilazione, fare clic su ""Modifica"".  \nEsito della valutazione salvato come bozza.', 'Il pulsante ""Visualizza"" consente esclusivamente di visualizzare il questionario.  \nPer continuare la compilazione, è necessario cliccare su ""Modifica"".  \nPiano di Rientro salvato come bozza.', 'Il pulsante «Visualizza» permette esclusivamente di visualizzare le risposte selezionate nel questionario prima del salvataggio. \n\nQuestionario salvato come bozza \n(per continuare la compilazione, cliccare su «Modifica») \n14', ""**Questionario Salvato in Bozza**\n\nQualora il questionario sia stato salvato come bozza, per riprendere la compilazione è necessario selezionare l'opzione «Storico» e successivamente «Modifica».  \n1.  \n2.  \n13"", ""25  \n2.  \n3. Selezionare l'esito della valutazione da modificare, cliccare su «Modifica» e successivamente salvare l'esito della valutazione in bozza."", 'Riprendere la compilazione di una checklist salvata come bozza.', '**SISTEMA QUESTIONARI**\n\nSelezionare il questionario di interesse, quindi cliccare su ""Azioni"" e successivamente su ""Modifica"". \n\n**MODIFICA DI UN QUESTIONARIO**', ""Se l'esito della valutazione è stato salvato come bozza, per riprendere la compilazione seguire i seguenti passaggi:\n\n1. Cliccare su «Esito Valutazione».\n2. Individuare la specie di interesse, cliccare su di essa e successivamente selezionare «Storico».\n\nEsito della valutazione salvato in bozza: 24."", 'Riprendere la compilazione di un Esito di Valutazione salvato in bozza.  \n23', '**Checklist Salvata in Bozza**\n\n3. Selezionare il questionario da modificare, fare clic su e poi su «Modifica».  \n21', '3. Individuare il Piano di Rientro da modificare, fare clic su «Modifica». Piano di Rientro salvato in bozza.', '3 individuare il piano di rientro da modificare fare clic su modifica piano di rientro salvato in bozza', '25 2 3 selezionare lesito della valutazione da modificare cliccare su modifica e successivamente salvare lesito della valutazione in bozza', 'il pulsante visualizza consente esclusivamente di visualizzare il questionario per continuare la compilazione è necessario cliccare su modifica piano di rientro salvato come bozza']","Cliccando su ""Visualizza"" in una bozza, non puoi modificare il questionario perché questa funzione è progettata esclusivamente per visualizzare le risposte selezionate prima del salvataggio. Per continuare la compilazione e apportare modifiche, è necessario cliccare su ""Modifica"" (come indicato nei documenti [2](#) e [3](#)).","Se si clicca sul pulsante ""Visualizza"" quando è selezionata una bozza, il sistema permette solo di visualizzare il questionario senza poter apportare modifiche. Per completare o modificare il questionario o la checklist, dopo aver selezionato la bozza di interesse, è necessario cliccare su ""Modifica"".",0.75,0.4345065225480553,,1.0,0.6296296613661068,OK,True
"Cosa vogliono dire Q1, Q2, Q3, Q4 nei cruscotti?","['[DASHBOARD] **PAG**  \nSistema Integrato «ClassyFarm» - Guida per Delegati Operatori - Filiera o Gruppo  \n**CRUSCOTTI - RISULTATI**  \n16  \n\nPer accedere ai cruscotti interattivi:  \n- Accedere a VETINFO  \n- Selezionare ClassyFarm → ClassyFarm 2.0  \n- Selezionare il PROFILO  \n- Cliccare su Dashboard  \n\n1. Consultare la GUIDA AI CRUSCOTTI INTERATTIVI al seguente link: www.classyfarm.it', '[DASHBOARD] **PAG**  \nSistema Integrato «ClassyFarm» - Guida per Delegati Operatori - Filiera o Gruppo  \n**CRUSCOTTI - RISULTATI**  \n29  \n\nPer accedere ai cruscotti interattivi:  \n- Accedere a VETINFO  \n- Selezionare ClassyFarm → ClassyFarm 2.0  \n- Scegliere il profilo  \n- Cliccare su Dashboard  \n\n1. Consultare la GUIDA AI CRUSCOTTI INTERATTIVI al seguente link: www.classyfarm.it', '[DASHBOARD] **PAG**  \nSistema Integrato «ClassyFarm» - Guida per Delegati Operatori - Filiera o Gruppo  \n**CRUSCOTTI - RISULTATI**  \n21  \n\nPer accedere ai cruscotti interattivi:  \n- Accedere a VETINFO  \n- Selezionare ClassyFarm → ClassyFarm 2.0  \n- Selezionare il PROFILO  \n- Cliccare su Dashboard  \n\n1. Consultare la GUIDA AI CRUSCOTTI INTERATTIVI al seguente link: www.classyfarm.it', 'Per accedere ai cruscotti, ai risultati e ai report, è importante seguire alcuni passaggi. Se richiesto, sarà necessario abilitare Flash Player per il browser in uso. Per farlo, cliccare su ""Enable or Install"".', ""[DASHBOARD] Le soglie che delimitano il passaggio tra i quartili sono indicate di seguito. Si avvisa che il cruscotto viene aggiornato trimestralmente; pertanto, selezionando l'anno corrente, i dati potrebbero risultare parziali e riferirsi esclusivamente ai mesi specificati nell'apposito riquadro (ad esempio, 2023 - 9 M = primi nove mesi del 2023). \n\nFARMACO BIOMASSA - AGGREGATO."", ""**www.classyfarm.it**\n\n**Quartili e Mediana**\n\nIn statistica, i quartili sono valori che suddividono una distribuzione ordinata di elementi in quattro parti uguali. Il primo quartile (Q1) comprende il 25% degli allevamenti selezionati, così come il secondo quartile (Q2), il terzo quartile (Q3) e il quarto quartile (Q4). La mediana, che rappresenta il valore centrale nella distribuzione ordinata, separa il secondo quartile dal terzo quartile.\n\nPer facilitare l'interpretazione dei dati di ClassyFarm relativi alla valutazione del benessere animale e della biosicurezza, come illustrato nel grafico allegato, il primo quartile (Q1) include il 25% degli allevamenti con i punteggi più elevati, mentre il quarto quartile (Q4) comprende il 25% degli allevamenti con i punteggi più bassi."", ""**www.classyfarm.it**\n\n**Quartili e Mediana**\n\nIn statistica, i quartili sono valori che suddividono una distribuzione ordinata di elementi in quattro parti uguali. Il primo quartile (Q1) comprende il 25% degli allevamenti selezionati, così come il secondo quartile (Q2), il terzo quartile (Q3) e il quarto quartile (Q4). La mediana, che rappresenta il valore centrale nella distribuzione ordinata, separa il secondo quartile dal terzo quartile.\n\nPer facilitare l'interpretazione dei dati di ClassyFarm relativi alla valutazione del benessere animale e della biosicurezza, come illustrato nel grafico allegato, il primo quartile (Q1) include il 25% degli allevamenti con i punteggi più elevati (Miglior benessere). Al contrario, il quarto quartile (Q4) comprende il 25% degli allevamenti con i punteggi più bassi (Peggior benessere)."", ""**www.classyfarm.it**  \n**IL SISTEMA CLASSYFARM**  \n**QUARTILI e MEDIANA**  \n\nIn statistica, i quartili sono valori che suddividono una distribuzione ordinata di elementi in quattro parti uguali. Il primo quartile (Q1) comprende il 25% degli allevamenti selezionati, così come il secondo (Q2), il terzo (Q3) e il quarto (Q4) quartile. Il secondo quartile è separato dal terzo quartile dalla mediana, che rappresenta il valore centrale nella distribuzione ordinata.\n\nPer facilitare l'interpretazione dei dati di ClassyFarm relativi alla valutazione del benessere animale e della biosicurezza, come illustrato nel grafico allegato, il primo quartile (Q1) include il 25% degli allevamenti con i punteggi più elevati. Al contrario, il quarto quartile (Q4) comprende il 25% degli allevamenti con i punteggi più bassi."", ""Ecco l'elenco strutturato discorsivo basato sulla tabella fornita:\n\n- 156\n- 17 (ripetuto 3 volte)\n- 18 (ripetuto 3 volte)\n- 19a (ripetuto 3 volte)\n- 19b (ripetuto 3 volte)\n- 20a\n- 20b\n- 21a (ripetuto 3 volte)\n- 21b\n- 22a (ripetuto 3 volte)\n- 22b (ripetuto 3 volte)\n- 23a\n- 23b (ripetuto 3 volte)\n- 24a\n- 24° (ripetuto 2 volte)\n- 24b (ripetuto 3 volte)\n- 25 (ripetuto 3 volte)\n- 26a\n- 26b\n- 27 (ripetuto 3 volte)\n- 28\n- 29\n- 30a\n- 30b (ripetuto 2 volte)\n- 31\n- 32 (ripetuto 3 volte)\n- 33 (ripetuto 3 volte)\n- 34 (ripetuto 3 volte)\n- 35a, b\n- 35c (ripetuto 3 volte)\n- 36 (ripetuto 3 volte)\n- 37 (ripetuto 3 volte)\n- 38 (ripetuto 2 volte)\n- 39 (ripetuto 3 volte)\n- 40 (ripetuto 3 volte)\n- 41 (ripetuto 3 volte)\n- 42 (ripetuto 2 volte)\n\nQuesto elenco rappresenta i dati in modo discorsivo, evidenziando le ripetizioni e le varianti."", ""**www.classyfarm.it**  \n**IL SISTEMA CLASSYFARM**  \n**QUARTILI e MEDIANA**  \n\nIn statistica, i quartili sono valori che suddividono una distribuzione ordinata di elementi in quattro parti uguali. Il primo quartile (Q1) comprende il 25% degli allevamenti selezionati, così come il secondo (Q2), il terzo (Q3) e il quarto (Q4) quartile. La mediana, che rappresenta il valore centrale nella distribuzione ordinata, separa il secondo quartile dal terzo quartile.\n\nPer facilitare l'interpretazione dei dati di ClassyFarm relativi alla valutazione del benessere animale e della biosicurezza, come illustrato nel grafico allegato, il primo quartile (Q1) include il 25% degli allevamenti con i punteggi più elevati, mentre il quarto quartile (Q4) comprende il 25% degli allevamenti con i punteggi più bassi."", ""Ecco un elenco strutturato discorsivo basato sulla tabella fornita:\n\n---\n\n**Comandi Generali dell'App**\n\n1. **Salvataggio delle Risposte**: Le risposte vengono salvate e attivano gli automatismi necessari per il funzionamento dell'app.\n\n2. **Navigazione nel Questionario**: Viene aperto un albero di navigazione che consente di esplorare le diverse sezioni del questionario. Questa funzione è disponibile in una versione contratta sulla destra dello schermo.\n\n3. **Terminazione del Questionario**: È possibile terminare il questionario. Questa opzione appare nell'ultima sezione, una volta che il questionario è stato completato, ovvero quando tutte le sezioni sono state compilate e tutte le domande hanno ricevuto una risposta.\n\n4. **Indicatore di Completamento**: Un segno di spunta verde indica che una sezione è stata completata.\n\n5. **Accesso ai Dati Aziendali**: È possibile accedere ai dati aziendali relativi al questionario.\n\n6. **Ritorno alla Compilazione**: Si può tornare alla fase di compilazione del questionario in qualsiasi momento.\n\n7. **Ritorno alla Home**: È possibile tornare alla pagina di partenza, dove è presente un elenco dei questionari già compilati.\n\n8. **Sezione Completata**: Indica che una specifica sezione del questionario è stata completata.\n\n--- \n\nQuesto formato discorsivo rende più chiari i vari comandi e funzionalità dell'app."", '**www.classyfarm.it**  \n**BENESSERE SUINO - AGGREGATO**  \n**QUARTILI**  \nGli allevamenti sono classificati in base al punteggio ottenuto (da 0 a 100) e suddivisi in quattro gruppi di pari numerosità, corrispondenti al 25% del totale.  \n\n**ANALISI DELLE RISPOSTE E STORICO DEL TAGLIO DEL CODA**  \n- **Q4**: include gli allevamenti con il punteggio più basso.  \n- **Q1**: include gli allevamenti con il punteggio più alto.  \n\nPer ulteriori informazioni, si prega di cliccare qui: «QUARTILI E MEDIANA».  \n\n**INSUFF., ACCETT. o OTTIM.**  \nQueste categorie indicano il numero di risposte ricevute per ciascuna domanda. È possibile ordinare le risposte in modo crescente o decrescente in base al numero di risposte ottenute per ciascuna valutazione.', '**www classyfarm it** **quartili e mediana** in statistica i quartili sono valori che suddividono una distribuzione ordinata di elementi in quattro parti uguali il primo quartile q1 comprende il 25% degli allevamenti selezionati così come il secondo quartile q2 il terzo quartile q3 e il quarto quartile q4 la mediana che rappresenta il valore centrale nella distribuzione ordinata separa il secondo quartile dal terzo quartile per facilitare linterpretazione dei dati di classyfarm relativi alla valutazione del benessere animale e della biosicurezza come illustrato nel grafico allegato il primo quartile q1 include il 25% degli allevamenti con i punteggi più elevati mentre il quarto quartile q4 comprende il 25% degli allevamenti con i punteggi più bassi', '**www classyfarm it** **il sistema classyfarm** **quartili e mediana** in statistica i quartili sono valori che suddividono una distribuzione ordinata di elementi in quattro parti uguali il primo quartile q1 comprende il 25% degli allevamenti selezionati così come il secondo q2 il terzo q3 e il quarto q4 quartile la mediana che rappresenta il valore centrale nella distribuzione ordinata separa il secondo quartile dal terzo quartile per facilitare linterpretazione dei dati di classyfarm relativi alla valutazione del benessere animale e della biosicurezza come illustrato nel grafico allegato il primo quartile q1 include il 25% degli allevamenti con i punteggi più elevati mentre il quarto quartile q4 comprende il 25% degli allevamenti con i punteggi più bassi', 'Cliccando sui rispettivi riquadri, è possibile visualizzare il confronto tra il Punteggio Biosicurezza Complessivo storico dell\'allevamento selezionato (indicato in blu) e il Punteggio Biosicurezza Complessivo Nazionale (indicato in grigio). Nella sezione ""Confronto Quartili"" è possibile analizzare il posizionamento dell\'allevamento selezionato (indicato in giallo) rispetto ai quartili Nazionali, Regionali o ASL (indicato in blu). Per ulteriori informazioni sul significato di ""quartile"", si prega di cliccare qui (o consultare la slide intitolata ""Quartili e Mediana"").\n\nCliccando su ""Sintesi Risposte"", si potrà visualizzare il grafico relativo alla distribuzione delle risposte al questionario. Per ciascuna domanda è riportata la risposta ricevuta; cliccando su ""INSUFF."", ""ACCETT."" o ""OTTIM."" sarà possibile verificare quali domande hanno ricevuto quella specifica valutazione (indicate con 1).']","[DASHBOARD] Le soglie che delimitano il passaggio tra i quartili sono indicate di seguito. Si avvisa che il cruscotto viene aggiornato trimestralmente; pertanto, selezionando l'anno corrente, i dati potrebbero risultare parziali e riferirsi esclusivamente ai mesi specificati nell'apposito riquadro (ad esempio, 2023 - 9 M = primi nove mesi del 2023).","Q1, Q2, Q3 e Q4 rappresentano i quartili in cui vengono raggruppati gli allevamenti. Gli allevamenti vengono ordinati in funzione del punteggio ottenuto, i quartili sono rappresentati da intensità di blu diverse e, in statistica, sono valori che dividono una distribuzione ordinata in quattro parti uguali. ClassyFarm li usa per semplificare la lettura dei dati.",1.0,0.0,,0.8,0.13376117625876585,OK,True
"Cosa mi dice ""Sintesi risposte"" nel cruscotto?","['[DASHBOARD] **12  \nCruscotto di Visualizzazione**  \nDopo 48 ore, sarà possibile accedere al cruscotto interattivo: selezionare ""Dashboard"".', ""[DASHBOARD] **8  \nDashboard: Cruscotto per la verifica dei prerequisiti**  \nPer accedere al cruscotto interattivo, selezionare l'opzione «Dashboard»."", '[DASHBOARD] **www.classyfarm.it**  \n**Andamento storico dei controlli e relativi esiti**  \n- Modifica delle schermate del cruscotto  \n- Ripristino dei filtri applicati  \n- Accesso alla guida del cruscotto in formato PDF  \n- Data di aggiornamento del cruscotto  \n- Variazione degli indicatori Heatmap: forniscono una visione complessiva e di confronto tra le regioni  \n- Indicatori nazionali per specie e area: consentono il confronto a livello nazionale con la regione/ASL selezionata  \n- Rischio-programmazione', '[DASHBOARD] **16**  \nVisualizzazione a schermo intero della tabella  \nDashboard: Cruscotto di Visualizzazione  \nPossibilità di esportare i dati in Excel.', '[DASHBOARD] **Report**\n\nAl termine della compilazione, per visualizzare il report, è necessario seguire i seguenti passaggi:\n\n1. Accedere a «Trasmissione Checklist (Nuovo)».\n2. Cliccare su «Azioni» e successivamente su «Storico».\n3. Selezionare il controllo di interesse e cliccare su «Azioni».\n4. Scorrere fino in fondo alla pagina e cliccare su «Salva PDF».\n\n**Nota Bene:** Questa modalità di download del report è temporanea; in futuro, il report sarà nuovamente scaricabile dal cruscotto.', '[DASHBOARD] **Dashboard: Consultazione delle Checklist Compilate**\n\nÈ possibile visualizzare le checklist compilate dal Valutatore direttamente dal cruscotto, in formato tabellare. \n\n1. \n2.', '[DASHBOARD] **14  \nDashboard: Cruscotto di Visualizzazione**  \nAzienda già associata al Valutatore.  \nSarà possibile visualizzare, tramite il cruscotto, tutti gli allevamenti associati nella sezione ""Selezione Azienda"".  \nÈ prevista la possibilità di visualizzare la tabella a schermo intero cliccando sull\'icona corrispondente.  \nFiltri di Selezione: Azienda non ancora associata al Valutatore.', ""[DASHBOARD] **Dashboard: Cruscotto di Visualizzazione**  \nSelezionando l'opzione «Sì», verranno visualizzati gli allevamenti che soddisfano i Prerequisiti Verdi e i Requisiti Verdi/Gialli."", ""[DASHBOARD] **Sistema Integrato «ClassyFarm» - Guida per l'Operatore e i suoi Delegati**\n\n**PAG**  \n**SELEZIONE DELL'AMBIENTE**  \n20  \n\n1. Cliccare su «Dashboard» per accedere alla consultazione dei cruscotti.  \n1. Nome utente e profilo selezionato; cliccare qui per modificare il profilo."", '[DASHBOARD] **INDICE**\n\n• Accesso a ClassyFarm  \npagina 3  \n\n• Cruscotto per la verifica dei prerequisiti (Dashboard)  \npagina 7  \n\n• Compilazione della checklist di valutazione  \npagina 11  \n\n• Ripresa della compilazione di una checklist salvata in bozza  \npagina 19  \n\n• Consultazione delle checklist compilate  \npagina 23  \n\n• Report  \npagina 25', '[DASHBOARD] **14  \nSISTEMA QUESTIONARI**  \n**CARICAMENTO DI UN QUESTIONARIO**  \nUna volta che il questionario è stato compilato correttamente in tutte le sue sezioni e si è cliccato sul tasto ""Salva"" situato in fondo alla pagina, apparirà un pulsante giallo per la verifica in alto a destra. Dopo aver selezionato il pulsante giallo, sarà possibile visualizzare il tasto per procedere con il caricamento. I report dei questionari caricati saranno disponibili esclusivamente 48 ore dopo il caricamento nella sezione ""Dashboard"".', ""[DASHBOARD] **Punteggi del Questionario**\n\nNell'ultima pagina del file PDF saranno riportati tutti i punteggi relativi a:\n\n- Totale AREA – BIOSICUREZZA\n- Totale AREA A - MANAGEMENT AZIENDALE E PERSONALE\n- Totale AREA B - STRUTTURE ED ATTREZZATURE\n- Totale AREA C - MISURE BASATE SUGLI ANIMALI\n- Totale AREA - GRANDI RISCHI E SISTEMI DI ALLARME\n- Totale Benessere\n\nSi prega di notare che, a breve, i punteggi saranno resi visibili, come di consueto, in formato cruscotto."", 'dashboard **8 dashboard cruscotto per la verifica dei prerequisiti** per accedere al cruscotto interattivo selezionare lopzione dashboard', 'dashboard **12 cruscotto di visualizzazione** dopo 48 ore sarà possibile accedere al cruscotto interattivo selezionare dashboard', '[DASHBOARD] **PAG**  \nSistema Integrato «ClassyFarm» - Guida per Delegati Operatori - Filiera o Gruppo  \n**CRUSCOTTI - RISULTATI**  \n21  \n\nPer accedere ai cruscotti interattivi:  \n- Accedere a VETINFO  \n- Selezionare ClassyFarm → ClassyFarm 2.0  \n- Selezionare il PROFILO  \n- Cliccare su Dashboard  \n\n1. Consultare la GUIDA AI CRUSCOTTI INTERATTIVI al seguente link: www.classyfarm.it']","Nel contesto documentale recuperato, non è presente una descrizione specifica riguardo alla ""Sintesi risposte"" nel cruscotto. Tuttavia, il cruscotto sembra fornire diverse funzionalità, come la visualizzazione di checklist compilate, report e indicatori di performance. Per ulteriori dettagli, puoi consultare la guida ai cruscotti interattivi disponibile su [www.classyfarm.it](http://www.classyfarm.it).","Cliccando su ""Analisi risposte"" nella consultazione di un cruscotto compare il grafico relativo alla distribuzione delle risposte ai questionari per gli allevamenti selezionati.",1.0,0.0,,0.0,0.14852193124442137,OK,True
Che codice devo inserire per poter compilare un controllo di farmacosorveglianza?,"['**Sistema Integrato «ClassyFarm» - GUIDA ALL\'INSERIMENTO DEL CONTROLLO FARMACOSORVEGLIANZA**\n\nIn caso di un secondo controllo per verificare l\'adempimento delle prescrizioni:\n\n1. Compilare un nuovo controllo, inserendo esclusivamente le informazioni necessarie. Per tutte le altre risposte, selezionare l\'opzione NA. (Nota bene: per velocizzare la compilazione, è possibile utilizzare gli aiuti disponibili. Ad esempio, se si desidera compilare l\'area A, selezionare ""No"", quindi cliccare su ""Salva""; in questo modo, tutte le risposte verranno automaticamente contrassegnate come NA. Se è necessario compilare solo una o due risposte, è possibile selezionare ""Sì"" e modificare le informazioni richieste).\n\nSi prega di prestare attenzione: alcune risposte sono comunque obbligatorie per la sezione. Assicurarsi di compilare tali risposte secondo le indicazioni fornite al momento del salvataggio del controllo.\n\n**SECONDO CONTROLLO**  \n29', '**Sistema Integrato «ClassyFarm» - GUIDA ALL\'INSERIMENTO DEL CONTROLLO FARMACOSORVEGLIANZA**\n\n**PAGINA 17**\n\n**COMPILAZIONE DEL CONTROLLO**\n\n**2. AREA A – SCORTA DEI MEDICINALI VETERINARI**\n\nQualora non si desideri compilare questa sezione (ad esempio, in caso di un controllo successivo alla verifica delle prescrizioni), è possibile selezionare ""NO"" (1.) alla prima domanda, salvare (2.) e procedere alla sezione successiva (3).\n\nNegli altri casi, selezionare ""SI"" e procedere alla compilazione delle ulteriori domande e campi, quindi salvare e proseguire alla sezione successiva. \n\n1  \n2  \n3', '**Sistema Integrato «ClassyFarm» - GUIDA PER L\'INSERIMENTO DEL CONTROLLO FARMACOSORVEGLIANZA**\n\n**PAGINA**  \n**COMPILAZIONE DEL CONTROLLO**  \n**22**  \n\n**7. PROVVEDIMENTI ADOTTATI**  \n1. Rispondere a tutte le domande (barrare ""NA"" quando non applicabili).  \n2. Salvare e procedere alla sezione successiva (2.1).  \n**2.1**  \n**2**  \n**1**', '**Sistema Integrato «ClassyFarm» - GUIDA ALL\'INSERIMENTO DEL CONTROLLO FARMACOSORVEGLIANZA**\n\n**PAGINA**  \n**COMPILAZIONE DEL CONTROLLO**  \n**23**\n\n**8. VERIFICA DELLE PRESCRIZIONI**\n\n1. Rispondere a tutte le domande (barrare ""NA"" quando non applicabili, ad esempio, indicare la data delle verifiche delle prescrizioni nel caso in cui non siano state assegnate prescrizioni).\n2. Salvare e procedere alla sezione successiva (2.1).  \n**2.1**  \n**2**  \n**1**', ""[ASSISTENZA_TELEFONICA] **Sistema Integrato «ClassyFarm» - GUIDA ALL'INSERIMENTO DEL CONTROLLO FARMACOSORVEGLIANZA**\n\n**COMPILAZIONE DEL CONTROLLO**\n\n1. Inserire il codice aziendale BDN* (es. 000XY000) e cliccare su «cerca» (1.1).\n2. Selezionare l'allevamento da controllare (facendo clic sopra) tra quelli disponibili per il codice aziendale.\n3. I dati aziendali verranno automaticamente compilati nella testata del questionario.\n\n*Gli utenti ufficiali sono autorizzati a effettuare la compilazione per il proprio territorio di competenza. Qualora si inserisca un codice e non venga visualizzato alcun risultato, si prega di contattare l'assistenza inviando un'email a info@classyfarm.it."", '**Sistema Integrato «ClassyFarm» - GUIDA ALL\'INSERIMENTO DEL CONTROLLO FARMACOSORVEGLIANZA**\n\n**COMPILAZIONE CONTROLLO**\n\n**PAGINA 16**\n\n**1. INFORMAZIONI SPECIFICHE E RACCOLTA DATI AZIENDALI GENERALI**\n\n1. Selezionare e inserire le risposte pertinenti.\n2. Cliccare su ""Salva"".\n3. Cliccare su ""Prossima sezione"".\n\nSi prega di notare che è obbligatorio fornire una risposta a ciascuna domanda. Alcuni dati si autocompilano al momento del salvataggio; qualora rimanessero vuoti, procedere con l\'inserimento manuale.\n\n1. Risposta fornita\n2. Cancella risposta\n3. Info\n\n**Sezione completata**', '**Sistema Integrato «ClassyFarm» - GUIDA ALL\'INSERIMENTO DEL CONTROLLO FARMACOSORVEGLIANZA**\n\nIn caso di necessità di modificare la data relativa alle prescrizioni:\n\n1. Utilizzare la funzione ""Copia"" → cliccare sul pulsante e attendere → verrà creata una copia identica del controllo con tutte le risposte già fornite per quel controllo dell\'azienda → apportare le modifiche necessarie, giustificando nei campi di testo il motivo della variazione → caricare il nuovo controllo.\n\n**MODIFICA DATA PRESCRIZIONI**  \n30', ""Sistema Integrato «ClassyFarm» - GUIDA PER L'INSERIMENTO DEL CONTROLLO FARMACOSORVEGLIANZA\n\nPAGINA\n\nCOMPILAZIONE DEL CONTROLLO\n\n20\n\n5. AREA D – VALUTAZIONE DEL RISCHIO\n\nProcedere come indicato nella sezione precedente, seguendo le istruzioni contenute nel Manuale Operativo."", '**Sistema Integrato «ClassyFarm» - GUIDA ALL\'INSERIMENTO DEL CONTROLLO FARMACOSORVEGLIANZA**\n\n**COMPILAZIONE DEL CONTROLLO**\n\n1. Inserire la data del controllo.\n2. Selezionare dal menù a tendina il tipo di allevamento e l\'indirizzo produttivo.\n3. Cliccare su ""linee genetiche"" e selezionare quelle presenti (3.1. Si prega di notare che, in assenza del dato, è necessario selezionare l\'opzione «Altra») e cliccare su ""aggiorna"" (3.2).\n4. Cliccare su ""salva"" (il questionario è stato creato).', ""Nel contesto della farmacosorveglianza, si possono identificare due situazioni distinte riguardo alla registrazione e conservazione dei dati. \n\n1. **Situazioni non adeguate**:\n   - L'assenza del registro o delle registrazioni in vetinfo.\n   - La mancata conservazione dei dati per il periodo stabilito di 5 anni.\n   - La non corrispondenza del controllo a campione sui trattamenti.\n\n2. **Situazione adeguata**:\n   - La presenza e la conservazione adeguata delle registrazioni.\n   - La piena corrispondenza del controllo a campione sui trattamenti. \n\nIn sintesi, è fondamentale garantire la registrazione e la conservazione dei dati secondo le normative vigenti per assicurare la corretta sorveglianza dei farmaci."", ""Sistema Integrato «ClassyFarm» - GUIDA PER L'INSERIMENTO DEL CONTROLLO FARMACOSORVEGLIANZA\n\nPAGINA\nCOMPILAZIONE DEL CONTROLLO\n18\n3. AREA B – UTILIZZO DEI MEDICINALI VETERINARI\nProcedere come indicato nella sezione precedente, seguendo le istruzioni contenute nel Manuale Operativo."", ""**TESTO RIVISITATO:**\n\nIn conformità con il Decreto Legislativo 24 luglio 2007, n. 143, è stata implementata, in alternativa, la registrazione informatizzata dei trattamenti attraverso il sistema Vetinfo, ai sensi della Legge 20 novembre 2017, n. 167. \n\nL'assenza del registro o delle registrazioni nel sistema Vetinfo per la farmacosorveglianza, la mancata conservazione per il periodo stabilito, o la non corrispondenza del controllo a campione sui trattamenti, sono considerati elementi di non conformità. Al contrario, la presenza e la corretta conservazione del registro, insieme alla piena corrispondenza del controllo a campione sui trattamenti, sono requisiti fondamentali.\n\nIl valutatore è incaricato di verificare la presenza del registro e la corretta compilazione dello stesso, nonché l'appropriatezza dei trattamenti selezionati a campione, che devono includere almeno due trattamenti. Questa verifica comprende l'idoneità della prescrizione, la tipologia di farmaco utilizzato, la registrazione, lo scopo terapeutico e la durata del trattamento. Inoltre, il valutatore può accertare che in allevamento sia presente un piano di autocontrollo e buone pratiche di allevamento. Si considera non adeguata l'assenza del registro o delle registrazioni nel sistema Vetinfo per la farmacosorveglianza."", 'il sistema integrato classyfarm offre una guida per linserimento della check list tramite lapp per compilare la check list è necessario seguire alcuni passaggi innanzitutto si deve inserire il codice di allevamento successivamente è necessario cliccare sulla lente d’ingrandimento che funge da funzione di ricerca per cercare lallevamento nel bdn banca dati nazionale una volta effettuata la ricerca il sistema restituirà un elenco di allevamenti che corrispondono al codice aziendale inserito a questo punto è sufficiente selezionare lallevamento desiderato con un click il sistema provvederà automaticamente a completare i dati anagrafici dellallevamento utilizzando le informazioni disponibili nel bdn è importante notare che non bisogna inserire il prefisso it o eventuali sottocodici come ad esempio /2 infine si procederà con la compilazione della testata del questionario', 'assistenza_telefonica invio_email benvenuti al servizio di assistenza classyfarm in questa pagina avrete la possibilità di inserire le vostre richieste di assistenza per il sistema classyfarm per iniziare vi invitiamo a seguire attentamente la procedura di richiesta accesso in primo luogo dovrete inserire lemail nel campo indicato per ricevere la conferma della vostra richiesta assicuratevi di compilare il form con i dati personali e dellallevamento inclusi nome cognome data di nascita codice fiscale e altri dettagli richiesti se non possedete unutenza vetinfo o se lavete dimenticata vi preghiamo di lasciare il campo corrispondente vuoto successivamente utilizzate il pulsante sfoglia per allegare il modulo di adesione e il documento di identità sia fronte che retro è fondamentale che prima di inviare la richiesta verifichiate che tutti i dati siano corretti solo dopo aver effettuato questa verifica potrete cliccare su invia per inoltrare la vostra richiesta dopo linvio attendete unemail di default che confermerà il codice csd e il corretto invio della vostra richiesta infine restate in attesa dellemail di avvenuta abilitazione che vi informerà sullesito della vostra richiesta grazie per aver scelto il servizio di assistenza classyfarm siamo qui per aiutarvi', ""**Sistema Integrato «ClassyFarm» - GUIDA ALL'INSERIMENTO DEL CONTROLLO FARMACOSORVEGLIANZA**\n\n**COMANDI GENERALI APP**\n\nL'albero di navigazione tra le sezioni del questionario viene visualizzato, con la versione contratta disponibile sulla destra.\n\n**Sezione Completata**\n\nÈ possibile tornare alla compilazione del questionario.\n\n**Sezione Completata**\n\n12""]","Per compilare un controllo di farmacosorveglianza, devi inserire il codice aziendale BDN (es. 000XY000) e cliccare su «cerca». Questo codice ti permetterà di selezionare l'allevamento da controllare tra quelli disponibili per il codice aziendale. Se non visualizzi alcun risultato, contatta l'assistenza inviando un'email a [[EMAIL_RIMOSSO]](mailto:[EMAIL_RIMOSSO]).","Per compilare un controllo di farmacosorveglianza è necessario inserire il codice azienda BDN. Dopo aver inserito il codice si clicca su ""Cerca"" per poter scegliere l’allevamento corrispondente.",1.0,0.7786865175982575,,1.0,0.658852350320668,OK,True
Come faccio a modificare la data delle prescrizioni in un controllo già compilato?,"['**Sistema Integrato «ClassyFarm» - GUIDA ALL\'INSERIMENTO DEL CONTROLLO FARMACOSORVEGLIANZA**\n\nIn caso di necessità di modificare la data relativa alle prescrizioni:\n\n1. Utilizzare la funzione ""Copia"" → cliccare sul pulsante e attendere → verrà creata una copia identica del controllo con tutte le risposte già fornite per quel controllo dell\'azienda → apportare le modifiche necessarie, giustificando nei campi di testo il motivo della variazione → caricare il nuovo controllo.\n\n**MODIFICA DATA PRESCRIZIONI**  \n30', '**Sistema Integrato «ClassyFarm» - GUIDA ALL\'INSERIMENTO DEL CONTROLLO FARMACOSORVEGLIANZA**\n\nIn caso di un secondo controllo per verificare l\'adempimento delle prescrizioni:\n\n1. Compilare un nuovo controllo, inserendo esclusivamente le informazioni necessarie. Per tutte le altre risposte, selezionare l\'opzione NA. (Nota bene: per velocizzare la compilazione, è possibile utilizzare gli aiuti disponibili. Ad esempio, se si desidera compilare l\'area A, selezionare ""No"", quindi cliccare su ""Salva""; in questo modo, tutte le risposte verranno automaticamente contrassegnate come NA. Se è necessario compilare solo una o due risposte, è possibile selezionare ""Sì"" e modificare le informazioni richieste).\n\nSi prega di prestare attenzione: alcune risposte sono comunque obbligatorie per la sezione. Assicurarsi di compilare tali risposte secondo le indicazioni fornite al momento del salvataggio del controllo.\n\n**SECONDO CONTROLLO**  \n29', '**Sistema Integrato «ClassyFarm» - GUIDA ALL\'INSERIMENTO DEL CONTROLLO FARMACOSORVEGLIANZA**\n\n**PAGINA**  \n**COMPILAZIONE DEL CONTROLLO**  \n**23**\n\n**8. VERIFICA DELLE PRESCRIZIONI**\n\n1. Rispondere a tutte le domande (barrare ""NA"" quando non applicabili, ad esempio, indicare la data delle verifiche delle prescrizioni nel caso in cui non siano state assegnate prescrizioni).\n2. Salvare e procedere alla sezione successiva (2.1).  \n**2.1**  \n**2**  \n**1**', ""[DASHBOARD] **Sistema Integrato «ClassyFarm» - GUIDA ALL'INSERIMENTO DEL CONTROLLO FARMACOSORVEGLIANZA**\n\n**PAGINA 7**\n\n**SCELTA DELL'AMBIENTE**\n\n1. Cliccare su «Dashboard» per accedere alla consultazione dei cruscotti.\n2. Cliccare su «Trasmissione Checklist» per accedere alla compilazione del controllo.\n\n**Nome utente e ruolo selezionato. Cliccare qui per modificare il ruolo.**"", '**Sistema Integrato «ClassyFarm» - GUIDA ALL\'INSERIMENTO DEL CONTROLLO FARMACOSORVEGLIANZA**\n\n**COMPILAZIONE DEL CONTROLLO**\n\n1. Inserire la data del controllo.\n2. Selezionare dal menù a tendina il tipo di allevamento e l\'indirizzo produttivo.\n3. Cliccare su ""linee genetiche"" e selezionare quelle presenti (3.1. Si prega di notare che, in assenza del dato, è necessario selezionare l\'opzione «Altra») e cliccare su ""aggiorna"" (3.2).\n4. Cliccare su ""salva"" (il questionario è stato creato).', '**Sistema Integrato «ClassyFarm» - GUIDA PER L\'INSERIMENTO DEL CONTROLLO FARMACOSORVEGLIANZA**\n\n**PAGINA**  \n**COMPILAZIONE DEL CONTROLLO**  \n**22**  \n\n**7. PROVVEDIMENTI ADOTTATI**  \n1. Rispondere a tutte le domande (barrare ""NA"" quando non applicabili).  \n2. Salvare e procedere alla sezione successiva (2.1).  \n**2.1**  \n**2**  \n**1**', 'Nel documento sono riportate le prescrizioni relative a un controllo. Si inizia con la domanda se siano state assegnate delle prescrizioni, con la possibilità di rispondere ""Sì"" o ""No"". Se la risposta è affermativa, è richiesto di specificare quali prescrizioni sono state assegnate, lasciando uno spazio per la descrizione.\n\nSuccessivamente, viene chiesto di indicare entro quale data le prescrizioni dovranno essere eseguite.\n\nIn merito alle sanzioni applicate, sono elencate diverse opzioni, tra cui il blocco delle movimentazioni, l\'abbattimento dei capi, sanzioni amministrative o pecuniarie, sequestro dei capi e la possibilità di un\'informativa in procura. È anche prevista la possibilità di specificare ulteriori sanzioni, se presenti.\n\nInfine, è presente uno spazio dedicato alle note e osservazioni del controllore, dove possono essere annotate ulteriori informazioni o commenti relativi al controllo effettuato.', '**Sistema Integrato «ClassyFarm» - GUIDA ALL\'INSERIMENTO DEL CONTROLLO FARMACOSORVEGLIANZA**\n\n**PAGINA 17**\n\n**COMPILAZIONE DEL CONTROLLO**\n\n**2. AREA A – SCORTA DEI MEDICINALI VETERINARI**\n\nQualora non si desideri compilare questa sezione (ad esempio, in caso di un controllo successivo alla verifica delle prescrizioni), è possibile selezionare ""NO"" (1.) alla prima domanda, salvare (2.) e procedere alla sezione successiva (3).\n\nNegli altri casi, selezionare ""SI"" e procedere alla compilazione delle ulteriori domande e campi, quindi salvare e proseguire alla sezione successiva. \n\n1  \n2  \n3', 'Nel documento si fa riferimento alle prescrizioni. Si chiede innanzitutto se siano state assegnate delle prescrizioni, con la possibilità di rispondere ""Sì"" o ""No"". Se la risposta è affermativa, viene richiesto di specificare quali siano le prescrizioni assegnate, lasciando uno spazio per la loro descrizione. Infine, si richiede di indicare entro quale data dovranno essere eseguite.', '**Sistema Integrato «ClassyFarm» - GUIDA ALL\'INSERIMENTO DEL CONTROLLO FARMACOSORVEGLIANZA**\n\n**COMPILAZIONE CONTROLLO**\n\n**PAGINA 16**\n\n**1. INFORMAZIONI SPECIFICHE E RACCOLTA DATI AZIENDALI GENERALI**\n\n1. Selezionare e inserire le risposte pertinenti.\n2. Cliccare su ""Salva"".\n3. Cliccare su ""Prossima sezione"".\n\nSi prega di notare che è obbligatorio fornire una risposta a ciascuna domanda. Alcuni dati si autocompilano al momento del salvataggio; qualora rimanessero vuoti, procedere con l\'inserimento manuale.\n\n1. Risposta fornita\n2. Cancella risposta\n3. Info\n\n**Sezione completata**', 'La verifica dell\'esecuzione delle prescrizioni deve essere effettuata alla scadenza del tempo assegnato. Durante l\'ispezione, è necessario registrare il nome e cognome del proprietario, detentore o conduttore presente. È importante accertarsi se è stata consegnata una copia della check-list all\'allevatore. La data di chiusura della relazione di controllo deve essere annotata, poiché il risultato di questo controllo sarà utilizzato per verificare il rispetto degli impegni di condizionalità necessari per l\'erogazione degli aiuti comunitari. In caso di non conformità, l\'esito del controllo sarà elaborato dall\'Organismo Pagatore.\n\nSi devono registrare anche le date del primo controllo in loco e della verifica in loco. Infine, è necessario indicare se le prescrizioni sono state eseguite, segnando ""sì"" o ""no"". Secondo il Regolamento 809-2014, articolo 72, paragrafo 4, la relazione di controllo deve essere completata entro un mese dal controllo in loco, salvo disposizioni particolari della normativa applicabile.', 'La verifica dell\'esecuzione delle prescrizioni deve essere effettuata alla scadenza del tempo assegnato. Il risultato di questo controllo sarà utilizzato per accertare il rispetto degli impegni di condizionalità necessari per l\'erogazione degli aiuti comunitari. In caso di non conformità, l\'esito del controllo sarà elaborato dall\'Organismo Pagatore.\n\nDurante l\'ispezione, è necessario registrare se le prescrizioni sono state rispettate, con un\'opzione di risposta ""Sì"" o ""No"". È richiesta la data del primo controllo in loco, insieme al nome e cognome del proprietario, detentore o conduttore presente durante l\'ispezione. Inoltre, è necessaria la firma di questa persona.\n\nAnche il controllore deve essere identificato, con il suo nome e cognome, e deve apporre la propria firma e timbro. Infine, è importante registrare la data della verifica in loco e ripetere le informazioni relative al proprietario, detentore o conduttore presente, inclusa la sua firma.', '**sistema integrato classyfarm guida allinserimento del controllo farmacosorveglianza** in caso di necessità di modificare la data relativa alle prescrizioni 1 utilizzare la funzione copia → cliccare sul pulsante e attendere → verrà creata una copia identica del controllo con tutte le risposte già fornite per quel controllo dellazienda → apportare le modifiche necessarie giustificando nei campi di testo il motivo della variazione → caricare il nuovo controllo **modifica data prescrizioni** 30', 'il processo di controllo prevede la consegna di una copia della check list compilata dal responsabile affinché possa attivare urgentemente i controlli necessari il sistema è progettato per segnalare automaticamente questa necessità garantendo lesecuzione obbligatoria del controllo specifico in merito alle prescrizioni è necessario verificare se ne sono state assegnate se la risposta è affermativa occorre specificare quali prescrizioni sono state assegnate e indicare entro quale data dovranno essere eseguite le prescrizioni possono includere sanzioni come il sequestro dei capi sanzioni amministrative o pecuniarie e il blocco delle movimentazioni è importante anche annotare eventuali sanzioni già applicate e specificare ulteriori misure come labbattimento dei capi durante il controllo il controllore e il detentore possono annotare note e osservazioni è fondamentale anche verificare se è stata consegnata una copia della check list allallevatore con la possibilità di rispondere sì o no in caso di esito sfavorevole del controllo è necessario valutare lintenzionalità con opzioni di risposta sì no o non applicabile lesito del controllo può essere favorevole o sfavorevole con la possibilità di specificare che il risultato è sfavorevole a causa di un mancato o rifiutato controllo', 'Il controllo è stato effettuato da un controllore, il cui nome e cognome sono stati registrati. La relazione di controllo è stata firmata e timbrata dal controllore o dai controllori coinvolti, come indicato nello spazio apposito. \n\nPer quanto riguarda le prescrizioni, è stato verificato se sono state eseguite, con una risposta affermativa o negativa. \n\nInfine, è stata annotata la data di chiusura della relazione di controllo, che deve avvenire entro un mese dalla data del controllo in loco, come stabilito dal Regolamento 809-2014, articolo 72, paragrafo 4. Tuttavia, è possibile prorogare questo termine fino a tre mesi in caso di giustificati motivi, specialmente per esigenze legate ad analisi chimiche o fisiche.']","Per modificare la data delle prescrizioni in un controllo già compilato, segui questi passaggi:

1. Utilizza la funzione ""Copia"": clicca sul pulsante ""Copia"" e attendi. Questo creerà una copia identica del controllo con tutte le risposte già fornite per quel controllo dell'azienda.
   
2. Apporta le modifiche necessarie: modifica la data delle prescrizioni come richiesto.

3. Giustifica la variazione: nel campo di testo apposito, indica il motivo della modifica.

4. Carica il nuovo controllo: una volta completate le modifiche e inserita la giustificazione, procedi a caricare il nuovo controllo.

Assicurati di seguire questi passaggi per garantire che le modifiche siano registrate correttamente nel sistema.","Per modificare la data delle prescrizioni in un controllo già compilato bisogna utilizzare la funzione ""Copia"": si clicca sul relativo pulsante e si attende la creazione di una copia del controllo con tutte le risposte già fornite, si effettuano le variazioni necessarie, si giustifica nei campi testo il motivo della variazione e si carica il nuovo controllo.",0.9090909090909091,0.933201728954276,,1.0,0.9770552849003296,OK,True
"Sto creando un questionario, ho inserito il codice dell’allevamento e ho cliccato ""Cerca"": cosa devo fare per continuare?","[""**SISTEMA QUESTIONARI**\n\n**CREAZIONE DI UN NUOVO QUESTIONARIO**\n\n3. Inserire il codice di allevamento nell'apposita sezione e premere sull'icona di ricerca.  \n4. Attendere il caricamento della schermata successiva e fare clic sull'icona a forma di occhio."", ""**SISTEMA QUESTIONARI**\n\n**CREAZIONE DI UN NUOVO QUESTIONARIO**\n\n3. Inserire il codice di allevamento nell'apposita sezione e premere sull'icona di ricerca.  \n4. Attendere il caricamento della schermata successiva e premere sull'icona a forma di occhio."", '**SISTEMA QUESTIONARI**\n\n**CREAZIONE DI UN NUOVO QUESTIONARIO**\n\n1. Selezionare la specie e fare clic su ""Prossima"".\n2. Selezionare la tipologia di CL e fare clic su ""Vai alla testata"".', '1. Selezionare l\'allevamento di interesse nella parte superiore sinistra dello schermo.  \nNota Bene: Gli allevamenti visualizzati nel menu a tendina sono quelli precedentemente associati nella sezione ""Selezione Azienda"".  \n\n2. Procedere quindi alla compilazione del questionario.  \n\n**Compilazione del Questionario**  \nÈ possibile inserire il codice dell\'allevamento manualmente oppure selezionarlo dal menu a tendina.', '1. Selezionare l\'allevamento di interesse nella parte superiore sinistra dello schermo.  \nNota Bene: Gli allevamenti visualizzati nel menu a tendina sono quelli associati alla voce ""Selezione Azienda"".  \n\n2. Procedere quindi alla compilazione della checklist.  \n2.1. È possibile inserire il codice dell\'allevamento manualmente oppure selezionarlo dal menu a tendina.  \n\nComunicazione Esito Valutazione.', '1. Cliccare su ""Nuovo Allevamento"".\n2. Inserire il codice aziendale (es. 001XX001) e fare clic su ""Verifica"".\n   - Il sistema recupererà automaticamente i dati dell\'allevamento.\n3. Selezionare l\'Azienda.', '**8. SISTEMA QUESTIONARI**\n\nÈ possibile creare un nuovo questionario cliccando su ""+ Crea nuovo questionario"".\n\n**CREAZIONE DI UN NUOVO QUESTIONARIO**\n\nATTENZIONE: per i veterinari liberi professionisti, è necessario prima associare l\'allevamento.', 'Il pulsante ""Visualizza"" consente esclusivamente di visualizzare il questionario.  \nPer continuare la compilazione, è necessario cliccare su ""Modifica"".  \nPiano di Rientro salvato come bozza.', ""**Sistema Integrato «ClassyFarm» - GUIDA ALL'INSERIMENTO DEL CONTROLLO REMOTO DEL BENESSERE SUINO**\n\n**COMANDI GENERALI DELL'APP**\n\n- Elenco dei questionari compilati\n- Ricerca libera dei questionari compilati\n- Inizio di un nuovo questionario\n- Funzione di eliminazione del questionario (disponibile solo per quelli non caricati e non completati)\n- Funzione di caricamento del questionario, che consente di terminare il controllo. Questa opzione è disponibile solo quando il questionario è completamente compilato (Nota: l'opzione appare anche al termine del questionario)\n- Funzione di copia del questionario, che consente di duplicare un questionario completo e di procedere con una nuova verifica, mantenendo traccia delle risposte del questionario copiato per lo stesso allevamento. Questa funzione è visibile solo dopo aver completato e caricato il questionario.\n\nCliccare per aprire il questionario incompleto e completare il controllo."", ""**Sistema Integrato «ClassyFarm» - GUIDA ALL'INSERIMENTO DEL CONTROLLO BIOSICUREZZA PER SUINI**\n\n**COMANDI GENERALI DELL'APP**\n\n- Elenco dei questionari compilati\n- Ricerca libera dei questionari compilati\n- Inizio di un nuovo questionario\n- Funzione di eliminazione del questionario (disponibile solo per quelli non caricati e non completati)\n- Funzione di caricamento del questionario, che consente di terminare il controllo. Questa opzione è disponibile solo quando il questionario è completamente compilato (Nota: l'opzione appare anche al termine del questionario)\n- Funzione di copia del questionario, che consente di duplicare un questionario completo e di procedere con una nuova verifica, mantenendo traccia delle risposte del questionario copiato per lo stesso allevamento. Questa funzione è visibile solo dopo aver completato e caricato il questionario.\n\nCliccare per aprire il questionario incompleto e completare il controllo."", ""La schermata principale dell'app presenta diverse funzionalità utili per la gestione dei questionari. In primo luogo, è possibile visualizzare un elenco dei questionari già compilati, oltre a effettuare una ricerca libera tra di essi. \n\nSe si desidera iniziare un nuovo questionario, è disponibile un'apposita funzione. Inoltre, è presente la funzione di eliminazione del questionario, che può essere utilizzata solo per quelli che non sono stati caricati e che sono stati terminati. \n\nUn'altra funzionalità importante è quella di caricare un questionario, che consente di completare il controllo. Questa opzione è attivabile solo quando il questionario è completamente compilato e compare anche al termine della compilazione. \n\nIn aggiunta, è possibile copiare un questionario già completo, il che permette di avviare una nuova verifica mantenendo traccia delle risposte del questionario originale per lo stesso allevamento. Questa funzione diventa disponibile solo dopo aver terminato e caricato il questionario. \n\nInfine, è possibile cliccare per aprire un questionario incompleto e completare il controllo."", 'json categoria procedure contesto monitoraggio dei principi attivi critici domanda cosa devo fare se i dati di consumo risultano incompleti o anomali risposta in caso di dati mancanti o incoerenti è fondamentale verificare la corretta registrazione dei trattamenti nella banca dati nazionale bdn o nel registro elettronico aziendale il sistema classyfarm segnala automaticamente eventuali incongruenze e richiede una revisione dei dati categoria risoluzione problemi contesto validazione dei dati domanda cosa indica un valore elevato di dddait in un’azienda risposta un valore elevato di dddait può indicare un utilizzo intensivo di antimicrobici o una frequenza elevata di trattamenti si consiglia di confrontare il valore con la media di settore e se necessario consultare il veterinario aziendale per ottimizzare i protocolli terapeutici categoria avvertenze contesto interpretazione dei risultati', 'assistenza_telefonica **sistema integrato classyfarm guida allinserimento del controllo biosicurezza per suini** **pagina 12 compilazione del controllo** 1 inserire il codice aziendale bdn* es 000xy000 e cliccare su cerca 1 1 2 selezionare lallevamento da controllare facendo clic sopra tra quelli disponibili per il codice aziendale 3 i dati aziendali verranno automaticamente compilati nella testata del questionario *gli utenti ufficiali sono autorizzati a effettuare la compilazione per il proprio territorio di competenza qualora si inserisca un codice e non venga visualizzato alcun risultato si prega di contattare lassistenza inviando unemail a info@classyfarm it', '**8. SISTEMA QUESTIONARI**\n\nÈ possibile creare un nuovo questionario selezionando l\'opzione ""+ Crea nuovo questionario"".\n\n**CREAZIONE DI UN NUOVO QUESTIONARIO**\n\nATTENZIONE: per i veterinari liberi professionisti, è necessario prima associare l\'allevamento.', 'assistenza_telefonica **sistema integrato classyfarm guida allinserimento del controllo farmacosorveglianza** **compilazione del controllo** 1 inserire il codice aziendale bdn* es 000xy000 e cliccare su cerca 1 1 2 selezionare lallevamento da controllare facendo clic sopra tra quelli disponibili per il codice aziendale 3 i dati aziendali verranno automaticamente compilati nella testata del questionario *gli utenti ufficiali sono autorizzati a effettuare la compilazione per il proprio territorio di competenza qualora si inserisca un codice e non venga visualizzato alcun risultato si prega di contattare lassistenza inviando unemail a info@classyfarm it']","Dopo aver inserito il codice dell’allevamento e cliccato ""Cerca"", devi attendere il caricamento della schermata successiva e poi fare clic sull'icona a forma di occhio per visualizzare i dettagli dell'allevamento. Da lì, potrai procedere con la compilazione del questionario.","Dopo aver inserito il codice allevamento nell’apposita sezione e aver cliccato ""Cerca"", bisogna attendere il caricamento della schermata successiva, premere sull’icona a forma di occhio, attendere che la testa del questionario si compili automaticamente, procedere alla compilazione dei soli dati segnati in rosso e infine cliccare su ""Crea questionario"".",0.6666666666666666,0.7103001028948315,,0.5,0.7178044385475493,OK,True
Perché non riesco a eliminare un questionario che ho creato?,"['**SISTEMA QUESTIONARI**\n\nÈ possibile procedere con l\'eliminazione di un nuovo questionario selezionando l\'opzione ""Azioni"" e successivamente ""Cancella"". In alcune circostanze, prima di poter procedere con la cancellazione del questionario, è necessario modificare una delle risposte e salvare le modifiche. \n\n**ELIMINAZIONE DI UN QUESTIONARIO**', '**18  \nSISTEMA QUESTIONARI**  \nÈ possibile eliminare un nuovo questionario selezionando l\'opzione ""Azioni"" e successivamente ""Copia"".  \n**COPIARE UN QUESTIONARIO**', '**SISTEMA QUESTIONARI**\n\nSelezionare il questionario di interesse, quindi cliccare su ""Azioni"" e successivamente su ""Modifica"". \n\n**MODIFICA DI UN QUESTIONARIO**', 'Il pulsante ""Visualizza"" consente esclusivamente di visualizzare il questionario.  \nPer continuare la compilazione, è necessario cliccare su ""Modifica"".  \nPiano di Rientro salvato come bozza.', '**SISTEMA QUESTIONARI**  \n**CREAZIONE DI UN NUOVO QUESTIONARIO**  \n\n5. Attendere che la parte introduttiva del questionario si compili automaticamente e procedere alla compilazione esclusiva dei dati evidenziati in rosso. Successivamente, fare clic su ""Crea questionario"".', '**SISTEMA QUESTIONARI**  \n**CREAZIONE DI UN NUOVO QUESTIONARIO**  \n\n5. Attendere che la parte introduttiva del questionario si compili automaticamente. Procedere quindi alla compilazione esclusiva dei dati evidenziati in rosso. Successivamente, fare clic su ""Crea questionario"".', '**SISTEMA QUESTIONARI**\n\n**CREAZIONE DI UN NUOVO QUESTIONARIO**\n\nDurante la compilazione del questionario, nell\'angolo in alto a sinistra verrà generato un indice riassuntivo. Per proseguire con la compilazione, è necessario utilizzare le frecce situate nella parte inferiore. Dopo aver risposto alle domande di ciascuna sezione, è fondamentale cliccare sul pulsante ""Salva"". È possibile visualizzare l\'intestazione iniziale del questionario facendo clic sull\'apposito pulsante.\n\n**INDICE DEL QUESTIONARIO**\n\n- Pulsante di intestazione\n- Frecce e pulsante ""Salva""', 'Il pulsante «Visualizza» permette esclusivamente di visualizzare le risposte selezionate nel questionario prima del salvataggio. \n\nQuestionario salvato come bozza \n(per continuare la compilazione, cliccare su «Modifica») \n14', ""La schermata principale dell'app presenta diverse funzionalità utili per la gestione dei questionari. In primo luogo, è possibile visualizzare un elenco dei questionari già compilati, oltre a effettuare una ricerca libera tra di essi. \n\nSe si desidera iniziare un nuovo questionario, è disponibile un'apposita funzione. Inoltre, è presente la funzione di eliminazione del questionario, che può essere utilizzata solo per quelli che non sono stati caricati e che sono stati terminati. \n\nUn'altra funzionalità importante è quella di caricare un questionario, che consente di completare il controllo. Questa opzione è attivabile solo quando il questionario è completamente compilato e compare anche al termine della compilazione. \n\nIn aggiunta, è possibile copiare un questionario già completo, il che permette di avviare una nuova verifica mantenendo traccia delle risposte del questionario originale per lo stesso allevamento. Questa funzione diventa disponibile solo dopo aver terminato e caricato il questionario. \n\nInfine, è possibile cliccare per aprire un questionario incompleto e completare il controllo."", 'il sistema integrato classyfarm offre una guida per linserimento della check list per la valutazione del rischio relativo al taglio della coda allinterno dellapp sono disponibili diverse funzioni e comandi generali in primo luogo è possibile visualizzare un elenco dei questionari già compilati oltre a effettuare una ricerca libera per trovare specifici questionari completati se si desidera iniziare un nuovo questionario è disponibile unapposita funzione per farlo in caso di necessità è possibile eliminare un questionario ma questa opzione è limitata ai questionari che non sono stati ancora caricati e che non sono stati completati una volta che un questionario è stato completato è possibile utilizzare la funzione di caricamento che consente di terminare il controllo questa funzione è attivabile solo quando tutte le sezioni del questionario sono state completate e compare anche alla fine del questionario stesso in aggiunta esiste la funzione di copia del questionario che consente di duplicare un questionario già completo questa opzione è utile per procedere con una nuova verifica mantenendo traccia delle risposte del questionario originale per lo stesso allevamento è importante notare che questa funzione appare solo dopo aver terminato e caricato il questionario infine è possibile cliccare per aprire un questionario incompleto e completare il controllo', 'il sistema integrato classyfarm offre una guida per linserimento della check list relativa al benessere durante le fasi di svezzamento e ingrasso allinterno dellapp sono disponibili diversi comandi generali che facilitano la gestione dei questionari in primo luogo è possibile visualizzare un elenco dei questionari già compilati oltre a effettuare una ricerca libera per trovare specifici questionari completati se si desidera iniziare un nuovo questionario è disponibile unapposita funzione per farlo inoltre lapp consente di eliminare questionari ma questa operazione è possibile solo per quelli che non sono stati caricati e che non sono stati terminati unaltra funzione utile è quella di caricare un questionario che permette di completare il controllo questa opzione è attivabile solo quando il questionario è stato completamente compilato è importante notare che la funzione di caricamento compare anche alla fine del questionario unaltra caratteristica interessante è la possibilità di copiare un questionario già completo questa funzione consente di procedere con una nuova verifica mantenendo traccia delle risposte del questionario originale per lo stesso allevamento tuttavia la funzione di copia è disponibile solo dopo aver terminato e caricato il questionario infine è possibile cliccare per aprire un questionario incompleto e completare il controllo garantendo così una gestione efficiente e organizzata delle informazioni relative al benessere degli animali', ""Selezionare il questionario di interesse, fare clic sull'icona e successivamente su «Compila».  \nCompilazione del Questionario  \n10"", 'il sistema integrato classyfarm offre una guida per linserimento della check list sul benessere dei riproduttori tra le funzionalità principali dellapp troviamo un elenco dei questionari già compilati che consente di visualizzare rapidamente le informazioni inserite è possibile effettuare una ricerca libera per trovare specifici questionari compilati per avviare un nuovo questionario lutente può selezionare lapposita funzione inoltre è prevista la possibilità di eliminare un questionario ma questa opzione è disponibile solo per i questionari che non sono stati ancora caricati e che non sono stati completati una funzione importante è quella di caricare un questionario che consente di terminare il controllo questa operazione è possibile solo quando il questionario è stato completato in tutte le sue parti è utile notare che lopzione di caricamento appare anche al termine del questionario infine lapp offre la funzione di copiare un questionario completo questa opzione permette di effettuare una nuova verifica mantenendo traccia delle risposte del questionario originale per lo stesso allevamento la funzione di copia diventa disponibile solo dopo che il questionario è stato terminato e caricato per completare un questionario incompleto è sufficiente cliccare sullapposito pulsante per aprirlo e proseguire con il controllo', 'la schermata principale dellapp presenta diverse funzionalità utili per la gestione dei questionari in primo luogo è possibile visualizzare un elenco dei questionari già compilati oltre a effettuare una ricerca libera tra di essi se si desidera iniziare un nuovo questionario è disponibile unapposita funzione inoltre è presente la funzione di eliminazione del questionario che può essere utilizzata solo per quelli che non sono stati caricati e che sono stati terminati unaltra funzionalità importante è quella di caricare un questionario che consente di completare il controllo questa opzione è attivabile solo quando il questionario è completamente compilato e compare anche al termine della compilazione in aggiunta è possibile copiare un questionario già completo il che permette di avviare una nuova verifica mantenendo traccia delle risposte del questionario originale per lo stesso allevamento questa funzione diventa disponibile solo dopo aver terminato e caricato il questionario infine è possibile cliccare per aprire un questionario incompleto e completare il controllo', '**12  \nSISTEMA QUESTIONARI  \nCREAZIONE DI UN NUOVO QUESTIONARIO**  \nDurante la compilazione del questionario, nell\'angolo in alto a sinistra verrà generato un indice riassuntivo. Per proseguire con la compilazione, è necessario utilizzare le frecce situate in basso. Dopo aver risposto alle domande di ciascuna sezione, è fondamentale cliccare sul tasto ""Salva"". È possibile visualizzare l\'intestazione iniziale del questionario facendo clic sull\'apposito tasto.  \n\n**INDICE DEL QUESTIONARIO**  \n- TASTO INTESTAZIONE  \n- FRECCE E TASTO SALVA']","Non riesci a eliminare un questionario che hai creato perché, in alcune circostanze, è necessario modificare una delle risposte e salvare le modifiche prima di poter procedere con la cancellazione. Inoltre, assicurati che il questionario non sia stato caricato e che sia stato completato, poiché l'opzione di eliminazione è disponibile solo per i questionari non caricati e non completati.","Per eliminare un questionario è necessario cliccare su ""Azioni"" e poi ""Cancella"". In alcuni casi, prima di poter cancellare il questionario, è necessario modificare una delle risposte e salvare le modifiche: per farlo si clicca sul questionario di interesse nell’elenco, poi su ""Azioni"" e infine su ""Modifica"".",0.6,0.9999999999999998,,1.0,0.3333406958474123,OK,True
Quali sono considerati principi attivi critici nell’ambito della DDDAit?,"['Ministero della Salute – Direzione Generale della Sanità Animale e dei Farmaci Veterinari  \nDose Giornaliera Definita per Animali in Italia (DDDAit)  \n\n20  \nPrincipi attivi ""critici"".', 'Ministero della Salute – Direzione Generale della Sanità Animale e dei Farmaci Veterinari  \nDose Giornaliera Definita per gli Animali in Italia (DDDAit)  \n\nPrincipi attivi ""critici""  \nÈ fondamentale preservare l\'efficacia di ciascun antimicrobico; tuttavia, non tutti i principi attivi rivestono la medesima importanza in relazione all\'antibiotico-resistenza. Alcuni di essi sono di cruciale rilevanza per la medicina umana, classificati come ""di importanza critica"", e la loro efficacia deve essere considerata una priorità.  \n\nAttualmente, non esistono indicazioni univoche per la classificazione delle molecole ""critiche"", e le linee guida delle diverse agenzie nazionali e internazionali possono presentare differenze significative. Pertanto, i criteri adottati dal sistema ClassyFarm sintetizzano quanto stabilito dalle due principali organizzazioni internazionali che si occupano di questa problematica: l\'Organizzazione Mondiale della Sanità (OMS) e l\'Agenzia Europea per i Medicinali (EMA).', ""La DCDAit del principio attivo di un determinato farmaco si ottiene moltiplicando la DDDAit per i giorni di trattamento. \n\n**DDDAit**  \nDefined Daily Dose Animal for Italy - rappresenta la dose in milligrammi di principio attivo utilizzata per mantenere in trattamento un chilogrammo di peso vivo nell'arco di ventiquattro ore. Questa dose non corrisponde a quella realmente somministrata in campo, ma piuttosto alla posologia corretta, come definita dal riassunto delle caratteristiche del prodotto (RCP). Tale dose è identificata e distinta per ciascun principio attivo presente nei farmaci antimicrobici veterinari utilizzabili nelle specie incluse nel sistema di monitoraggio.\n\n**EMA**  \nEuropean Medicines Agency\n\n**ESVAC**  \nEuropean Surveillance of Veterinary Antimicrobial Consumption\n\n**OMS**  \nOrganizzazione Mondiale della Sanità\n\n**PA**  \nPrincipio attivo\n\n**PCU**  \nPopulation Correction Unit\n\n**PNCAR**  \n[Nota: il significato di PNCAR non è fornito nel testo originale e potrebbe necessitare di una definizione specifica.]"", '**DDDAit come riportato nella Tabella 3.**\n\n**Tabella 3 – Casi specifici per il calcolo delle DDDAit**\n\n| Caso specifico | Soluzione adottata |\n|----------------|--------------------|\n| Dose indicata in forma d’intervallo (massimo e minimo dosaggio giornaliero) | DDDAit identificata come media di tale intervallo. Esempio: principio attivo con un dosaggio di 5-10 mg/kg al giorno; DDDAit = 7,5. |\n| Farmaco contenente più di un principio attivo | DDDAit assegnata separatamente per ciascun principio attivo. |\n| Principio attivo a rilascio prolungato | DDDAit calcolata dividendo la dose per la durata dell’attività terapeutica. Esempio: principio attivo che, con una singola somministrazione di 12 mg/kg, fornisce un intero ciclo terapeutico di 6 giorni; DDDAit = 2. |\n| Farmaco che prevede un dosaggio diverso a seconda della categoria animale | DDDAit assegnate separatamente per ciascuna categoria animale. |\n| Principio espresso in Unità Internazionali | Conversione in milligrammi secondo le indicazioni fornite da ESVAC (vedi Tabella 1). |\n| Dosaggio espresso come concentrazione del |  |', '**Categoria**: Procedure  \n**Contesto**: Raccolta dati ClassyFarm e BDN  \n\n**Domanda**: Cosa si intende per ""animali a rischio"" nel contesto del calcolo DDDAit?  \n**Risposta**: Gli ""animali a rischio"" sono definiti come quegli animali che possono essere esposti ai medicinali antimicrobici in un determinato periodo. La loro biomassa viene impiegata per normalizzare i consumi di antimicrobici e costituisce la base di calcolo per gli indicatori di consumo.  \n**Categoria**: Definizioni  \n**Contesto**: Classificazione degli animali a rischio  \n\n**Domanda**: Per quale motivo è fondamentale monitorare il consumo di antimicrobici negli allevamenti?  \n**Risposta**: Il monitoraggio del consumo di antimicrobici è essenziale per valutare l\'esposizione reale degli animali, analizzare le tendenze di utilizzo e prevenire la diffusione dell\'antimicrobico-resistenza, in conformità con il Piano Nazionale di Contrasto dell\'Antimicrobico-Resistenza (PNCAR).  \n**Categoria**: Avvertenze  \n**Contesto**: Obiettivi del monitoraggio', ""Il testo presenta i criteri di ammissibilità per l'intervento PD05-ECO1.2, suddivisi in due punti principali. \n\nIn primo luogo, i valori DDD devono essere uguali o inferiori alla mediana. In secondo luogo, se i valori DDD superano la mediana, è necessario che questi valori siano ridotti del 10% rispetto all'anno precedente.\n\nPer quanto riguarda la verifica di ammissibilità dell'intervento per gli anni di domanda 2023 e 2024, sono previsti specifici controlli. Questi controlli sono documentati nella comunicazione di AGEA, identificata con il protocollo Uscita N.0002664, datata 12 gennaio 2024. Questo protocollo è stato citato più volte, sottolineando l'importanza della documentazione per la verifica dell'intervento."", '− Macrolidi ad azione ""long-acting"" (gamitromicina, tildipirosina, tulatromicina nel suino);  \n− Antimicrobici intramammari per la terapia in asciutta (tutti);  \n− Alcuni principi attivi contenuti in medicinali autorizzati alla vendita in Italia (ad esempio, dicloxacillina iniettabile).  \n\nPertanto, l\'implementazione diretta delle DDDvet avrebbe richiesto un approccio ibrido, che avrebbe combinato l\'indicatore ESVAC con standard basati su dati nazionali. Un\'altra differenza tra DDDAit e DDDvet è rappresentata dalle modalità di assegnazione delle DDD: nel caso delle DDDAit, ogni medicinale ha una specifica unità di misura (si veda il capitolo 3).  \n\nDanimarca, Finlandia, Francia, Germania, Paesi Bassi, Spagna, Svezia, Regno Unito e Repubblica Ceca.', ""**Ministero della Salute – Direzione Generale della Sanità Animale e dei Farmaci Veterinari**  \n**Dose Giornaliera Definita per Animali in Italia (DDDAit)**  \n\n1. **Definizioni e acronimi**  \n   **AACTING**  \n   Rete per la quantificazione dell'uso degli antimicrobici veterinari a livello di allevamento e per l'analisi, comunicazione e benchmarking al fine di migliorare l'uso responsabile.  \n\n   **AMEG**  \n   Gruppo di Esperti Ad Hoc per la Consulenza sugli Antimicrobici.  \n\n   **BDN**  \n   Banca Dati Nazionale per l’identificazione e registrazione degli animali.  \n\n   **ClassyFarm**  \n   Sistema informatizzato per la classificazione delle aziende zootecniche basato su una valutazione dei rischi.  \n\n   **DDD**  \n   Dose Giornaliera Definita.  \n\n   **DCDAit**  \n   Dose Correttamente Definita per Animali in Italia - dose espressa in milligrammi di principio attivo utilizzata per mantenere in trattamento un chilogrammo di peso vivo durante l'intero ciclo terapeutico. Tale dose non corrisponde a quella realmente somministrata, ma è quella corretta, definita dal riassunto delle caratteristiche del prodotto (RCP). La DCDAit del..."", 'Ecco la riscrittura del testo in italiano professionale, mantenendo i dati tecnici:\n\n```json\n[\n  {\n    ""Domanda"": ""Cosa indica l\'acronimo DDDAit?"",\n    ""Risposta"": ""DDDAit sta per Defined Daily Dose Animal for Italy. Si riferisce alla dose in milligrammi di principio attivo necessaria per mantenere in trattamento un chilogrammo di peso vivo animale per un periodo di 24 ore. La DDDAit rappresenta una dose standard di riferimento, distinta dalla dose effettivamente somministrata, ed è definita in base al Riassunto delle Caratteristiche del Prodotto (RCP) dei farmaci veterinari."",\n    ""Categoria"": ""Definizioni"",\n    ""Contesto"": ""Indicatori di consumo antimicrobici""\n  },\n  {\n    ""Domanda"": ""Cosa si intende per DCDAit?"",\n    ""Risposta"": ""La DCDAit (Defined Course Dose Animal for Italy) rappresenta la quantità totale di principio attivo, espressa in milligrammi, necessaria per mantenere un chilogrammo di peso vivo sotto trattamento per l\'intero ciclo terapeutico. Essa viene calcolata moltiplicando la DDDAit per il numero di giorni previsti per il trattamento."",\n    ""Categoria"": ""Definizioni""\n  }\n]\n```', 'ministero della salute direzione generale della sanità animale e dei farmaci veterinari dose giornaliera definita per animali in italia dddait 20 principi attivi critici', ""**Ministero della Salute – Direzione Generale della Sanità Animale e dei Farmaci Veterinari**  \n**Dose Giornaliera Definita per gli Animali in Italia (DDDAit)**  \n\n**Calcolo delle DDDAit Totali**  \nPoiché la dose terapeutica degli antimicrobici può variare significativamente, i milligrammi di principio attivo consumati vengono rapportati alla loro dose giornaliera, secondo lo standard DDDAit. Una DDDAit, salvo casi particolari (ad esempio, prodotti intrauterini o intramammari), rappresenta la dose in milligrammi di principio attivo necessaria per trattare un chilogrammo di peso corporeo nell'arco di ventiquattro ore. Tale dosaggio non corrisponde a quello effettivamente somministrato a ciascun animale trattato, ma è quello definito nel Riassunto delle Caratteristiche del Prodotto (RCP). Per ciascun medicinale veterinario è stata calcolata una specifica DDDAit.\n\nNel caso in cui i dosaggi non siano stati espressi in modo univoco nell'RCP, si è proceduto a definire la DDDAit come indicato nella Tabella 3.\n\n**Tabella 3 – Casi Specifici per il Calcolo delle DDDAit**"", '**Categoria**: ""Definizioni""  \n**Contesto**: ""Indicatori di consumo antimicrobici""  \n\n**Domanda**: ""Qual è l’obiettivo del sistema DDDAit?""  \n**Risposta**: ""L’obiettivo del sistema DDDAit è fornire uno strumento standardizzato per la misurazione e il confronto del consumo di antimicrobici negli allevamenti italiani, contribuendo così alla riduzione dell\'uso eccessivo e alla prevenzione dell\'antimicrobico-resistenza.""  \n**Categoria**: ""Definizioni""  \n**Contesto**: ""Scopo della metodologia""  \n\n**Domanda**: ""Qual è la fonte dei dati utilizzati per il calcolo del consumo di antimicrobici?""  \n**Risposta**: ""I dati sono estratti dal sistema informatizzato di tracciabilità dei medicinali veterinari e dei mangimi medicati, il quale comprende la ricetta veterinaria elettronica e il registro dei trattamenti. In assenza di tali registri, si ricorre ai dati relativi agli scarichi di scorte autorizzate di medicinali veterinari.""  \n**Categoria**: ""Procedure""', '**Contesto**: ""Formula di calcolo DDDAit""\n\n1. **Domanda**: Qual è la formula generale per calcolare il consumo di antimicrobici?\n   **Risposta**: Il consumo di antimicrobici è calcolato mediante la seguente formula: (Quantità di principio attivo utilizzato in mg) / (DDDAit × biomassa animale esposta). Questo valore consente di stimare l\'intensità di utilizzo dei medicinali veterinari in relazione al peso totale degli animali trattati.\n   **Categoria**: Comandi operativi\n   **Contesto**: Calcolo del consumo di antimicrobici\n\n2. **Domanda**: Che cosa rappresenta la \'biomassa animale esposta\' nel calcolo DDDAit?\n   **Risposta**: La biomassa animale esposta rappresenta il peso totale, espresso in chilogrammi, degli animali potenzialmente trattati in un determinato periodo. Tale valore è stimato sulla base dei dati anagrafici, produttivi e di movimentazione registrati nella Banca Dati Nazionale (BDN).\n   **Categoria**: Definizioni\n   **Contesto**: Parametri di calcolo', 'ecco la riscrittura del testo in italiano professionale mantenendo i dati tecnici json categoria procedure contesto vie di somministrazione domanda cosa si intende per principi attivi critici nel contesto del monitoraggio antimicrobico risposta i principi attivi critici sono sostanze antimicrobiche ritenute di fondamentale importanza per la medicina umana secondo le classificazioni dellorganizzazione mondiale della sanità oms e dellagenzia europea per i medicinali ema limpiego veterinario di tali principi è soggetto a un monitoraggio prioritario e richiede particolare attenzione categoria avvertenze contesto farmaci critici e priorità domanda qual è la gestione dei principi attivi critici allinterno del sistema classyfarm risposta il sistema classyfarm è in grado di identificare automaticamente i trattamenti contenenti principi attivi critici evidenziandoli nei report di consumo ciò consente di monitorare la frequenza duso e di implementare misure correttive in caso di utilizzo eccessivo categoria procedure contesto monitoraggio dei principi attivi critici', ""Il calcolo delle DDDAit per specialità medicinali veterinarie (spray, creme, colliri, ecc.) non può essere standardizzato secondo la metodologia precedentemente descritta, in quanto essa si basa sui milligrammi di principio attivo somministrati per chilogrammo di peso vivo. Pertanto, il calcolo dei consumi di tali specialità, quando incluse nel sistema di monitoraggio, richiede un approccio differente.\n\n**Intramammari (lattazione)**  \nLa DDDAit rappresenta il numero medio di tubi-siringa somministrati per ciascun quarto mammario nell'arco di 24 ore. Tutti i dosaggi sono calcolati considerando due mungiture al giorno.\n\n**Intramammari (asciutta)**  \nConsiderata la lunga durata dell'azione terapeutica di questi farmaci, non è stato possibile calcolare una DDDAit corretta; pertanto, è stato adottato il valore convenzionale pari a 1, come già riportato in letteratura. Per ulteriori chiarimenti, si rimanda al secondo esempio del capitolo successivo sul Calcolo dei “giorni/animale”.\n\n**Intrauterini**""]","I principi attivi critici nell'ambito della DDDAit sono sostanze antimicrobiche ritenute di fondamentale importanza per la medicina umana, secondo le classificazioni dell'Organizzazione Mondiale della Sanità (OMS) e dell'Agenzia Europea per i Medicinali (EMA). L'uso veterinario di tali principi è soggetto a un monitoraggio prioritario e richiede particolare attenzione per preservare la loro efficacia e prevenire l'antibiotico-resistenza.","Non sono disponibili indicazioni univoche per la classificazione delle molecole critiche e le linee guida delle agenzie nazionali e internazionali possono divergere. ClassyFarm adotta i seguenti criteri: i principi attivi sono critici quando fanno parte di una classe di antimicrobici che soddisfa due condizioni, essere classificata dall’OMS come HP-CIA e dall’EMA come categoria 2. I consumi di principi attivi sono considerati critici quando le molecole somministrate appartengono alle seguenti classi: cefalosporine di III e IV generazione, fluorchinoloni, polimixine.",1.0,0.9164532321505007,,0.6666666666666666,0.1654847411591286,OK,True
Per cosa sta BDN?,"[""[DASHBOARD] Il testo fornisce indicazioni sulla verifica della presenza e della correttezza del registro di carico e scarico in BDN, con l'obiettivo di valutare eventuali mortalità anomale. È fondamentale controllare che, in caso di mortalità anomale, queste siano state correttamente individuate, registrate e segnalate.\n\nSi definisce una situazione non adeguata quando:\n- Non è presente in BDN il registro di carico e scarico.\n- Le informazioni non sono state registrate correttamente o sono assenti.\n- Ci sono evidenze di mortalità anomale che non sono state registrate, in conformità con il D. Lgs. 5 agosto 2022, n. 136.\n\nAl contrario, si considera adeguata la situazione in cui:\n- È presente in BDN il registro di carico e scarico.\n- Le informazioni sono state registrate correttamente.\n- Non ci sono evidenze di mortalità anomale non registrate, sempre in conformità con il D. Lgs. 5 agosto 2022, n. 136.\n\nInoltre, viene sottolineata l'importanza della tenuta dei registri, in particolare per quanto riguarda la registrazione dei dati relativi ai trattamenti farmacologici, come indicato nel D. Lgs. 146/2001 e nell'allegato relativo alla registrazione. Questi elementi di verifica sono considerati prerequisiti per il sistema di qualità SQNBA."", 'La tabella presenta un elenco di capi presenti nel sistema BDN, con registrazioni effettuate fino alla data di stampa della checklist. I capi sono suddivisi in due categorie: ""SI"" e ""NO"". \n\nIn particolare, per quanto riguarda i capannoni ispezionati, si riscontra una alternanza tra le risposte affermative e negative. Alcuni capannoni sono stati ispezionati e risultano presenti nel sistema, mentre altri non sono stati ispezionati o non sono presenti.\n\nInfine, si fa riferimento ad altri capannoni che sono stati ispezionati ma non risultano nel sistema BDN.', 'La tabella presenta un elenco di capi presenti nel sistema BDN, con registrazioni effettuate fino alla data di stampa della checklist. I capi sono suddivisi in due categorie: ""SI"" e ""NO"". \n\nIn particolare, per quanto riguarda i capannoni ispezionati, si evidenziano le seguenti informazioni: alcuni capannoni sono stati ispezionati e risultano presenti nel sistema, mentre altri non sono stati ispezionati o non sono presenti. \n\nIn aggiunta, si fa riferimento ad altri capannoni che sono stati ispezionati ma non risultano nel sistema BDN. \n\nQuesta struttura consente di avere una visione chiara della situazione attuale riguardante i capi e i capannoni ispezionati.', 'L\'operatore è responsabile della registrazione in BDN (Banca Dati Nazionale) di tutte le informazioni relative agli animali, che devono essere identificati singolarmente, nonché per le partite, gli insiemi e i gruppi di animali. Questa registrazione deve avvenire nei tempi e con le modalità stabilite nel manuale operativo, e serve anche per generare il registro delle attività svolte nella stessa BDN. È importante notare che questo registro elettronico sostituisce qualsiasi altro tipo di registro aziendale, sia cartaceo che su altri supporti, riguardante l\'identificazione e la registrazione degli animali.\n\nInoltre, nel caso in cui le funzionalità informatiche specifiche per il tipo di stabilimento di cui sono responsabili non siano ancora disponibili nel sistema ""ClassyFarm.it"", gli operatori devono comunque adempiere agli obblighi previsti. In tal caso, devono mantenere la documentazione in modalità elettronica o cartacea per un periodo di cinque anni, assicurandosi di includere almeno le informazioni indicate nell\'allegato 3 del decreto in questione.', 'Il testo analizza la conformità riguardo alla registrazione delle informazioni nel sistema BDN (Banca Dati Nazionale) in relazione al registro di carico e scarico, secondo quanto stabilito dal Decreto Legislativo del 5 agosto 2022, n. 136.\n\nSi considera non conforme la situazione in cui:\n- È assente il registro di carico e scarico nella BDN.\n- Le informazioni non sono registrate correttamente.\n- Sono evidenziate mortalità anomale non registrate.\n\nIn questo caso, il livello di non conformità è indicato come ""NO"".\n\nAl contrario, si considera conforme la situazione in cui:\n- Il registro di carico e scarico è presente nella BDN.\n- Le informazioni sono registrate correttamente.\n- Non ci sono evidenze di mortalità anomale non registrate.\n\nIn questo scenario, il livello di non conformità è indicato come ""SI"". \n\nIn particolare, si evidenzia che:\n- In BDN è presente il registro di carico e scarico.\n- Le informazioni vengono correttamente registrate.\n- Non sono presenti episodi di mortalità anomale non registrate.\n\nLe evidenze raccolte sono le seguenti:\n- Non ci sono anomalie nella categoria A.\n- Non ci sono anomalie nella categoria C.\n- Ci sono anomalie nella categoria B.\n\nSi annotano eventuali rilievi riguardanti mortalità anomale non registrate o mancanza di registrazioni delle informazioni nel sistema BDN. Infine, si sottolinea l\'importanza della tenuta dei registri dei trattamenti farmacologici.', ""Alla data di stampa della checklist, sono stati registrati nel sistema i seguenti capi presenti in BDN: un capo di ovini e un capo di caprini. È importante notare che i capi circolanti identificati includono soggetti con un'età inferiore ai 12 mesi o superiore ai 12 mesi, che sono stati presenti almeno un giorno in allevamento negli ultimi 12 mesi.\n\nInoltre, si evidenziano alcuni rapporti significativi: il primo riguarda il numero di capi morti in azienda negli ultimi 12 mesi, suddivisi per età (sotto e sopra i 12 mesi), rispetto al numero totale di capi circolanti in allevamento nello stesso periodo. Il secondo rapporto si concentra sugli agnelli e capretti, analizzando il numero di esemplari non identificati o identificati in modalità semplificata che sono morti in azienda negli ultimi 12 mesi, rispetto alla somma degli agnelli e capretti usciti per partita e di quelli morti in azienda.\n\nInfine, si specifica che nel caso in cui un proprietario o operatore abbia registrato un solo allevamento in BDN per una delle due specie, le informazioni saranno gestite di conseguenza."", 'Nella pagina 8 di un documento di 32 pagine, si evidenziano alcuni aspetti relativi alla registrazione delle informazioni nel BDN (Banca Dati Nazionale). In particolare, si sottolinea che nel BDN è presente un registro di carico e scarico, dove le informazioni vengono registrate in modo corretto. Non sono stati riscontrati episodi di mortalità anomale non registrati, il che è un segnale positivo per la gestione degli animali.\n\nPer quanto riguarda le evidenze, si specifica che non ci sono anomalie nelle categorie A e C, mentre per la categoria B non sono state riscontrate problematiche. La situazione è considerata ottimale.\n\nInoltre, si fa riferimento alla tenuta del registro dei trattamenti farmacologici, come previsto dalla normativa vigente. Secondo il decreto legislativo 146/2001, il proprietario, il custode o il detentore degli animali è obbligato a mantenere un registro dei trattamenti terapeutici effettuati. Le modalità di registrazione e conservazione devono seguire quanto stabilito dal decreto legislativo 27 gennaio 1992, n. 119, e dalle successive modifiche e integrazioni, nonché dal decreto legislativo 4 agosto 1999, n. 336. I registri devono essere conservati per un periodo specificato dalla normativa.', 'Il testo fornisce informazioni riguardanti la conformità rispetto alla registrazione delle informazioni e alla mortalità anomala, in base al D. Lgs. 5 agosto 2022, n. 136. \n\nIn primo luogo, si evidenzia che non ci sono informazioni o evidenze di mortalità anomale non registrate, il che porta a una valutazione di conformità. In questo caso, il livello di non conformità è indicato come ""NO"". Si considera conforme la situazione in cui è presente, nel sistema BDN, il registro di carico e scarico, con una corretta registrazione delle informazioni e l\'assenza di episodi di mortalità anomala non registrati.\n\nD\'altra parte, nel caso in cui il registro di carico e scarico sia presente in BDN, le informazioni siano correttamente registrate e non si riscontrino episodi di mortalità anomala non registrati, il livello di non conformità è indicato come ""SI"". \n\nIn sintesi, la conformità è garantita dalla presenza del registro e dalla corretta registrazione delle informazioni, mentre la non conformità è assente quando non ci sono evidenze di mortalità anomala non registrate.', ""[ASSISTENZA_TELEFONICA] Il D.Lgs. 134/2022, all'articolo 9, comma 10, stabilisce che l'operatore è responsabile della registrazione in BDN (Banca Dati Nazionale) di tutte le informazioni relative agli animali identificati singolarmente, alle partite, agli insiemi e ai gruppi di animali. Questa registrazione deve includere anche gli eventi che riguardano gli animali, seguendo i tempi e le modalità specificate nel presente articolo e nel manuale operativo. È importante notare che il registro generato nella BDN sostituisce qualsiasi altro registro aziendale, sia esso cartaceo o su altro supporto, che riguardi l'identificazione e la registrazione degli animali. Inoltre, si fa riferimento a disposizioni dell'autorità competente che possono essere attuate durante le ispezioni o su richiesta. Si precisa che i riferimenti al D.P.R. 8 febbraio 1954, n. 320, attualmente abrogato, devono essere interpretati come relativi ai corrispondenti articoli dei decreti legislativi 5 agosto 2022, n. 134 e n. 136."", 'Il Decreto Legislativo 134, articolo 9, comma 10, stabilisce che l\'operatore è responsabile della registrazione in BDN (Banca Dati Nazionale) di tutte le informazioni relative agli animali identificati singolarmente, alle partite, agli insiemi e ai gruppi di animali. Questa registrazione deve includere anche gli eventi che riguardano gli animali, seguendo i tempi e le modalità previste dal presente articolo e dal manuale operativo. È importante notare che il registro generato nella BDN sostituisce qualsiasi altro registro aziendale, sia cartaceo che su altri supporti, riguardante l\'identificazione e la registrazione degli animali.\n\nIn aggiunta, il Decreto Legislativo 136/2022, articolo 6, tratta della notifica e comunicazione delle malattie all\'Autorità competente. In particolare, l\'articolo 11, comma 4, specifica che gli operatori devono agire nel caso in cui le funzionalità informatiche necessarie per la tipologia di stabilimento non siano ancora disponibili nel sistema ""ClassyFarm.it"".', 'Il testo riguarda la verifica delle mortalità anomale e le relative procedure di registrazione e segnalazione. \n\nIn primo luogo, è necessario controllare se si sono verificate mortalità anomale. Se tali eventi si sono verificati, è fondamentale accertarsi che siano stati correttamente individuati, registrati e segnalati. \n\nUn\'assenza del registro di carico e scarico nel BDN (Banca Dati Nazionale) o una registrazione non corretta delle informazioni, così come la presenza di mortalità anomale non registrate, sono considerate non conformi secondo il Decreto Legislativo del 5 agosto 2022, n. 136. In questo caso, il livello di non conformità è indicato come ""NO"".\n\nAl contrario, si considera conforme la situazione in cui il registro di carico e scarico è presente nel BDN e le informazioni sono registrate correttamente, senza evidenza di mortalità anomale non registrate. In questo scenario, il livello di non conformità è indicato come ""SI"".', 'Il Decreto Legislativo 136/2022 stabilisce importanti disposizioni riguardanti la registrazione delle attività aziendali nel contesto della BDN (Banca Dati Nazionale). In particolare, il registro della propria attività deve essere generato all\'interno della BDN e sostituisce qualsiasi altro registro aziendale, sia cartaceo che digitale, relativo all\'identificazione e alla registrazione degli animali.\n\nIn merito alla notifica e comunicazione delle malattie, l\'articolo 6 del decreto sottolinea l\'importanza di informare l\'Autorità competente. Inoltre, l\'articolo 11, comma 4, specifica che gli operatori, nel caso in cui le funzionalità informatiche necessarie non siano ancora disponibili nel sistema ""ClassyFarm.it"" per il tipo di stabilimento di cui sono responsabili, devono comunque adempiere agli obblighi previsti dal decreto. In tal caso, sono tenuti a mantenere, per un periodo di cinque anni, la documentazione in modalità elettronica o cartacea, assicurandosi di includere almeno le informazioni indicate nell\'allegato 3 del decreto.\n\nL\'allegato 3 si concentra sull\'individuazione, registrazione e segnalazione delle mortalità anomale, evidenziando ulteriormente l\'importanza della tracciabilità e della comunicazione tempestiva in ambito zootecnico.', 'ecco la riscrittura del testo in italiano professionale mantenendo i dati tecnici json domanda cosa indica lacronimo dddait risposta dddait sta per defined daily dose animal for italy si riferisce alla dose in milligrammi di principio attivo necessaria per mantenere in trattamento un chilogrammo di peso vivo animale per un periodo di 24 ore la dddait rappresenta una dose standard di riferimento distinta dalla dose effettivamente somministrata ed è definita in base al riassunto delle caratteristiche del prodotto rcp dei farmaci veterinari categoria definizioni contesto indicatori di consumo antimicrobici domanda cosa si intende per dcdait risposta la dcdait defined course dose animal for italy rappresenta la quantità totale di principio attivo espressa in milligrammi necessaria per mantenere un chilogrammo di peso vivo sotto trattamento per lintero ciclo terapeutico essa viene calcolata moltiplicando la dddait per il numero di giorni previsti per il trattamento categoria definizioni', 'assistenza_telefonica il codice penale italiano allinterno del libro iii titolo i capo ii sezione i articolo 727 stabilisce che chiunque detiene animali in condizioni incompatibili con la loro natura e che producono gravi sofferenze è soggetto alla stessa pena tuttavia determinare in anticipo cosa si intenda per natura degli animali o per gravi sofferenze è un compito complesso questo processo deve tenere conto di diversi fattori tra cui il grado di sviluppo ladattamento e laddomesticamento della specie oltre alle esigenze fisiologiche ed etologiche degli animali stessi è fondamentale basarsi sullesperienza accumulata e sulle conoscenze scientifiche attualmente disponibili come indicato nel decreto legislativo 146/2001 articolo 4 paragrafo 1 lettera a è importante evitare di confondere la reale condizione di vita degli animali con le aspettative e le conoscenze specifiche che ciascuno di noi ha riguardo allallevamento zootecnico per questi motivi il ministero della salute con il supporto del crenba sta lavorando su queste tematiche', ""Per garantire una corretta gestione delle informazioni relative al registro di carico e scarico, è fondamentale seguire alcuni passaggi. Innanzitutto, è necessario verificare la presenza del registro stesso all'interno della BDN. Successivamente, si deve controllare che le informazioni siano state registrate in modo accurato. Questo processo è essenziale per valutare se si siano verificate eventuali mortalità anomale.\n\nNel caso in cui si riscontrino mortalità anomale, è importante accertarsi che queste siano state correttamente individuate, registrate e segnalate. Questo assicura una gestione adeguata delle anomalie e contribuisce a mantenere la qualità e l'affidabilità dei dati.""]","BDN sta per Banca Dati Nazionale, un sistema utilizzato per la registrazione delle informazioni relative agli animali, inclusi i registri di carico e scarico.",BDN sta per Banca dati nazionale.,1.0,0.8692220503094599,,1.0,0.5728832416048669,OK,True
Quali sono le aree in cui vengono divisi gli elementi di valutazione della check-list ufficiale?,"[""Il testo discute la possibilità di effettuare valutazioni a campione all'interno delle diverse categorie di animali, come ad esempio quelli di età differente. Questa pratica è particolarmente utile quando le strutture e le attrezzature sono molto simili tra loro. Tuttavia, se gli ambienti e i ricoveri per la stessa categoria di animali presentano notevoli differenze, è necessario ripetere le misurazioni per garantire l'accuratezza dei risultati. La scelta del metodo di valutazione deve essere documentata nella sezione della check list dedicata alla raccolta delle evidenze, specificando quale approccio campionario è stato utilizzato.\n\nIn merito ai criteri di valutazione per i requisiti del controllo ufficiale, le attività di osservazione e rilevazione condotte dal veterinario ufficiale riguardano parametri stabiliti dalle normative. Queste attività sono suddivise in diverse opzioni di scelta, come indicato nella Tabella 1, che fornisce una legenda per le non conformità. \n\nLa tabella classifica la non conformità su una scala e livello specifici, con le seguenti azioni intraprese dall'autorità competente: nel caso di conformità, non vengono intraprese azioni; per la categoria A, che rappresenta una non conformità minore, si procede con ulteriori valutazioni."", ""La nuova check-list di farmacovigilanza, contenuta nel manuale operativo 1.3, ha come obiettivo principale quello di semplificare il sistema dei controlli ufficiali a livello nazionale, perseguendo al contempo l'armonizzazione delle procedure. È importante notare che le spese relative ai controlli derivanti da rilievi di non conformità sono a carico degli operatori, come stabilito dal decreto legislativo del 2 febbraio 2021, n. 32.\n\nPer quanto riguarda la valutazione degli elementi di verifica, durante i controlli effettuati con l'ausilio della check-list, si deve considerare un arco temporale di riferimento degli ultimi 12 mesi. Le aree di verifica, denominate A, B e C, si riferiscono a indicazioni normative cogenti. In base ai risultati delle verifiche, è possibile fornire diverse risposte, che devono sempre essere supportate da evidenze raccolte. Le risposte possono essere:\n\n- SÌ, che indica conformità;\n- no, che segnala una non conformità minore;\n- NO, che indica una non conformità maggiore;\n- NA, che significa non applicabile.\n\nNel caso di una non conformità minore, generalmente si prevede una semplice prescrizione, ma è fondamentale che ogni valutazione sia accompagnata da adeguate evidenze."", 'Il testo descrive un sistema di categorizzazione per strutture e attrezzature, in particolare nelle aree designate per i grandi rischi e i sistemi di allarme, nonché nell\'Area C – ABMs. L\'obiettivo è garantire che i dati raccolti durante i controlli ufficiali siano integrati nel sistema generale di categorizzazione.\n\nPer ogni struttura o attrezzatura, vengono definiti diversi elementi chiave:\n\n1. **Requisito specifico**: Questo include, ad esempio, il numero di addetti responsabili della cura degli animali.\n   \n2. **Riferimenti normativi**: Questi sono espressi in modo esteso e tra virgolette, fornendo un quadro normativo chiaro.\n\n3. **Linee guida per la valutazione**: Viene fornita una sintesi delle modalità con cui eseguire la valutazione dei requisiti.\n\n4. **Descrizione del livello di conformità**: Qui si specifica se la struttura o l\'attrezzatura è conforme, non conforme o se soddisfa requisiti superiori al livello minimo.\n\nIn aggiunta a questa sezione, che riassume le informazioni che saranno trattate in modo più dettagliato nel manuale, è presente un box evidenziato contenente una domanda relativa al requisito specifico, come ad esempio: ""Gli animali sono accuditi da un numero sufficiente di addetti?""', 'Il presente documento si riferisce alle aree di valutazione del personale, delle strutture e attrezzature, nonché dei grandi rischi e dei sistemi di allarme. Per ciascuna di queste aree è indicata la corrispondente categoria di non conformità, in conformità con la Decisione della Commissione 2006/778/CE del 14 novembre 2006, che stabilisce i requisiti minimi applicabili alla raccolta di informazioni durante le ispezioni nei luoghi di produzione in cui vengono allevate determinate specie animali (art. 3, punto c, e Allegato II). \n\nPer il secondo gruppo di parametri, denominato ""Animal-Based Measures"" (ABMs), che riguarda l\'analisi della presenza o assenza di effetti avversi sul benessere animale, è stata riservata una quarta area (Area C) dedicata alle principali misure basate sugli animali. \n\nL\'obiettivo finale è quello di consentire un confronto tra i diversi allevamenti sulla base delle medesime valutazioni, garantendo così la massima oggettività nella valutazione delle condizioni di benessere degli animali. Nel presente manuale sono riportate tutte le osservazioni contenute nella nuova check-list, ciascuna delle quali...', 'Dalla normativa vigente, il livello ottenuto dal questionario compilato dal veterinario ufficiale corrisponde a un livello ""superiore ai requisiti previsti"". \n\nPer il valutatore, sarà sufficiente selezionare una delle tre condizioni disponibili. \n\nL\'obiettivo finale dell\'applicazione del sistema di valutazione è quello di identificare non solo le condizioni negative nelle loro varie forme, ma anche di determinare, attraverso un indice numerico globale di benessere, il livello di rischio associato all\'allevamento. \n\nIl risultato parziale di ciascuna area (A, B, C e Grandi Rischi) fornisce un\'indicazione riguardo al peso e all\'importanza di ciascuna di esse nella composizione finale dell\'indice di rischio per il benessere animale, indipendentemente dalle eventuali non conformità legislative. \n\nAl termine dell\'intero processo di valutazione, verrà redatto un documento finale che riassume l\'elaborazione dei dati e i punti critici emersi, nel quale saranno presenti:', 'Ecco la riscrittura del testo in italiano professionale, mantenendo i dati tecnici:\n\n""""""personale”; Area B - “Strutture e attrezzature” e Area C - “Grandi rischi e sistemi di allarme”. Per ciascuna di queste aree è indicata la corrispondente categoria di non conformità, in conformità con la Decisione della Commissione 2006/778/CE del 14 novembre 2006, relativa ai “requisiti minimi applicabili alla raccolta di informazioni durante le ispezioni effettuate nei luoghi di produzione in cui sono allevate alcune specie di animali” (art. 3, punto c) e allegato II). Per il secondo gruppo di parametri (ABMs), concernenti l\'analisi della presenza o assenza di effetti avversi sul benessere animale, è dedicata una quarta area (Area C) con le principali “misure basate sugli animali”. \n\nL\'obiettivo finale è quello di confrontare i diversi allevamenti sulla base delle medesime valutazioni, garantendo così la massima oggettività nella valutazione delle condizioni di benessere in cui vivono gli animali. Nel presente manuale sono riportate tutte le osservazioni contenute nella nuova check-list, ognuna""""""', 'Dalla normativa vigente, il livello ottenuto dal questionario compilato dal veterinario ufficiale corrisponde a un livello ""superiore ai requisiti previsti"". \n\nPer il valutatore, sarà sufficiente selezionare una delle tre condizioni di scelta. \n\nL\'obiettivo finale dell\'applicazione del sistema di valutazione è quello di identificare non solo le condizioni negative nelle loro varie forme, ma anche di determinare, attraverso un indice numerico globale di benessere, il livello di rischio associato all\'allevamento. \n\nIl risultato parziale di ciascuna area (A, B, C e Grandi Rischi) fornisce un\'indicazione riguardo al peso e all\'importanza di ciascuna di esse nella composizione finale dell\'indice di rischio per il benessere animale, indipendentemente dalle eventuali non conformità legislative. \n\nAl termine dell\'intero processo di valutazione, viene redatto un documento finale che elabora i dati e riassume i punti critici, nel quale sono presenti:', 'Il sistema integrato ""ClassyFarm"" fornisce una guida per l\'inserimento della check-list per la valutazione del rischio relativo al taglio della coda. \n\nPer la compilazione del controllo, è necessario seguire alcuni passaggi fondamentali. Innanzitutto, si deve proseguire nella compilazione di tutta la check-list, selezionando per ogni domanda (ITEM) la risposta appropriata. Le opzioni di risposta sono codificate con colori: ""INSUFFICIENTE"" è rappresentato dal rosso, ""MIGLIORABILE"" dall\'arancione e ""OTTIMALE"" dal verde. È importante notare che è obbligatorio assegnare una risposta a tutti gli ITEM presenti nella check-list.\n\nUna volta completata la compilazione di un\'AREA, per passare alla successiva è necessario cliccare su ""SALVA"" e poi su ""PROSSIMA"". Infine, la presenza di una ""spunta verde"" indica che l\'AREA è stata compilata in modo completo.', 'Per la valutazione del benessere animale, è stata istituita una quarta area (Area C) dedicata alle principali ""misure basate sugli animali"" (Animal-based measures). L\'obiettivo finale è quello di consentire un confronto tra i diversi allevamenti sulla base delle medesime valutazioni, garantendo così la massima oggettività nella misurazione delle condizioni di benessere in cui vivono gli animali. Nel presente manuale sono riportate tutte le osservazioni incluse nella nuova check-list. In particolare, i parametri previsti dalla normativa vigente sono preceduti dalla relativa disposizione legislativa che ne prescrive l\'applicazione.', 'Il documento è suddiviso in diverse aree tematiche e sezioni, ognuna delle quali affronta argomenti specifici. \n\nIn primo luogo, si trova l\'area dedicata ai ""Grandi rischi e sistemi di allarme"", che occupa la pagina 11. Segue l\'area C, che tratta delle ""Animal-based measures"" e si estende fino alla pagina 12. \n\nSuccessivamente, viene presentata la ""Check list per il controllo ufficiale"", che si trova a pagina 13. A questa segue una sezione sui ""Criteri di valutazione per i requisiti del controllo ufficiale"", che occupa la pagina 14. \n\nUn\'altra sezione importante è dedicata ai ""Criteri di valutazione per le animal-based measures (ABMs)"", che si trova a pagina 17. \n\nLa sezione successiva riguarda l\'""Applicazione in campo del sistema"", che si estende fino alla pagina 18. Infine, si conclude con una parte dedicata al ""Personale"", che include informazioni sul numero di addetti che si occupano degli animali e si trova a pagina 19.', ""Selezionare il questionario di interesse, fare clic sull'icona e successivamente su «Compila». \n\nPiani di Controllo disponibili: \nOgni Valutatore avrà accesso esclusivamente ai Piani di Controllo associati al disciplinare attribuito dall'Organismo di Controllo. \n\nProcedere con la compilazione della Checklist di Valutazione."", '**Compilazione della Checklist di Certificazione**\n\nPer navigare tra le diverse pagine del questionario, è possibile:\n\n- Utilizzare i pulsanti situati in fondo alla pagina (Pagina precedente – Pagina successiva)\n- Cliccare sulla barra di avanzamento posizionata in alto\n- Cliccare sull\'indice a sinistra\n\nSi ricorda che il campo ""Evidenze"" è sempre obbligatorio.', 'la nuova check list di farmacovigilanza contenuta nel manuale operativo 1 3 sottolinea limportanza della vaccinazione negli allevamenti questa pratica è fondamentale per la prevenzione e il controllo delle patologie contribuendo così a ridurre luso di medicinali è importante notare che la check list non considera gli interventi vaccinali obbligatori come definiti dai piani nazionali e regionali inoltre è possibile indicare na non applicabile negli allevamenti in cui lassenza di vaccinazione è giustificata dalla tipologia produttiva un altro aspetto da considerare riguarda luso di medicinali omeopatici o prodotti fitoterapici le opzioni di risposta sono le seguenti se i medicinali omeopatici o fitoterapici non vengono utilizzati in via esclusiva si assegna un punteggio di 2 se vengono utilizzati esclusivamente il punteggio è 0 infine se non si applica si indica 0 è necessario specificare se si tratta di omeopatici o fitoterapici e indicare le patologie per le quali vengono eventualmente utilizzati negli allevamenti in cui non si fa uso di tali medicinali la risposta sarà non applicabile na', 'il presente documento si riferisce alle aree di valutazione del personale delle strutture e attrezzature nonché dei grandi rischi e dei sistemi di allarme per ciascuna di queste aree è indicata la corrispondente categoria di non conformità in conformità con la decisione della commissione 2006/778/ce del 14 novembre 2006 che stabilisce i requisiti minimi applicabili alla raccolta di informazioni durante le ispezioni nei luoghi di produzione in cui vengono allevate determinate specie animali art 3 punto c e allegato ii per il secondo gruppo di parametri denominato animal based measures abms che riguarda lanalisi della presenza o assenza di effetti avversi sul benessere animale è stata riservata una quarta area area c dedicata alle principali misure basate sugli animali lobiettivo finale è quello di consentire un confronto tra i diversi allevamenti sulla base delle medesime valutazioni garantendo così la massima oggettività nella valutazione delle condizioni di benessere degli animali nel presente manuale sono riportate tutte le osservazioni contenute nella nuova check list ciascuna delle quali', 'Il testo discute l\'importanza della valutazione della mortalità all\'interno di una checklist utilizzata per la categorizzazione del rischio e per supportare le decisioni relative alla conformità degli animali. È fondamentale che il veterinario ufficiale descriva nel campo ""Evidenze"" eventuali anomalie, come il piumaggio o la presenza di lesioni, che possano influenzare il giudizio di conformità.\n\nLa checklist deve essere sempre compilata, poiché la valutazione della mortalità è considerata parte integrante del processo. Questa valutazione è classificata in tre categorie: insufficiente, adeguata e ottimale. Tuttavia, è importante notare che il risultato di questa valutazione non inciderà direttamente sull\'esito complessivo del controllo in relazione alla condizionalità.\n\nInoltre, le attività di osservazione e rilevazione condotte dal veterinario ufficiale si concentrano su parametri legati agli animali e sono suddivise in tre opzioni di scelta: ""inaccettabile"" o ""insufficiente"", che indicano condizioni che potrebbero compromettere il benessere di uno o più animali.']","Gli elementi di valutazione della check-list ufficiale sono divisi in diverse aree, tra cui:

1. **Area A** - Personale
2. **Area B** - Strutture e attrezzature
3. **Area C** - Grandi rischi e sistemi di allarme
4. **Area C** (specifica) - Misure basate sugli animali (Animal-Based Measures - ABMs)

Queste aree sono progettate per garantire una valutazione oggettiva delle condizioni di benessere degli animali e per facilitare il confronto tra diversi allevamenti.",Gli elementi di valutazione della check-list ufficiale sono suddivisi nelle seguenti aree: Area A. Management aziendale; Area B. Strutture ed attrezzature; Area Grandi rischi e sistemi di allarme; Area C. Animal-based measures.,0.7142857142857143,0.6888610435214966,,0.75,0.720947554404906,OK,True
Perché i liquami rappresentano una fonte di rischio?,"[""La verifica riguarda l'uso dei terreni adiacenti all'azienda per lo spandimento di liquami provenienti da altre aziende. È fondamentale considerare che i liquami possono costituire una significativa fonte di rischio per la diffusione di agenti patogeni all'interno dell'allevamento. Infatti, il contatto, sia diretto che indiretto, con liquami di altre aziende può facilitare la trasmissione di malattie tra allevamenti, anche in assenza di movimentazione di animali.\n\nPertanto, lo spargimento di liquami provenienti da aziende terze nelle vicinanze dell'allevamento rappresenta un serio fattore di rischio per la biosicurezza. Per questo motivo, è essenziale evitare tale pratica. È necessario valutare la prossimità dei terreni non di proprietà dell'allevamento e accertarsi che in essi non vengano smaltiti liquami di altre aziende suinicole."", ""La posizione dell'allevamento, situata nelle immediate vicinanze dell'area di stabulazione degli animali, implica che anche il camion incaricato dello smaltimento dei liquami debba transitare in tale zona, rappresentando un potenziale fattore di rischio per la biosicurezza dell'allevamento. È necessario verificare la localizzazione della vasca di stoccaggio dei liquami e valutare se il percorso del veicolo per lo smaltimento attraversa l'area di stabulazione degli animali. \n\nEsistono ingressi dedicati per le operazioni di trasporto dei liquami, distinti da quelli utilizzati per l'area di stabulazione e gestione degli animali? \nSÌ \nNO"", ""**53**  \n**49. I terreni adiacenti all'azienda sono utilizzati per lo spandimento di liquami provenienti da altre aziende?**\n\n**Elemento di verifica:**  \n**I terreni adiacenti all'azienda sono utilizzati per lo spandimento di liquami provenienti da altre aziende?**  \nI liquami costituiscono una significativa fonte di rischio per la diffusione di agenti patogeni all'interno dell'allevamento. In particolare, il contatto diretto o indiretto con liquami provenienti da altre aziende può facilitare la trasmissione di malattie tra allevamenti, anche in assenza di movimentazione di animali. Pertanto, lo spargimento di liquami provenienti da aziende terze nelle vicinanze dell'allevamento rappresenta un importante fattore di rischio per la biosicurezza e dovrebbe essere evitato. È fondamentale valutare la prossimità di terreni non di proprietà dell'allevamento e verificare che in essi non venga effettuato lo smaltimento di liquami di altre aziende suinicole."", 'Il Regolamento di esecuzione (UE) 2023/594 della Commissione, all\'allegato III, punto 2, comma i), stabilisce che è necessario verificare l\'esistenza di ingressi per le operazioni di trasporto dei liquami, distinti da quelli dell\'area di stabulazione e governo degli animali. \n\nIn particolare, i liquami devono essere convogliati in una zona di stoccaggio esterna all\'allevamento. È consigliabile che siano presenti tubature specifiche per l\'allevamento stesso, al fine di evitare l\'uso di tubature appartenenti alla ditta incaricata dello smaltimento dei liquami. Queste ultime potrebbero infatti essere state in contatto, anche di recente, con liquami provenienti da altri allevamenti. \n\nInoltre, è importante che la vasca di stoccaggio sia ubicata nella ""zona pulita"" dell\'allevamento, ossia in prossimità dell\'area di stabulazione degli animali, per garantire una gestione adeguata e sicura dei liquami.', 'Il testo discute la gestione della biosicurezza in un allevamento, in particolare riguardo al transito dei veicoli adibiti allo smaltimento dei liquami. È importante che il camion non transiti nelle vicinanze dell\'area di stabulazione degli animali, poiché ciò rappresenta un rischio per la biosicurezza. Pertanto, è necessario:\n\n1. Verificare la posizione della vasca di stoccaggio dei liquami.\n2. Valutare se il percorso del veicolo per lo smaltimento dei liquami passa vicino all\'area di stabulazione degli animali.\n3. Accertarsi se esistono ingressi separati per le operazioni di trasporto dei liquami, distinti da quelli utilizzati per l\'area di stabulazione e gestione degli animali.\n\nLe risposte a queste domande possono essere ""SÌ"" o ""NO"".', 'Il Regolamento di esecuzione (UE) 2023/594 della Commissione, all\'allegato III, punto 2, comma i), stabilisce che è necessario verificare l\'esistenza di ingressi per le operazioni di trasporto dei liquami, distinti da quelli dell\'area di stabulazione e governo degli animali. \n\nIn particolare, i liquami devono essere convogliati in una zona di stoccaggio esterna all\'allevamento. È fondamentale che siano presenti tubature specifiche per l\'allevamento stesso, al fine di evitare l\'uso di tubature appartenenti alla ditta incaricata dello smaltimento dei liquami. Queste ultime potrebbero infatti essere state in contatto, anche di recente, con liquami provenienti da altri allevamenti. \n\nInoltre, è importante considerare che l\'ubicazione della vasca di stoccaggio dovrebbe essere situata nella ""zona pulita"" dell\'allevamento, ossia in prossimità dell\'area di stabulazione degli animali. Questo accorgimento è essenziale per garantire la separazione e la gestione adeguata dei liquami, contribuendo così a mantenere standard igienici elevati.', 'Il testo discute la gestione della biosicurezza in un allevamento, in particolare riguardo al transito dei veicoli adibiti allo smaltimento dei liquami. È importante che il camion non transiti nelle vicinanze dell\'area di stabulazione degli animali, poiché ciò rappresenta un rischio per la biosicurezza. Pertanto, è necessario verificare la posizione della vasca di stoccaggio dei liquami e valutare se il percorso del veicolo per lo smaltimento passa vicino all\'area di stabulazione.\n\nInoltre, si pone una domanda riguardo alla presenza di ingressi separati per le operazioni di trasporto dei liquami, distinti da quelli utilizzati per l\'area di stabulazione e gestione degli animali. Le risposte possibili a questa domanda sono ""SÌ"" o ""NO"".', ""È importante prestare attenzione a non mescolare il letame o i contenitori di liquami. Questa precauzione è fondamentale per evitare l'aumento dei livelli di idrogeno solforato (H2S) o ammoniaca (NH3) fino a valori nocivi all'interno delle stalle dei bovini. Questa raccomandazione è stata fornita dall'EFSA nel 2012."", ""L'azienda in questione smaltisce liquami provenienti da altre aziende suinicole. Per quanto riguarda l'uso dei terreni adiacenti all'azienda, si pone la seguente domanda: sono utilizzati per lo spandimento di liquami provenienti da altre aziende? Le risposte possibili a questa domanda sono: SÌ, NO o N/A (non applicabile)."", 'Il testo analizza il rischio associato all\'allevamento, focalizzandosi sulla qualità della lettiera utilizzata. \n\nIn primo luogo, si osserva una situazione di rischio elevato quando la lettiera è bagnata e scura, presentando grosse croste ben visibili lungo tutta la linea degli abbeveratoi, con una percentuale di area compattata che varia tra il 50% e il 60%. In questo caso, il livello di non conformità è classificato come ""no"".\n\nIn una situazione intermedia, la lettiera è quasi asciutta e presenta piccole croste sotto gli abbeveratoi, risultando friabile tra gli abbeveratoi e le mangiatoie, con un massimo del 40% dell\'area compattata. Qui, il livello di non conformità è considerato ""sì"".\n\nInfine, si descrive una condizione ottimale in cui la lettiera è asciutta, chiara e friabile, con solo piccole aree compattate. In questo scenario, il livello di non conformità è definito ""ottimale"".\n\nIn merito alla qualità della lettiera, si conclude che essa è accettabile. Le evidenze raccolte indicano che non ci sono problematiche per la categoria A e C, mentre per la categoria B non si riscontrano problemi, confermando una situazione ottimale.\n\nInfine, si fa riferimento all\'infermeria, specificando che, ove necessario, gli animali malati o feriti vengono isolati in appositi locali, dotati, se necessario, di lettiere asciutte o confortevoli, in conformità con le normative vigenti.', '""""""Smaltimento di liquami provenienti da altre aziende suinicole. \nI terreni adiacenti all\'azienda vengono utilizzati per lo spandimento di liquami provenienti da altre aziende? \nSÌ \nNO \nN/A""""""', '**52**  \n**48. Sono presenti ingressi per le operazioni di trasporto dei liquami distinti da quelli dell\'area di stabulazione e gestione degli animali?**\n\nRegolamento di esecuzione (UE) 2023/594 della Commissione, Allegato III, punto 2, comma i)\n\n**Elemento di verifica:**  \nEsistono ingressi per le operazioni di trasporto dei liquami distinti da quelli dell\'area di stabulazione e gestione degli animali?  \nI liquami devono essere convogliati in una zona di stoccaggio esterna all\'allevamento. Inoltre, è consigliabile la presenza di tubature specifiche per l\'allevamento, al fine di evitare l\'utilizzo di tubature appartenenti alla ditta incaricata dello smaltimento dei liquami, che potrebbero essere state in contatto, anche recentemente, con i liquami di altri allevamenti. L\'ubicazione della vasca di stoccaggio nella ""zona pulita"" dell\'allevamento (in prossimità dell\'area di stabulazione degli animali) implica che anche il camion...', '**53** **49 i terreni adiacenti allazienda sono utilizzati per lo spandimento di liquami provenienti da altre aziende ** **elemento di verifica ** **i terreni adiacenti allazienda sono utilizzati per lo spandimento di liquami provenienti da altre aziende ** i liquami costituiscono una significativa fonte di rischio per la diffusione di agenti patogeni allinterno dellallevamento in particolare il contatto diretto o indiretto con liquami provenienti da altre aziende può facilitare la trasmissione di malattie tra allevamenti anche in assenza di movimentazione di animali pertanto lo spargimento di liquami provenienti da aziende terze nelle vicinanze dellallevamento rappresenta un importante fattore di rischio per la biosicurezza e dovrebbe essere evitato è fondamentale valutare la prossimità di terreni non di proprietà dellallevamento e verificare che in essi non venga effettuato lo smaltimento di liquami di altre aziende suinicole', 'la verifica riguarda luso dei terreni adiacenti allazienda per lo spandimento di liquami provenienti da altre aziende è fondamentale considerare che i liquami possono costituire una significativa fonte di rischio per la diffusione di agenti patogeni allinterno dellallevamento infatti il contatto sia diretto che indiretto con liquami di altre aziende può facilitare la trasmissione di malattie tra allevamenti anche in assenza di movimentazione di animali pertanto lo spargimento di liquami provenienti da aziende terze nelle vicinanze dellallevamento rappresenta un serio fattore di rischio per la biosicurezza per questo motivo è essenziale evitare tale pratica è necessario valutare la prossimità dei terreni non di proprietà dellallevamento e accertarsi che in essi non vengano smaltiti liquami di altre aziende suinicole', 'La lettiera per le scrofe deve essere presente in modo sufficiente o, in caso di assenza, deve essere giustificata da una comprovata impossibilità di utilizzo per il sistema di eliminazione dei liquami. È fondamentale che la lettiera sia di qualità e quantità adeguata, come nel caso della paglia fornita come materiale per la lettiera.\n\nEtologicamente, durante il periodo che precede il parto, la scrofa si dedica a predisporre un nido. Questo comportamento ha due scopi principali: camuffare il luogo del parto e mantenere una temperatura adeguata per i suinetti neonati. \n\nIl valutatore, tenendo conto delle dichiarazioni del detentore, verifica la presenza e il corretto utilizzo della lettiera, qualora venga utilizzata. In caso di non utilizzo, è necessario accertarsi che in azienda sia disponibile una dichiarazione del costruttore dell’impianto per la rimozione dei liquami, in cui si attesti l’incompatibilità con i materiali di arricchimento. Una condizione non adeguata si verifica quando la lettiera è assente o presente in quantità insufficiente, rendendo difficile identificarla come uno strato o un cumulo.']","I liquami rappresentano una significativa fonte di rischio per la diffusione di agenti patogeni all'interno degli allevamenti. Il contatto, sia diretto che indiretto, con liquami provenienti da altre aziende può facilitare la trasmissione di malattie tra allevamenti, anche in assenza di movimentazione di animali. Pertanto, lo spargimento di liquami di aziende terze nelle vicinanze dell'allevamento deve essere evitato per garantire la biosicurezza [1](#) [3](#).",I liquami rappresentano una rilevante fonte di rischio per la diffusione degli agenti patogeni all’interno dell’allevamento. Il contatto diretto o indiretto con liquami provenienti da altre aziende può favorire la trasmissione di malattie tra allevamenti anche senza la movimentazione di animali.,1.0,0.7931961963827666,,1.0,0.905477785193038,OK,True
In caso di soccida chi può fare richiesta di abilitazione con il ruolo di Operatore?,"['**Sistema Integrato «ClassyFarm» - Guida per l\'Operatore e i suoi Delegati**\n\n**RICHIESTA DI PROFILO**  \n**Operatore**  \nLa richiesta di accesso con la qualifica di Operatore deve essere redatta e inviata direttamente all\'indirizzo email info@classyfarm.it, seguendo le modalità e i documenti indicati nella sezione ""OPERATORE E SUOI DELEGATI"" presente sul sito www.classyfarm.it.', ""**Sistema Integrato «ClassyFarm» - Guida per l'Operatore e i suoi Delegati**\n\n**PAG**\n\n**GUIDA ILLUSTRATA PER L'OPERATORE E IL DELEGATO**\n\n- Richiesta di Profilo per l'Operatore\n- Nomina del Ruolo di Delegato da parte di un Singolo Operatore\n- Nomina del Ruolo di Delegato da parte di più Operatori\n- Accesso al Ruolo di Operatore\n- Accesso al Ruolo di Delegato da parte di un Singolo Operatore\n- Accesso e Caricamento delle Autorizzazioni per il Ruolo di Delegato da parte di più Operatori\n\n**7**"", ""**Sistema Integrato «ClassyFarm» - Guida per l'Operatore e i suoi Delegati**\n\nL'operatore ha la possibilità di delegare un referente per la visualizzazione delle informazioni presenti nei cruscotti e nei report.\n\n1. **SITO WWW.CLASSYFARM.IT – SEZIONE OPERATORE E SUOI DELEGATI**: In questa sezione sono forniti dettagli sul percorso da seguire e sui documenti da compilare e caricare su ClassyFarm per ottenere l'autorizzazione all'accesso.\n   \n2. **ACCESSO AL SISTEMA CLASSYFARM (da VetInfo)**: L'accesso è suddiviso in tre aree distinte:\n   1. AREA OPERATORE\n   2. AREA DELEGATO DA SINGOLO OPERATORE\n   3. AREA DELEGATO DA PIÙ OPERATORI\n\n**PERCORSO**"", '**Sistema Integrato «ClassyFarm» - Guida per l\'Operatore e i suoi Delegati**\n\n**RICHIESTA DI PROFILO**  \n**Delegato da Singolo Operatore**  \n\nLa richiesta di accesso con la qualifica di Delegato da singolo operatore deve essere redatta e inviata al Ministero della Salute, con copia conoscenza all\'indirizzo info@classyfarm.it. Le modalità e la documentazione necessaria sono disponibili nella sezione ""OPERATORE E SUOI DELEGATI"" sul sito www.classyfarm.it. \n\nIl Delegato da singolo operatore è tenuto a comunicare, attraverso i canali sopra indicati, la cessazione della delega.', ""È necessario verificare la presenza di istruzioni scritte che riguardano le modalità di esecuzione dell'abbattimento, gli strumenti utilizzati e gli operatori autorizzati a effettuare questo intervento. Inoltre, per quanto riguarda gli operatori, è fondamentale che in azienda siano conservati anche gli attestati di partecipazione ai corsi di formazione."", ""Il testo stabilisce che le operazioni di abbattimento devono essere eseguite esclusivamente da persone in possesso del certificato di idoneità, come previsto dall'articolo 21 del Regolamento CE 1099/2009, Capo II, Articolo 7. Questo certificato attesta la capacità dell'operatore di eseguire tali operazioni in conformità con le norme stabilite dal regolamento.\n\nIn caso di abbattimenti di emergenza, la responsabilità ricade sulla persona che ha in custodia gli animali interessati. Questa persona deve adottare tutte le misure necessarie per garantire che gli animali vengano abbattuti nel più breve tempo possibile, come indicato nel Regolamento CE 1099/2009, Capo IV, Articolo 19."", ""**MODULO DI RICHIESTA DI ACCESSO AL SISTEMA CLASSYFARM CON RUOLO DI OPERATORE**\n\nIl sottoscritto, Signor (Cognome e Nome): ______________________________________,  \nin possesso del seguente Codice Fiscale: ____________________,  \nin qualità di operatore ai sensi del Regolamento (UE) 2016/429 dell'Azienda ____________________,  \ncon sede in _____________________, con attuale codice fiscale/partita IVA _______________________  \ne codice aziendale BDN: ______________,  \n\nDICHIARA  \n\n- di essere in possesso e di fornire i seguenti recapiti:  \n  - e-mail (NO PEC): ____________________________________,  \n  - telefono cellulare: ___________________.  \n\n- di essere in possesso della seguente Username Vetinfo: _______________, oppure di non essere in possesso della Username di Vetinfo e di richiederla contestualmente (barrare la parte non necessaria).  \n\n- di accettare le condizioni del servizio.  \n\n- di essere consapevole che i dati personali appena comunicati saranno trattati in conformità alla normativa vigente."", ""Il testo stabilisce che le operazioni di abbattimento devono essere eseguite esclusivamente da persone in possesso del certificato di idoneità, come previsto dall'articolo 21 del Regolamento CE 1099/2009. Questo certificato attesta la capacità dell'operatore di eseguire tali operazioni in conformità con le norme stabilite dal regolamento.\n\nIn situazioni di abbattimento di emergenza, è responsabilità della persona che ha in custodia gli animali interessati adottare tutte le misure necessarie per effettuare l'abbattimento nel minor tempo possibile, come indicato nell'articolo 19 del Capo IV dello stesso regolamento."", ""Il testo stabilisce che solo le persone in possesso del certificato di idoneità, come previsto dall'articolo 21, possono eseguire determinate operazioni, garantendo così che queste siano effettuate in conformità alle norme stabilite dal regolamento (Reg. CE 1099/2009, Capo II Articolo 7).\n\nIn caso di abbattimenti di emergenza, è responsabilità della persona che ha in custodia gli animali interessati adottare tutte le misure necessarie per effettuare l'abbattimento nel minor tempo possibile, come indicato nel Reg. CE 1099/2009, Capo IV Articolo 19."", ""Il testo fa riferimento agli operatori autorizzati a effettuare l'abbattimento di emergenza. È fondamentale che gli addetti a questa pratica siano stati adeguatamente formati per gestire i casi in cui si rende necessario procedere con l'abbattimento di emergenza. Un esempio di tale formazione potrebbe essere la partecipazione a un corso specifico."", ""**ISTRUZIONI PER LA RICHIESTA DI ABILITAZIONE**\n\n1. Scaricare, compilare e firmare il modulo disponibile al seguente link.\n2. Effettuare la richiesta online accedendo al link indicato.\n\nPer richiedere l'abilitazione al sistema, si prega di collegarsi al sito www.classyfarm.it."", ""**ISTRUZIONI PER LA RICHIESTA DI ABILITAZIONE**\n\n1. Scaricare, compilare e firmare il modulo disponibile al seguente link.\n2. Effettuare la richiesta online accedendo al link indicato.\n\nPer richiedere l'abilitazione al sistema, collegarsi al sito www.classyfarm.it."", '**sistema integrato classyfarm guida per loperatore e i suoi delegati** **pag** **guida illustrata per loperatore e il delegato** richiesta di profilo per loperatore nomina del ruolo di delegato da parte di un singolo operatore nomina del ruolo di delegato da parte di più operatori accesso al ruolo di operatore accesso al ruolo di delegato da parte di un singolo operatore accesso e caricamento delle autorizzazioni per il ruolo di delegato da parte di più operatori **7**', 'assistenza_telefonica invio_email lanalisi dello screenshot della piattaforma ministeriale classyfarm si articola in diversi punti fondamentali che delineano il processo di registrazione per gli operatori in primo luogo il titolo della pagina è operatore il che indica chiaramente la sezione dedicata agli utenti che desiderano registrarsi o accedere come operatori allinterno di questa sezione è presente un elemento visivo importante un numero e una freccia che guidano lutente verso la sezione operatore e delegati nel menu di navigazione questo suggerisce che lutente deve selezionare questa opzione per procedere con la registrazione successivamente un altro punto evidenziato è il testo richiesta di registrazione classyfarm che funge da link per scaricare compilare e firmare il modulo necessario per la registrazione la freccia rossa che accompagna questo testo sottolinea limportanza di questo passaggio evidenziando che il modulo deve essere compilato e firmato per poter proseguire la procedura logica per la registrazione si articola in vari passaggi innanzitutto lutente deve collegarsi al sito www classyfarm it per iniziare la procedura di abilitazione una volta sul sito è necessario navigare nella sezione operatore e delegati per accedere alle informazioni specifiche per gli operatori il passo successivo consiste nel cliccare sul link richiesta di registrazione classyfarm per scaricare il modulo necessario dopo aver scaricato il modulo lutente deve compilarlo e firmarlo allegando i documenti richiesti infine per completare la registrazione è necessario inviare la richiesta online accedendo al link fornito che consente di inviare la documentazione necessaria tra i testi rilevanti che accompagnano questa procedura si trovano frasi come per far richiesta di abilitazione al sistema collegarsi al sito www classyfarm it e sistema per la categorizzazione del rischio degli allevamenti in ambito sanità pubblica veterinaria inoltre è importante notare che dopo aver firmato in m', ""Il testo stabilisce che solo le persone in possesso del certificato di idoneità, come previsto dall'articolo 21, possono eseguire determinate operazioni, garantendo così che queste siano effettuate in conformità alle norme stabilite dal regolamento (Reg. CE 1099/2009, Capo II Articolo 7).\n\nIn caso di abbattimenti di emergenza, è responsabilità della persona che ha in custodia gli animali interessati adottare tutte le misure necessarie per procedere all'abbattimento nel minor tempo possibile, come indicato nel Reg. CE 1099/2009, Capo IV Articolo 19.""]","In caso di soccida, la richiesta di abilitazione con il ruolo di Operatore deve essere redatta e inviata direttamente all'indirizzo email info@classyfarm.it. È necessario seguire le modalità e i documenti indicati nella sezione ""OPERATORE E SUOI DELEGATI"" presente sul sito www.classyfarm.it.",Può fare richiesta di abilitazione come Operatore colui che ai sensi del Reg 429/2016 risulti Operatore ovvero legale rappresentante/proprietario/dententore della Azienda. Se non siete Operatori è possibile procedere con la richiesta di abilitazione come Delegato da uno/più operatore/i.,0.75,0.6040230038314525,,1.0,0.35772976823051034,OK,True
Quale partita IVA deve essere indicata?,"[""Il documento presenta un elenco di attività o azioni da intraprendere, tra cui:\n\n1. Sequestro dei capi.\n2. Informare la procura tramite InformaKva.\n3. Altre azioni, da specificare nel caso in cui le precedenti non siano sufficienti.\n\nInoltre, è presente un'opzione per indicare che non si applica nulla (NA).\n\nInfine, il documento prevede la firma del Conduttore/Allevatore e del Veterinario Ufficiale, con spazi dedicati per le rispettive firme."", 'Il testo fa riferimento alla necessità di indicare, se necessario, il numero di box, ricovero o strutture simili in cui si sta svolgendo il trattamento. È importante sottolineare che le identificazioni aggiuntive non sono incluse nella BDN (Banca Dati Nazionale) e devono sempre essere conformi alle normative relative al benessere animale.', ""Il documento presenta diverse opzioni relative a un'azione da intraprendere. Le scelte disponibili includono:\n\n1. Sequestro dei capi.\n2. Informativa in procura.\n3. Altro (specificare).\n\nInoltre, è presente un'opzione per indicare che non si applica (NA).\n\nAlla fine del documento, ci sono due spazi per le firme: uno per il Conduttore/Allevatore e uno per il Veterinario Ufficiale, ciascuno con uno spazio dedicato per la propria firma."", ""Il documento presenta diverse opzioni relative a un'azione da intraprendere. Le scelte disponibili includono:\n\n- Sequestro dei capi\n- Informativa da inviare in procura\n- Altro (specificare)\n\nInoltre, è presente un'opzione per indicare che non si desidera procedere (NA).\n\nAlla fine del documento, ci sono due spazi per le firme: uno per il Conduttore/Allevatore e uno per il Veterinario Ufficiale."", 'La tabella presenta informazioni relative alle sanzioni amministrative o penali immediate, specificando che queste si applicano solo quando previste. In caso di non applicabilità, viene indicato il codice ""NA"". È importante specificare sempre il motivo della sanzione nel campo dedicato alle note. Inoltre, si richiede di indicare ogni evidenza che possa dimostrare la conformità o la non conformità alla normativa vigente.', '[ASSISTENZA_TELEFONICA] Il documento presenta i criteri di valutazione per i requisiti del controllo ufficiale, evidenziando le attività di osservazione e rilevazione svolte dal veterinario ufficiale in base ai parametri stabiliti dalle normative. Queste attività sono classificate secondo una scala di non conformità, che determina le azioni intraprese dall\'autorità competente.\n\nLa prima categoria è quella dei casi ""Conformi"", indicata con ""SÌ"", per i quali non sono previste azioni. \n\nLa seconda categoria è la ""non conformità minore"" di tipo A, contrassegnata con ""no - categoria A"". In questo caso, l\'autorità competente richiede di rimediare alle non conformità entro un termine inferiore a tre mesi, senza applicare sanzioni amministrative o penali immediate.\n\nLa terza categoria è sempre una ""non conformità minore"", ma di tipo B, segnalata con ""no - categoria B"". Qui, l\'autorità competente richiede di rimediare alle non conformità entro un termine superiore a tre mesi, mantenendo l\'assenza di sanzioni amministrative o penali immediate.\n\nLa quarta categoria è la ""non conformità maggiore"", identificata con ""NO - categoria C"". In questo caso, l\'autorità competente applica una sanzione amministrativa o penale immediata.\n\nInfine, vi è la categoria ""Non Applicabile"" (NA), che non prevede azioni specifiche. Inoltre, è presente una categoria ""OTTIMALE"", che indica un livello superiore ai requisiti previsti. Questa è facoltativa e può essere considerata in aggiunta alla condizione di conformità, con la possibilità di fornire evidenze a supporto.', 'La tabella presenta informazioni relative alle sanzioni amministrative o penali immediate, specificando che queste si applicano solo quando previste. In caso di non applicabilità, viene indicato il codice ""NA"". È importante specificare sempre il motivo della sanzione nel campo note. Inoltre, si richiede di indicare ogni evidenza che possa dimostrare la conformità o la non conformità alla normativa vigente.', ""**18.1 Attività agricola del conduttore**  \n- Sì  \n- No  \n- Non Applicabile  \nNote:  \n\n**18.2 Esiste una netta separazione tra le due diverse attività**  \n- Sì  \n- No  \n- Non Applicabile  \nNote:  \n\n**18.3 L’allevatore o i dipendenti si dedicano all’attività venatoria o di pesca**  \n- Sì  \n- No  \n- Non Applicabile  \nNote:  \n\n**18.4 Altri allevamenti di proprietà dell’allevatore o di familiari**  \n- Sì  \n- No  \n- Non Applicabile  \nNote:  \n\n**18.5 Specificare la specie avicola**  \n…………………………………………………………..  \nNon Applicabile  \nNote:  \n\n**18.6 Altri allevamenti di suini di proprietà dell'allevatore o di familiari**  \n- Sì  \n- No  \n- Non Applicabile  \nNote:  \n\n**18.7 Altri allevamenti di mammiferi di proprietà dell'allevatore o di familiari**  \n- Sì  \n- No  \n- Non Applicabile  \nNote:  \n\n**18.8 Specificare la specie**  \n…………………………………………………………..  \nNon Applicabile  \nNote:  \n\n**18.9 L'allevatore possiede o gestisce impianti di biogas**  \n- Sì  \n- No  \n- Non Applicabile  \nNote:  \n\n**Quesiti specifici per allevamenti ad indirizzo svezzamento >250**  \n**18.10 Nell’allevamento sono presenti tacchini e/o selvaggina da penna e/o riproduttori**  \n- Sì  \n- No  \n- Non Applicabile  \nNote:  \n\n**19. AREE ALL’APERTO**"", 'INTERESSE (Benessere complessivo, Management, Strategia, ABM, Gruppo Rischi)  \nNel caso venga effettuata l\'esportazione dei dati, come descritto in precedenza, nella colonna ""Conformità Legislativa"" sarà indicato il numero 0 in presenza di potenziali non conformità legislative (semaforo rosso) e il numero 1 in assenza di potenziali non conformità legislative (semaforo verde).', 'In caso di ispezione, se non sono presenti medicinali in scorta, la risposta da fornire è ""non applicabile"" (NA). \n\nÈ necessario verificare se la giacenza presente in loco corrisponde a quanto registrato nel sistema. Per effettuare questo controllo, si deve rispondere ""SÌ"" o ""NO"". \n\nIn particolare, si consiglia di eseguire un controllo a campione, valutando nel registro di Carico/Scarico almeno cinque medicinali registrati come ""giacenza"". È fondamentale accertare l’effettiva presenza e la corrispondenza quantitativa di questi medicinali.\n\nLa giacenza deve derivare da una prescrizione veterinaria elettronica, dalla registrazione della fornitura e dalla registrazione del medicinale somministrato all\'animale. Questa registrazione può avvenire in modo puntuale o tramite una registrazione semplificata, quando previsto.', ""Il testo riguarda le scadenze e i controlli relativi all'intervento PD05-ECO1.1. È importante notare che le operazioni legate alla BDN, alle ricette e al Registro dei trattamenti, necessarie per il pagamento, devono essere completate entro il 31 dicembre dell'anno in cui viene presentata la domanda. Qualsiasi modifica apportata dopo questa data non avrà effetto sul pagamento dell'intervento.\n\nPer quanto riguarda la verifica di ammissibilità dell'intervento PD05-ECO1.1, sono previsti specifici controlli. Questi controlli devono essere effettuati utilizzando i dati provenienti dalla BDN e da Classyfarm, e si riferiscono al periodo che va dal 1° gennaio al 31 dicembre di ciascun anno. \n\nInoltre, è stata emessa una comunicazione da parte di AGEA, identificata con il protocollo Uscita N.0002664, datata 12 gennaio 2024, che ribadisce queste indicazioni."", ""Il testo presenta i criteri di ammissibilità per l'intervento PD05-ECO1.2, suddivisi in due punti principali. \n\nIn primo luogo, i valori DDD devono essere uguali o inferiori alla mediana. In secondo luogo, se i valori DDD superano la mediana, è necessario che questi valori siano ridotti del 10% rispetto all'anno precedente.\n\nPer quanto riguarda la verifica di ammissibilità dell'intervento per gli anni di domanda 2023 e 2024, sono previsti specifici controlli. Questi controlli sono documentati nella comunicazione di AGEA, identificata con il protocollo Uscita N.0002664, datata 12 gennaio 2024. Questo protocollo è stato citato più volte, sottolineando l'importanza della documentazione per la verifica dell'intervento."", 'per associarsi allallevamento nel sistema integrato classyfarm seguire questi passaggi 1 dopo aver scelto il proprio ruolo cliccare su selezione azienda 2 procedere cliccando su nuovo allevamento 3 inserire il codice aziendale e poi cliccare su verifica 4 cliccando su dettagli è possibile visualizzare le informazioni relative allallevamento come la ragione sociale la partita iva e lindirizzo 5 selezionare la checklist che deve essere compilata per lallevamento scelto si noti che nel caso si disponga di un veterinario aziendale il passaggio 4 non è necessario', 'per associarsi allallevamento nel sistema integrato classyfarm e procedere con linserimento della check list per il benessere dei riproduttori seguire i seguenti passaggi 1 dopo aver scelto il proprio ruolo cliccare su selezione azienda 2 selezionare lopzione nuovo allevamento 3 inserire il codice aziendale e cliccare su verifica 4 cliccando su dettagli sarà possibile visualizzare le informazioni relative allallevamento come la ragione sociale la partita iva e lindirizzo 5 infine selezionare la check list che deve essere compilata per lallevamento scelto si noti che nel caso in cui si disponga di un veterinario aziendale il passaggio 4 non è necessario', ""**Selezione Azienda**  \nPer associare un'azienda, selezionare l'opzione: «Selezione Azienda»  \n6""]","La partita IVA da indicare è quella relativa all'allevamento, che può essere visualizzata nel sistema integrato Classyfarm seguendo questi passaggi:

1. Dopo aver scelto il proprio ruolo, cliccare su ""Selezione Azienda"".
2. Procedere cliccando su ""Nuovo allevamento"".
3. Inserire il codice aziendale e poi cliccare su ""Verifica"".
4. Cliccando su ""Dettagli"", sarà possibile visualizzare le informazioni relative all'allevamento, inclusa la ragione sociale, la partita IVA e l'indirizzo.
5. Infine, selezionare la checklist che deve essere compilata per l'allevamento scelto.

Si noti che nel caso si disponga di un veterinario aziendale, il passaggio 4 non è necessario.",La partita IVA da indicare è quella associata al proprietario in BDN.,0.8888888888888888,0.5571724858190824,,0.0,0.1469871143420493,OK,True
Come faccio ad associare il mio veterinario?,"['Il testo presenta due figure professionali nel campo della veterinaria: il Veterinario Aziendale e il Medico Veterinario Incaricato. Per ciascuna di queste figure, è disponibile un modulo di richiesta di associazione. In particolare, ci sono due moduli distinti: uno per il Medico Veterinario Aziendale e uno per il Medico Veterinario Incaricato.', 'Il sistema integrato ""ClassyFarm"" offre una guida per l\'inserimento della check-list relativa al benessere degli animali durante le fasi di svezzamento e ingrasso. Prima di iniziare il processo di inserimento dei dati di valutazione del benessere animale e della biosicurezza tramite l\'app, è fondamentale che sia il Medico Veterinario Aziendale che il Medico Veterinario Incaricato dispongano di alcuni documenti necessari per associarsi all\'allevamento.\n\nI documenti richiesti includono:\n\n1. Un documento di identità personale del veterinario.\n2. Un documento di identità dell\'allevatore.\n3. Il ""Modulo di richiesta di associazione all\'operatore"", che deve essere compilato in tutte le sue parti e firmato sia dal veterinario che dall\'allevatore. Questo modulo è disponibile per il download sul sito www.classyfarm.it.\n\nÈ importante notare che esistono due moduli di associazione distinti: uno specifico per il Medico Veterinario Aziendale e l\'altro per il Medico Veterinario Incaricato.', '**PAG**  \nSistema Integrato «ClassyFarm» - Guida per Delegati Operatori - Filiera o Gruppo  \n\nPer selezionare preliminarmente il Veterinario Aziendale o revocare la nomina:  \n1. Accedere a VETINFO  \n2. Selezionare ClassyFarm → ClassyFarm 2.0  \n3. Selezionare il PROFILO  \n   1. Cliccare su ""Selezione Veterinario Aziendale""  \n   2. Nella sezione ""Dottore"", cliccare, cercare e selezionare il professionista abilitato.  \n   **Nota Bene:** Il Veterinario Aziendale dovrà validare e caricare la documentazione come indicato nella guida specifica.  \n   3. Cliccare su ""Conferma"".  \n   **Nota Bene:** Per revocare la nomina, cliccare su [icona di revoca] e poi su ""Conferma"".  \n\n**SCELTA E REVOCA DEL VETERINARIO AZIENDALE**  \n\n1. Consultare la GUIDA AI CRUSCOTTI INTERATTIVI al seguente link: www.classyfarm.it  \n2.  \n3.', 'VETERINARIO:\n- AZIENDALE\n- INCARICATO\n- UFFICIALE\n(Clicca sulla tua figura per consultare la procedura)\nOPERATORE DELEGATO\n2\nwww.classyfarm.it', ""In base al decreto identificato con il numero xxxxxxxx, è stato designato il dott. ……………………………, un medico veterinario regolarmente iscritto all’Ordine dei Veterinari della Provincia di …………………….. con il numero di iscrizione n ………, come veterinario aziendale. Il dottore è consapevole delle conseguenze penali che possono derivare da dichiarazioni false e mendaci, come previsto dal D.P.R. 445/2000.\n\nIn seguito, il veterinario aziendale ha rilasciato una dichiarazione in cui, sempre ai sensi del decreto xxxxxxx, accetta l’incarico di veterinario aziendale per un allevamento identificato con il codice aziendale ... … …IT … … … . Il dott. …………………………………, libero professionista, ha fornito anche il proprio indirizzo email: ……………………. È iscritto all'Albo della Provincia di ………………………… con il numero di iscrizione n …………. Anche in questo caso, il veterinario è consapevole delle conseguenze penali legate a dichiarazioni false e mendaci, come stabilito dal D.P.R. 445/2000.\n\nInfine, sono richieste le firme dell'operatore e del veterinario aziendale, con il riferimento al numero 18A00687."", ""**ISTRUZIONI PER L'ASSOCIAZIONE DEL VALUTATORE**\n\n1. Inserire il codice fiscale del Valutatore che si desidera associare.\n2. Cliccare su «Cerca».\n\nSe il Valutatore è già abilitato in ClassyFarm, il sistema troverà una corrispondenza e sarà sufficiente selezionarlo dal menu a tendina.\n\nSe il Valutatore non è abilitato in ClassyFarm, sarà comunque possibile associarlo creando un'utenza.\n\n**Selezione Valutatore**  \nValutatori già associati dall'Odc."", ""**RICHIESTA DI ACCESSO AL SISTEMA CLASSYFARM**\n\nIl sottoscritto Dott. ...................................................................................................................................,  \ncodice fiscale ......................................................., iscritto all'Ordine dei Medici Veterinari della  \nProvincia di ......................... n. ......., e-mail ..........................................................................................,  \nUsername Vetinfo ................................................................................................................................,  \n\nDICHIARA  \n• di aver frequentato il corso di veterinario aziendale ai sensi del D.M. 7 dicembre 2017;  \n• di aver seguito un percorso di formazione dedicato;  \n• di essere consapevole che:  \n  o i dati personali forniti saranno trattati dal sistema ClassyFarm per:  \n    - le operazioni di accesso e profilazione al sistema;  \n  o per l’invio di comunicazioni via e-mail."", ""Il sistema integrato «ClassyFarm» offre una guida per l'inserimento della check-list sull'app. Per associarsi all'allevamento, è necessario seguire alcuni passaggi. Innanzitutto, bisogna caricare tutti i documenti richiesti, che includono il documento di identità del veterinario, il documento di identità dell'allevatore e il modulo di autorizzazione, noto come «Modulo di richiesta di associazione». Una volta completata questa fase, si deve cliccare su «Conferma» per finalizzare il processo di associazione."", ""**RICHIESTA DI ACCESSO AL SISTEMA CLASSYFARM**\n\nIl sottoscritto Dott. ...................................................................................................................................,  \ncodice fiscale ......................................................., iscritto all'Ordine dei Medici Veterinari della  \nProvincia di ......................... n. ......., e-mail ..........................................................................................,  \nUsername Vetinfo ................................................................................................................................,  \n\nDICHIARA\n\n- di aver frequentato il corso di veterinario aziendale ai sensi del D.M. 7 dicembre 2017;  \n- di aver seguito un percorso di formazione dedicato;  \n- di essere consapevole che i dati personali forniti saranno trattati dal sistema ClassyFarm per:  \n  - le operazioni di accesso e profilazione al sistema;  \n  - l'invio di comunicazioni via e-mail."", 'Il sistema integrato ""ClassyFarm"" offre una guida per l\'inserimento della check-list di valutazione del rischio relativo al taglio della coda. Prima di iniziare il processo di valutazione del benessere animale e della biosicurezza tramite l\'app, è fondamentale che sia il Medico Veterinario Aziendale che il Medico Veterinario Incaricato dispongano di alcuni documenti necessari per associarsi all\'allevamento.\n\nIn particolare, i documenti richiesti includono:\n\n1. Un documento di identità personale del veterinario.\n2. Un documento di identità dell\'allevatore.\n3. Il ""Modulo di richiesta di associazione all\'operatore"", che deve essere compilato in ogni sua parte e firmato sia dal veterinario che dall\'allevatore. Questo modulo è disponibile per il download sul sito www.classyfarm.it.\n\nÈ importante notare che esistono due moduli di associazione distinti: uno specifico per il Medico Veterinario Aziendale e l\'altro per il Medico Veterinario Incaricato.', 'Per inserire i dati relativi alla checklist di valutazione del rischio Benessere e della Biosicurezza dell’allevamento bovino tramite l\'app ClassyFarm, è fondamentale seguire alcuni passaggi preliminari. \n\nInnanzitutto, sia il Medico Veterinario Aziendale che il Medico Veterinario Incaricato devono assicurarsi di avere a disposizione una serie di documenti necessari per potersi associare all\'allevamento. Questi documenti includono:\n\n1. Il proprio documento di identità.\n2. Il documento di identità dell’allevatore.\n3. Il ""Modulo di richiesta di associazione all’operatore"", che deve essere compilato in ogni sua parte e firmato sia dal veterinario che dall’allevatore. Questo modulo è disponibile per il download sul sito www.classyfarm.it, nella sezione dedicata a come registrarsi a ClassyFarm.\n\nÈ importante notare che esistono due moduli di associazione distinti: uno specifico per il Medico Veterinario Aziendale e l\'altro per il Medico Veterinario Incaricato. Assicurati di utilizzare il modulo corretto in base al tuo ruolo.', ""Prima di iniziare a inserire i dati di valutazione del Benessere Animale e della Biosicurezza tramite l'app ClassyFarm 2.0, è necessario seguire alcune indicazioni fondamentali. \n\nInnanzitutto, è indispensabile essere in possesso delle credenziali VETINFO, che possono essere ottenute visitando il sito www.vetinfo.it. \n\nIn secondo luogo, per i Veterinari Aziendali, è richiesto di essere iscritti all'Elenco Pubblico Nazionale dei Veterinari Aziendali, gestito dalla FNOVI. \n\nPer quanto riguarda i Veterinari Incaricati, secondo l'aggiornamento della Nota Ministeriale 0016001-16/07/2020-DGSAF-MDS-P, non è necessaria l'iscrizione all'Elenco FNOVI. Tuttavia, è obbligatorio aver completato un corso di veterinario aziendale e aver seguito un percorso di formazione specifico, che includa argomenti pertinenti alla specie animale oggetto di valutazione."", 'per inserire i dati relativi alla checklist di valutazione del rischio benessere e della biosicurezza dell’allevamento bovino tramite lapp classyfarm è fondamentale seguire alcuni passaggi preliminari innanzitutto sia il medico veterinario aziendale che il medico veterinario incaricato devono assicurarsi di avere a disposizione una serie di documenti necessari per potersi associare allallevamento questi documenti includono 1 il proprio documento di identità 2 il documento di identità dell’allevatore 3 il modulo di richiesta di associazione all’operatore che deve essere compilato in ogni sua parte e firmato sia dal veterinario che dall’allevatore questo modulo è disponibile per il download sul sito www classyfarm it nella sezione dedicata a come registrarsi a classyfarm è importante notare che esistono due moduli di associazione distinti uno specifico per il medico veterinario aziendale e laltro per il medico veterinario incaricato assicurati di utilizzare il modulo corretto in base al tuo ruolo', '**21 associazione di un allevamento** questa operazione è necessaria esclusivamente per il veterinario incaricato e il veterinario aziendale 1 accedere a classyfarm e selezionare lopzione selezione azienda 2 cliccare sul pulsante nuovo allevamento 3 inserire il codice dellallevamento cliccare sul pulsante verifica e selezionare lallevamento da associare 4 scegliere le tipologie di questionario che si desidera compilare tramite il menu a tendina 5 caricare i documenti richiesti si consiglia di utilizzare file in formato pdf il modulo di autorizzazione è scaricabile al seguente link https //www classyfarm it/index php/register it e cliccare sul pulsante conferma in fondo alla pagina', '**21  \nASSOCIAZIONE DI UN ALLEVAMENTO**  \nQuesta operazione è necessaria esclusivamente per il Veterinario Incaricato e il Veterinario Aziendale.\n\n1. Accedere a ClassyFarm e selezionare l\'opzione ""Selezione Azienda"".\n2. Cliccare sul pulsante ""Nuovo Allevamento"".\n3. Inserire il codice dell\'allevamento, cliccare sul pulsante ""Verifica"" e selezionare l\'allevamento da associare.\n4. Scegliere le tipologie di questionario che si desidera compilare tramite il menu a tendina.\n5. Caricare i documenti richiesti (si consiglia di utilizzare file in formato PDF; il modulo di autorizzazione è scaricabile al seguente link: https://www.classyfarm.it/index.php/register-it) e cliccare sul pulsante ""Conferma"" in fondo alla pagina.']","Per associare il tuo veterinario, segui questi passaggi:

1. **Documentazione Necessaria**: Assicurati di avere i seguenti documenti:
   - Un documento di identità personale del veterinario.
   - Un documento di identità dell'allevatore.
   - Il ""Modulo di richiesta di associazione all'operatore"", che deve essere compilato in tutte le sue parti e firmato sia dal veterinario che dall'allevatore. Questo modulo è disponibile per il download sul sito www.classyfarm.it.

2. **Accesso a ClassyFarm**: Accedi al sistema ClassyFarm.

3. **Selezione Azienda**:
   - Seleziona l'opzione ""Selezione Azienda"".
   - Clicca sul pulsante ""Nuovo Allevamento"".

4. **Inserimento Codice Allevamento**:
   - Inserisci il codice dell'allevamento.
   - Clicca sul pulsante ""Verifica"" e seleziona l'allevamento da associare.

5. **Scelta Questionari**: Scegli le tipologie di questionario che desideri compilare tramite il menu a tendina.

6. **Caricamento Documenti**: Carica i documenti richiesti. Si consiglia di utilizzare file in formato PDF.

7. **Conferma**: Clicca sul pulsante ""Conferma"" in fondo alla pagina per finalizzare il processo di associazione.

Ricorda che esistono due moduli di associazione distinti: uno per il Medico Veterinario Aziendale e uno per il Medico Veterinario Incaricato. Assicurati di utilizzare il modulo corretto in base al tuo ruolo.","Entrando in ClassyFarm nella sezione ""Seleziona Veterinario Aziendale"" è possibile associare il proprio veterinario, a condizione che lo stesso sia stato abilitato in ClassyFarm.",1.0,0.7361223432720772,,1.0,0.35160813560814996,OK,True
Qual è l’email del Ministero a cui inviare le deleghe?,"[""[INVIO_EMAIL] **ISTRUZIONI PER LA RICHIESTA DI CONFERMA**\n\n1. Inserire l'indirizzo email al quale si desidera ricevere la conferma.\n2. Compilare il modulo con i dati personali e le informazioni relative all'allevamento.\n3. Se non si è in possesso dell'utenza Vetinfo o se è stata dimenticata, lasciare vuoto il campo corrispondente.\n4. Allegare il modulo e una copia del documento di identità, fronte e retro.\n5. Inviare la richiesta solo dopo aver verificato l'assenza di errori.\n6. Attendere un'email di default che confermerà il codice CSD e l'avvenuto invio corretto della richiesta.\n7. Procedere con l'invio delle deleghe."", '**ISTRUZIONI PER LA DELEGA**\n\n1. Scaricare, compilare e firmare il modello di delega disponibile al seguente link.\n2. Inviare la delega e i documenti di identità (sia dell\'allevatore che del delegato) al Ministero della Salute, utilizzando uno degli indirizzi sottostanti, e in copia conoscenza (CC) a ClassyFarm.\n\n- **Delegato da singolo operatore**: Attendere l\'e-mail di avvenuta abilitazione.\n- **Delegato da più operatori**: Caricare nel sistema i documenti di identità e le deleghe nella sezione ""Seleziona azienda"".\n\nPer ulteriori informazioni, visitare il sito: www.classyfarm.it.', ""La Direzione dell'Organismo di Coordinamento si trova in Via Palestro 81, 00185 Roma, e può essere contattata telefonicamente al numero 06.49499282. Per comunicazioni ufficiali, è disponibile anche un indirizzo PEC: protocollo@pec.agea.gov.it.\n\nDi seguito, si elencano gli organismi destinatari della comunicazione, con i rispettivi indirizzi email:\n\n1. **A.G.R.E.A**  \n   Email: agrea@postacert.regione.emilia-romagna.it\n\n2. **APPAG Trento**  \n   Email: appag@pec.provincia.tn.it\n\n3. **ARCEA**  \n   Email: protocollo@pec.arcea.it\n\n4. **ARPEA**  \n   Email: protocollo@cert.arpea.piemonte.it\n\n5. **A.R.T.E.A**  \n   Email: artea@cert.legalmail.it\n\n6. **A.V.E.P.A**  \n   Email: protocollo@cert.avepa.it\n\n7. **Organismo Pagatore AGEA**  \n   Email: protocollo@pec.agea.gov.it\n\n8. **Organismo Pagatore della Regione Lombardia**  \n   Email: opr@pec.regione.lombardia.it\n\n9. **OP della Provincia Autonoma di Bolzano - OPPAB**  \n   Email: organismopagatore.landeszahlstelle@pec.prov.bz.it\n\n10. **Organismo Pagatore ARGEA Sardegna**  \n    Email: argea@pec.agenziaargea.it\n\nQuesti organismi sono stati contattati per le necessarie comunicazioni relative alle loro funzioni."", ""**CARTA INTESTATA AZIENDA**\n\nSpettabile  \nMINISTERO DELLA SALUTE  \n…………  \n\nSpettabile  \nCLASSYFARM  \nC/o IZSLER BRESCIA  \ninfo@classyfarm.i  \n\nIl sottoscritto  \nSignor: ______________________________________,  \nCodice Fiscale: ________________,  \n\nin qualità di operatore ai sensi del Regolamento (UE) 2016/429  \ndell'Azienda  \n_______________,  \ncon sede in  \n___________________,  \ncon attuale codice fiscale/partita IVA: _____________________,  \ncodice BDN: __________,  \nspecie: __________,  \n\nconsapevole delle conseguenze legali derivanti da dichiarazioni false e mendaci ai sensi del D.P.R. 445/2000,  \n\nDELEGA  \n\nIl Signor __________________________, codice fiscale: ____________________ (user vetinfo: _______________) alla consultazione dei dati della propria azienda presenti in ClassyFarm.  \n\nIn fede,  \n_____________li, ____________  \n\nFIRMA DEL DELEGANTE  \nFIRMA DEL DELEGATO  \n\nSi allegano copia dei documenti di identità del delegante e del delegato."", ""[INVIO_EMAIL] **Istruzioni per la Richiesta di Abilitazione**\n\n1. Inserire l'indirizzo email al quale si desidera ricevere la conferma.\n2. Compilare il modulo con i dati personali e le informazioni relative all'allevamento.\n3. Se non si è in possesso delle credenziali Vetinfo o se queste sono state dimenticate, lasciare vuoto il campo corrispondente.\n4. Allegare il modulo compilato e una copia del documento di identità, fronte e retro.\n5. Inviare la richiesta solo dopo aver verificato l'assenza di errori.\n6. Attendere un'email di default che confermerà il codice CSD e l'avvenuto invio corretto della richiesta.\n7. Restare in attesa dell'email di avvenuta abilitazione."", ""Ecco l'elenco strutturato discorsivo basato sulla tabella fornita:\n\n---\n\nIl documento è indirizzato a diversi organismi pagatori. In particolare, si rivolge all'Organismo Pagatore ARGEA della Sardegna, il cui indirizzo email è argea@pec.agenziaargea.it. \n\nInoltre, è destinato anche all'Organismo Pagatore della Regione Friuli Venezia Giulia, contattabile tramite l'indirizzo email opr@certregione.fvg.it.\n\nInfine, si fa riferimento a un protocollo di uscita, identificato come AGEA - COORD - Prot. Uscita N.0002664, datato 12 gennaio 2024. Questo protocollo è ripetuto più volte nel documento.\n\n--- \n\nSe hai bisogno di ulteriori modifiche o dettagli, fammi sapere!"", ""Ecco l'elenco strutturato discorsivo basato sulla tabella fornita:\n\n---\n\nDestinatari della comunicazione:\n\n1. **C.A.A. Coldiretti S.r.l.**\n   - Email: caa.coldiretti@pec.coldiretti.it\n\n2. **C.A.A. Confagricoltura S.r.l.**\n   - Email: segreteria.caa@pec.confagricoltura.it\n\n3. **C.A.A. CIA S.r.l.**\n   - Email: amministrazionecaa-cia@legalmail.it\n\n4. **CAA Caf Agri**\n   - Email: caacafagri@pec.caacafagri.com\n\n5. **CAA degli Agricoltori**\n   - Email: caadegliagricoltori@legalmail.it\n\nIn copia conoscenza (p.c.):\n\n- **Ministero dell’agricoltura, della sovranità alimentare e delle foreste**\n  - Direzione Generale delle politiche Internazionali e dell’Unione europea\n  - Email: pocoi.direzione@pec.politicheagricole.gov.it\n\n- **Regione Veneto**\n  - Area Marketing territoriale, Cultura, Turismo, Agricoltura e Sport\n  - Coordinamento Commissione Politiche agricole\n  - Email: area.marketingterritoriale@regione.veneto.it\n\n- **Istituto Zooprofilattico Sperimentale**\n\n--- \n\nQuesto formato rende più chiara la struttura e le informazioni contenute nel testo originale."", '**Sistema Integrato «ClassyFarm» - Guida per l\'Operatore e i suoi Delegati**\n\n**RICHIESTA DI PROFILO**  \n**Delegato da Singolo Operatore**  \n\nLa richiesta di accesso con la qualifica di Delegato da singolo operatore deve essere redatta e inviata al Ministero della Salute, con copia conoscenza all\'indirizzo info@classyfarm.it. Le modalità e la documentazione necessaria sono disponibili nella sezione ""OPERATORE E SUOI DELEGATI"" sul sito www.classyfarm.it. \n\nIl Delegato da singolo operatore è tenuto a comunicare, attraverso i canali sopra indicati, la cessazione della delega.', 'Ecco l\'elenco strutturato discorsivo basato sulla tabella fornita:\n\n---\n\n**Politiche Agricole**\n\n- **Contatto Email**: area.marketingterritoriale@regione.veneto.it\n\n**Destinatari**:\n\n1. **Istituto Zooprofilattico Sperimentale della Lombardia e dell\'Emilia-Romagna ""Bruno Ubertini""**\n   - **Email**: protocollogenerale@cert.izsler.it\n\n2. **SIN S.p.A.**\n   - **Email**: protocollo.sin@pec.it\n\n3. **Leonardo S.p.A.**\n   - **Email**: cybersecurity@pec.leonardo.com\n\n**Comunicazione**:\n- **Riferimento**: AGEA - COORD - Prot. Uscita N.0002664 del 12/01/2024 (ripetuto quattro volte)\n\n--- \n\nQuesto formato presenta le informazioni in modo chiaro e organizzato, facilitando la comprensione dei destinatari e dei contatti associati.', ""Il documento riguarda il pascolamento, come stabilito dall'articolo 3, lettera h), del Decreto Ministeriale del 23 dicembre 2022, numero 660087. \n\nIl direttore del documento è il Dr. Salvatore Carfì, che ha firmato digitalmente il testo in conformità agli articoli 21 e 23 del Decreto Legislativo numero 82 del 2005. \n\nIl documento è registrato presso AGEA - COORD con il protocollo di uscita numero 0002664, datato 12 gennaio 2024. La firma digitale di Salvatore Carfì è stata apposta il 12 gennaio 2024 alle ore 20:21:24."", '**PAG**  \nSistema Integrato «ClassyFarm» - Guida per il Delegato da Operatore - Filiera o Gruppo  \n\n**PRIMA DI INIZIARE**  \nPer visualizzare i dati relativi al Delegato da Operatore, è necessario disporre dei seguenti documenti (foto o scansione) per ogni singolo allevamento che abbia conferito formale delega:  \n• Documento di identità del Delegato  \n• Documento di identità dell’Operatore Responsabile degli Animali  \n• Modulo di delega compilato in tutte le sue parti e firmato dall’Operatore Responsabile degli Animali. (N.B. La scansione originale firmata deve essere fornita in un unico file)  \n\nIl modulo è scaricabile dal sito www.classyfarm.it  \n**PAG 26**', ""**Richiesta di Accesso al Sistema ClassyFarm**\n\nIn conformità con la normativa vigente in materia di privacy, si richiede l'accesso al sistema ClassyFarm per le seguenti finalità:\n\n- Operazioni di accesso e profilazione al sistema;\n- Invio di comunicazioni via e-mail relative al funzionamento del sistema.\n\nSi dichiara di essere consapevoli della necessità di inviare il modello di Delega per la formale designazione.\n\nSi è altresì informati delle conseguenze penali previste dal D.P.R. 445/2000 in caso di dichiarazioni false o mendaci.\n\n**Si richiede:**\n\n□ Accesso al sistema ClassyFarm con il ruolo di Delegato per un singolo Operatore  \n□ Accesso al sistema ClassyFarm con il ruolo di Delegato per più Operatori  \n\n**FIRMA**  \n………………………………, data ………………………  \n\n………………………………..  \n\n*Si prega di allegare una copia del documento d’identità.*"", '**istruzioni per la delega** 1 scaricare compilare e firmare il modello di delega disponibile al seguente link 2 inviare la delega e i documenti di identità sia dellallevatore che del delegato al ministero della salute utilizzando uno degli indirizzi sottostanti e in copia conoscenza cc a classyfarm **delegato da singolo operatore** attendere le mail di avvenuta abilitazione **delegato da più operatori** caricare nel sistema i documenti di identità e le deleghe nella sezione seleziona azienda per ulteriori informazioni visitare il sito www classyfarm it', 'invio_email **istruzioni per la richiesta di conferma** 1 inserire lindirizzo email al quale si desidera ricevere la conferma 2 compilare il modulo con i dati personali e le informazioni relative allallevamento 3 se non si è in possesso dellutenza vetinfo o se è stata dimenticata lasciare vuoto il campo corrispondente 4 allegare il modulo e una copia del documento di identità fronte e retro 5 inviare la richiesta solo dopo aver verificato lassenza di errori 6 attendere unemail di default che confermerà il codice csd e lavvenuto invio corretto della richiesta 7 procedere con linvio delle deleghe', ""Alla cortese attenzione di EY Advisory S.p.A, con indirizzo email eyadvisory@legalmail.it, e del RTI Lotto 2 - Servizi di sviluppo e gestione SIAN - Servizi tecnici-agronomici, contattabile tramite protocollo-lotto2@pec.it.\n\nOggetto della comunicazione: Regimi per il clima, l’ambiente e il benessere degli animali, in particolare l'eco-schema 1, con riferimento alla disciplina e ai controlli previsti dal Regolamento (UE) n. 2021/2115 nell’ambito dei pagamenti diretti.\n\nLa presente circolare ha lo scopo di disciplinare l'intervento eco-schema 1 e le procedure di controllo necessarie per verificare le condizioni di ammissibilità. In questo documento, si è provveduto a consolidare in un unico testo il contenuto delle circolari AGEA, in particolare la prot. n. 31369 del 28 aprile 2023, la prot. n. 40336 del 26 maggio 2023 e la prot. n. 43528 dell’8 giugno 2023. Inoltre, sono state integrate le procedure di controllo e recepite le novità introdotte dal DM 15 dicembre 2023 n. 690602.""]","L'email del Ministero a cui inviare le deleghe è [[EMAIL_RIMOSSO]](mailto:[EMAIL_RIMOSSO]). In copia conoscenza, invia anche a [[EMAIL_RIMOSSO]](mailto:[EMAIL_RIMOSSO]).",Le deleghe e i documenti di identità devono essere inviati al Ministero della Salute sanita.animale@sanita.it e in copia conoscenza a info@classyfarm.it (nella stessa email).,0.0,0.9792020491085439,,1.0,0.5161512441308831,EMAIL_MISMATCH,True
Quanto tempo dovrò attendere per l’abilitazione?,"[""[INVIO_EMAIL] **Istruzioni per la Richiesta di Abilitazione**\n\n1. Inserire l'indirizzo email al quale si desidera ricevere la conferma.\n2. Compilare il modulo con i dati personali e le informazioni relative all'allevamento.\n3. Se non si è in possesso delle credenziali Vetinfo o se queste sono state dimenticate, lasciare vuoto il campo corrispondente.\n4. Allegare il modulo compilato e una copia del documento di identità, fronte e retro.\n5. Inviare la richiesta solo dopo aver verificato l'assenza di errori.\n6. Attendere un'email di default che confermerà il codice CSD e l'avvenuto invio corretto della richiesta.\n7. Restare in attesa dell'email di avvenuta abilitazione."", ""**ISTRUZIONI PER LA RICHIESTA DI ABILITAZIONE**\n\n1. Scaricare, compilare e firmare il modulo disponibile al seguente link.\n2. Effettuare la richiesta online accedendo al link indicato.\n\nPer richiedere l'abilitazione al sistema, si prega di collegarsi al sito www.classyfarm.it."", ""**ISTRUZIONI PER LA RICHIESTA DI ABILITAZIONE**\n\n1. Scaricare, compilare e firmare il modulo disponibile al seguente link.\n2. Effettuare la richiesta online accedendo al link indicato.\n\nPer richiedere l'abilitazione al sistema, collegarsi al sito www.classyfarm.it."", ""**ISTRUZIONI PER LA RICHIESTA DI ABILITAZIONE AL SISTEMA**\n\n1. **Scaricare, compilare e firmare il modulo** disponibile ai seguenti link.\n2. Per richiedere l'abilitazione al sistema, collegarsi al sito www.classyfarm.it.\n3. **Inviare il modulo, unitamente a un documento di identità**, via e-mail all'incaricato aziendale.\n\nPer ulteriori informazioni, visitare il sito www.classyfarm.it."", ""La durata delle attività varia in base ai seguenti intervalli: da 110 a 117 secondi, da 140 a 400 secondi, 50 secondi, e da 1 a 3 secondi. È fondamentale che, nel caso in cui venga dichiarato l'utilizzo di un metodo, ci sia una verifica della disponibilità di strumentazione adeguata e che questa sia sottoposta a una manutenzione appropriata. In assenza di tali verifiche, la risposta sarà considerata insufficiente. \n\nIn condizioni ottimali, oltre ai criteri già menzionati, è necessaria la presenza di un protocollo scritto. Questo protocollo, che potrebbe essere incluso in un manuale di buone pratiche, deve riportare in dettaglio le procedure e le linee guida da seguire."", ""Oggetto: Richiesta di Abilitazione al Sistema\n\nSi prega di inviare un'e-mail contenente i seguenti dati: nome, cognome, utenza Vetinfo e ASL di appartenenza, all'indirizzo indicato.\n\nPer effettuare la richiesta di abilitazione al sistema, si prega di collegarsi al sito www.classyfarm.it."", ""La commissione d'esame deve essere composta da almeno un Veterinario dell'ASL e dal Medico Veterinario referente del corso. In caso di superamento dell'esame, l'ASL territorialmente competente rilascia un certificato di formazione (Allegato 4 del DM 04/02/13).\n\nFigura 2 - Allegato 4 D.M. 04/02/13"", ""**Pratica ricevuta**\n\n**Capacità e conoscenze adeguate:** È richiesta un'esperienza di almeno 5 anni nel settore dell'ingrasso, oppure il possesso di un titolo di studio e di un corso di formazione pertinente. È necessario fornire istruzioni pratiche a tutti gli addetti, in forma scritta o attraverso la verifica mediante semplici quesiti.\n\n**Capacità e conoscenze ottimali:** È richiesta un'esperienza di almeno 5 anni nel settore dell'ingrasso, oppure il possesso di un titolo di studio e la partecipazione a più corsi di formazione specifici e periodici (ogni 3 anni), con applicazione pratica in allevamento, oltre alla disponibilità di istruzioni pratiche per tutti gli addetti.\n\nSi considera adeguata la formazione che prevede un'esperienza pratica nel settore o un titolo di studio pertinente, accompagnata dalla partecipazione a corsi di formazione specifici sul benessere animale. I titoli di studio ritenuti idonei includono: laurea in agraria, medicina veterinaria e lauree brevi o magistrali in produzioni."", ""L'installazione dei dispositivi di comando e dei quadri elettrici deve avvenire sempre lontano dalle zone di transito e ricovero degli animali. \n\nIn merito alle verifiche obbligatorie, secondo il DPR 462/2001, nei luoghi di lavoro in cui sono presenti lavoratori dipendenti o assimilati, la dichiarazione di conformità dell'impianto è considerata equivalente all'omologazione. \n\nIl Datore di lavoro ha l'obbligo di iscrivere l'impianto nel portale INAIL – CIVA entro trenta giorni dalla sua messa in esercizio. Inoltre, deve inviare la dichiarazione di conformità (Di.Co.) al Servizio Impiantistico Antinfortunistico dell'AUSL competente per territorio, o all'ARPA in alcune regioni. \n\nÈ responsabilità del Datore di lavoro garantire che vengano effettuate regolari manutenzioni sull'impianto. Inoltre, deve richiedere, a proprie spese, la verifica periodica dell'impianto al Servizio Impiantistico Antinfortunistico dell'AUSL competente o all'ARPA, oppure a organismi privati con abilitazione ministeriale."", ""Al termine del percorso formativo, i partecipanti sono sottoposti a un esame finale, che consiste in un questionario composto da almeno venti domande a risposta multipla, equamente distribuite tra gli argomenti trattati durante il corso. L'esame si considera superato qualora il candidato abbia fornito risposte corrette ad almeno l'80% delle domande.\n\nLa commissione d'esame è composta da almeno un medico veterinario dell'azienda sanitaria locale, come indicato nel comma 1, il quale ha il compito di garantire il regolare svolgimento della prova, e dal medico veterinario referente del corso.\n\nL'azienda sanitaria locale competente per territorio rilascia ai partecipanti che superano l'esame finale, come previsto dal comma 4, un certificato di formazione, conforme al modello di cui all'allegato 4, valido su tutto il territorio nazionale, e mantiene un registro dei certificati di formazione rilasciati."", ""Prima del momento previsto per la macellazione, il ciclo di illuminazione deve seguire un ritmo di 24 ore, includendo periodi di oscurità di almeno 6 ore totali, con un periodo ininterrotto di oscurità di almeno 4 ore, escludendo i momenti di attenuazione della luce. \n\nAl momento dell'ispezione, sarà assegnata una valutazione accettabile ai capannoni che presentano un programma di alternanza luce/buio adeguato, con un minimo di 6 ore di oscurità, di cui almeno 4 ore ininterrotte. Queste condizioni devono essere rispettate entro i 7 giorni successivi."", ""L'esperienza del personale addetto agli animali è un aspetto cruciale per garantire il benessere animale. Si richiede un'esperienza indicativa di almeno 10 anni, che può essere accompagnata da un titolo di studio o da un corso di formazione specifico. In alternativa, è possibile avere un'esperienza di almeno 10 anni insieme a un titolo di studio o a un corso di formazione attinente, purché questo sia stato conseguito negli ultimi 3 anni, il che rappresenta una condizione ottimale.\n\nInoltre, è fondamentale che il personale disponga di capacità e conoscenze adeguate, avendo ricevuto istruzioni pratiche sulle normative pertinenti. Le risposte riguardo a questo aspetto possono variare: si può confermare la presenza di istruzioni pratiche scritte o correttamente comunicate, oppure indicare che non sono state fornite per le categorie A, B o C, o che la questione non è applicabile.\n\nÈ importante sottolineare che il benessere animale è un tema relativamente recente e richiede una continua divulgazione tra gli operatori del settore zootecnico. La formazione e l'aggiornamento del personale sono essenziali per garantire che le pratiche siano in linea con le normative e le migliori pratiche del settore."", '**testo rivisitato ** ai corsi di formazione di cui al presente articolo è possibile essere ammessi direttamente alla prova desame finale di cui al comma 4 secondo quanto indicato nel piano nazionale benessere animale pnba 2013 è necessario che a seguito del rilascio dei certificati di formazione agli allevatori da parte delle aziende sanitarie locali asl queste ultime inviino anche lelenco dei certificati rilasciati al centro di referenza nazionale per il benessere animale il quale costituirà un elenco unico a livello nazionale per procedere è possibile scaricare il modulo specifico dal sito www izsler it navigando su crenba > materiale per la formazione > “file per la segnalazione dei corsi per l’abilitazione degli allevatori” il modulo una volta debitamente compilato dovrà essere inviato telematicamente allindirizzo di posta elettronica crn benessere animale@izsler it è esonerato dalla partecipazione al corso ma è comunque obbligato a sostenere l’esame per conseguire il certificato il proprietario o detentore che alla data del 30 giugno 2010 già esercitava', 'per valutare il parametro ponderale nella capra da latte si utilizza il test di latenza al primo contatto come indicato dal protocollo awin del 2015 il processo di esecuzione del test prevede diversi passaggi innanzitutto il valutatore deve avvicinarsi al box o al recinto in cui si trovano le capre e attendere circa mezzo minuto prima di entrare una volta trascorso questo tempo loperatore entra nel box e si posiziona con la schiena appoggiata alla parete a metà del lato più lungo del recinto rimanendo fermo a questo punto viene cronometrato il tempo che impiega la prima capra ad avere un contatto diretto con loperatore il test si interrompe non appena una capra stabilisce un contatto con il valutatore se invece nessuna capra si avvicina il test si conclude dopo 300 secondi e in questo caso verrà assegnato un giudizio insufficiente se una capra si avvicina il valutatore dovrà considerare il tempo intercorso tra linizio del test e il contatto con il primo animale per decidere se assegnare un giudizio accettabile o ottimale', ""**Testo Rivisitato:**\n\n**Capacità e Conoscenze Ottimali:** È richiesta un'esperienza di almeno 5 anni nel settore dello svezzamento e dell'ingrasso (10 anni per i riproduttori), oppure il possesso di un titolo di studio pertinente e la partecipazione a più corsi di formazione specifici e periodici, con applicazioni pratiche in allevamento. È fondamentale che siano fornite istruzioni pratiche a tutti gli addetti.\n\nSi considera adeguata la formazione che prevede un'esperienza pratica nel settore o un titolo di studio attinente, accompagnata dalla partecipazione a corsi di formazione specifici sul benessere animale. I titoli di studio ritenuti idonei includono: diploma o laurea in agraria, medicina veterinaria, e lauree brevi o magistrali in produzioni animali o aree tematiche correlate.\n\nI corsi di formazione dovrebbero essere strutturati in modo da garantire una durata minima di 8 ore (equivalenti a 2 mezze giornate o 2 incontri serali), trattando argomenti relativi al benessere animale e ai principali aspetti connessi.""]",Dai documenti: è necessario aggiornare l’APP; in alternativa usare il sistema ‘Questionari’.,"Generalmente le richieste di abilitazione vengono elaborate in due giorni lavorativi, al termine della procedura viene inviata una notifica con l’esito dell’abilitazione stessa.",0.0,0.26590613555825926,,0.0,0.08928979155994056,OK,True
"Ho ricevuto l’e-mail di avvenuta abilitazione ma non la password, potete inviarmela?","[""[INVIO_EMAIL] **Istruzioni per la Richiesta di Abilitazione**\n\n1. Inserire l'indirizzo email al quale si desidera ricevere la conferma.\n2. Compilare il modulo con i dati personali e le informazioni relative all'allevamento.\n3. Se non si è in possesso delle credenziali Vetinfo o se queste sono state dimenticate, lasciare vuoto il campo corrispondente.\n4. Allegare il modulo compilato e una copia del documento di identità, fronte e retro.\n5. Inviare la richiesta solo dopo aver verificato l'assenza di errori.\n6. Attendere un'email di default che confermerà il codice CSD e l'avvenuto invio corretto della richiesta.\n7. Restare in attesa dell'email di avvenuta abilitazione."", ""Oggetto: Richiesta di Abilitazione al Sistema\n\nSi prega di inviare un'e-mail contenente i seguenti dati: nome, cognome, utenza Vetinfo e ASL di appartenenza, all'indirizzo indicato.\n\nPer effettuare la richiesta di abilitazione al sistema, si prega di collegarsi al sito www.classyfarm.it."", '[ASSISTENZA_TELEFONICA] [INVIO_EMAIL] Benvenuti al servizio di assistenza ClassyFarm. In questa pagina, avrete la possibilità di inserire le vostre richieste di assistenza per il sistema ClassyFarm. Per iniziare, vi invitiamo a seguire attentamente la procedura di richiesta accesso.\n\nIn primo luogo, dovrete inserire l\'email nel campo indicato per ricevere la conferma della vostra richiesta. Assicuratevi di compilare il form con i dati personali e dell\'allevamento, inclusi nome, cognome, data di nascita, codice fiscale e altri dettagli richiesti. Se non possedete un\'utenza Vetinfo o se l\'avete dimenticata, vi preghiamo di lasciare il campo corrispondente vuoto.\n\nSuccessivamente, utilizzate il pulsante ""Sfoglia"" per allegare il modulo di adesione e il documento di identità, sia fronte che retro. È fondamentale che, prima di inviare la richiesta, verifichiate che tutti i dati siano corretti. Solo dopo aver effettuato questa verifica, potrete cliccare su ""Invia"" per inoltrare la vostra richiesta.\n\nDopo l\'invio, attendete un\'email di default che confermerà il codice CSD e il corretto invio della vostra richiesta. Infine, restate in attesa dell\'email di avvenuta abilitazione, che vi informerà sull\'esito della vostra richiesta.\n\nGrazie per aver scelto il servizio di assistenza ClassyFarm. Siamo qui per aiutarvi!', ""**ISTRUZIONI PER LA RICHIESTA DI ABILITAZIONE AL SISTEMA**\n\n1. **Scaricare, compilare e firmare il modulo** disponibile ai seguenti link.\n2. Per richiedere l'abilitazione al sistema, collegarsi al sito www.classyfarm.it.\n3. **Inviare il modulo, unitamente a un documento di identità**, via e-mail all'incaricato aziendale.\n\nPer ulteriori informazioni, visitare il sito www.classyfarm.it."", ""**Oggetto: Registrazione a ClassyFarm**\n\nPer richiedere l'accesso al sistema ClassyFarm, si prega di inviare un'email all'indirizzo info@classyfarm.it. \n\nPer procedere con l'abilitazione, è necessario fornire le seguenti informazioni per ciascun utente indicato:\n\n- Nome\n- Cognome\n- Codice Fiscale\n- Data di nascita\n- Indirizzo email\n\nSi prega di allegare la richiesta su carta intestata, completa dell'elenco degli utenti da abilitare (massimo 3 utenti)."", ""**ISTRUZIONI PER LA RICHIESTA DI ABILITAZIONE**\n\n1. Scaricare, compilare e firmare il modulo disponibile al seguente link.\n2. Effettuare la richiesta online accedendo al link indicato.\n\nPer richiedere l'abilitazione al sistema, si prega di collegarsi al sito www.classyfarm.it."", ""**ISTRUZIONI PER LA RICHIESTA DI ABILITAZIONE**\n\n1. Scaricare, compilare e firmare il modulo disponibile al seguente link.\n2. Effettuare la richiesta online accedendo al link indicato.\n\nPer richiedere l'abilitazione al sistema, collegarsi al sito www.classyfarm.it."", ""**Oggetto: Richiesta di Accesso al Sistema ClassyFarm**\n\nSi richiede l'invio di e-mail contenenti:  \n• i report delle check-list compilate;  \n• comunicazioni di servizio relative al funzionamento del sistema;  \n• informazioni riguardanti le conseguenze penali in caso di dichiarazioni false e mendaci, come previsto dal D.P.R. 445/2000.  \n\nSi richiede, pertanto, l'accesso al sistema ClassyFarm con il ruolo di medico veterinario aziendale.  \n\n**Firma**  \n________________________  \nData: ____________________"", '**MODULO DI RICHIESTA DI ACCESSO AL SISTEMA CLASSYFARM CON RUOLO DI DELEGATO DA OPERATORE**\n\nIl sottoscritto, Signor (Cognome e Nome): ______________________________________,  \nin possesso del seguente Codice Fiscale: _____________________________,  \nin qualità di: ____________________________ \n\nDICHIARA\n\n- di essere in possesso e di fornire i seguenti recapiti:  \n  - e-mail (NO PEC): ____________________________________,  \n  - telefono cellulare: ___________________.  \n- di essere in possesso della seguente Username Vetinfo: _______________, oppure di non essere in possesso della Username di Vetinfo e di richiederla contestualmente (barrare la parte non necessaria).  \n- di accettare le condizioni del servizio.  \n- di essere consapevole che i dati personali appena comunicati saranno trattati in conformità alla vigente normativa sulla privacy, dal sistema ClassyFarm per:  \n  - le operazioni di accesso e profilazione al sistema.', ""• di accettare le condizioni del servizio;  \n• di essere consapevole che i dati personali forniti saranno trattati in conformità alla normativa vigente sulla privacy dal sistema ClassyFarm per:  \n  o le operazioni di accesso e profilazione al sistema;  \n  o l'invio di comunicazioni via e-mail relative al funzionamento del sistema;  \n• di essere a conoscenza delle conseguenze penali previste dal D.P.R. 445/2000 in caso di dichiarazioni false e mendaci.  \n\nCHIEDE  \nl'accesso al sistema ClassyFarm con il ruolo di Operatore.  \n\nFIRMA  \n………………………………, lì ………………………  \n………………………………..  \n\nAllegare copia del documento d'identità."", ""**MODULO DI RICHIESTA DI ACCESSO AL SISTEMA CLASSYFARM CON RUOLO DI OPERATORE**\n\nIl sottoscritto, Signor (Cognome e Nome): ______________________________________,  \nin possesso del seguente Codice Fiscale: ____________________,  \nin qualità di operatore ai sensi del Regolamento (UE) 2016/429 dell'Azienda ____________________,  \ncon sede in _____________________, con attuale codice fiscale/partita IVA _______________________  \ne codice aziendale BDN: ______________,  \n\nDICHIARA  \n\n- di essere in possesso e di fornire i seguenti recapiti:  \n  - e-mail (NO PEC): ____________________________________,  \n  - telefono cellulare: ___________________.  \n\n- di essere in possesso della seguente Username Vetinfo: _______________, oppure di non essere in possesso della Username di Vetinfo e di richiederla contestualmente (barrare la parte non necessaria).  \n\n- di accettare le condizioni del servizio.  \n\n- di essere consapevole che i dati personali appena comunicati saranno trattati in conformità alla normativa vigente."", ""**Richiesta di Accesso al Sistema ClassyFarm**\n\nIn conformità con la normativa vigente in materia di privacy, si richiede l'accesso al sistema ClassyFarm per le seguenti finalità:\n\n- Operazioni di accesso e profilazione al sistema;\n- Invio di comunicazioni via e-mail relative al funzionamento del sistema.\n\nSi dichiara di essere consapevoli della necessità di inviare il modello di Delega per la formale designazione.\n\nSi è altresì informati delle conseguenze penali previste dal D.P.R. 445/2000 in caso di dichiarazioni false o mendaci.\n\n**Si richiede:**\n\n□ Accesso al sistema ClassyFarm con il ruolo di Delegato per un singolo Operatore  \n□ Accesso al sistema ClassyFarm con il ruolo di Delegato per più Operatori  \n\n**FIRMA**  \n………………………………, data ………………………  \n\n………………………………..  \n\n*Si prega di allegare una copia del documento d’identità.*"", '**istruzioni per la delega** 1 scaricare compilare e firmare il modello di delega disponibile al seguente link 2 inviare la delega e i documenti di identità sia dellallevatore che del delegato al ministero della salute utilizzando uno degli indirizzi sottostanti e in copia conoscenza cc a classyfarm **delegato da singolo operatore** attendere le mail di avvenuta abilitazione **delegato da più operatori** caricare nel sistema i documenti di identità e le deleghe nella sezione seleziona azienda per ulteriori informazioni visitare il sito www classyfarm it', 'oggetto richiesta di abilitazione al sistema si prega di inviare une mail contenente i seguenti dati nome cognome utenza vetinfo e asl di appartenenza allindirizzo indicato per effettuare la richiesta di abilitazione al sistema si prega di collegarsi al sito www classyfarm it', ""[INVIO_EMAIL] **ISTRUZIONI PER LA RICHIESTA DI CONFERMA**\n\n1. Inserire l'indirizzo email al quale si desidera ricevere la conferma.\n2. Compilare il modulo con i dati personali e le informazioni relative all'allevamento.\n3. Se non si è in possesso dell'utenza Vetinfo o se è stata dimenticata, lasciare vuoto il campo corrispondente.\n4. Allegare il modulo e una copia del documento di identità, fronte e retro.\n5. Inviare la richiesta solo dopo aver verificato l'assenza di errori.\n6. Attendere un'email di default che confermerà il codice CSD e l'avvenuto invio corretto della richiesta.\n7. Procedere con l'invio delle deleghe.""]","Per ricevere la password dopo aver ricevuto l'email di avvenuta abilitazione, ti consiglio di contattare direttamente il servizio di assistenza di ClassyFarm. Puoi inviare un'email all'indirizzo [[EMAIL_RIMOSSO]](mailto:[EMAIL_RIMOSSO]) per richiedere assistenza specifica riguardo alla tua password. Assicurati di includere i tuoi dati personali e qualsiasi informazione utile per facilitare la tua richiesta.","Le credenziali di accesso al sistema ClassyFarm sono le stesse che vengono utilizzate per entrare in Vetinfo. È sempre possibile recuperare le proprie credenziali nella pagina di Vetinfo tramite il tasto ""Non ricordo le mie credenziali"" o accedere con SPID o CIE.",0.3333333333333333,0.8296684695618687,,0.0,0.16247778098011054,OK,True
Vorrei informazioni riguardo i contributi PAC?,"[""Il testo discute le procedure e le tempistiche relative ai pagamenti dei contributi e alla rendicontazione dei Fondi, come stabilito dalla regolamentazione dell'Unione Europea. In particolare, si fa riferimento al decreto che include le tempistiche per le istruttorie, in relazione al sistema integrato descritto nel Capo II del regolamento (UE) 2022/1172.\n\nLe procedure e le tempistiche delineate nella circolare sono state adottate tenendo conto degli adempimenti e degli obblighi previsti dalla normativa europea. I pagamenti vengono effettuati annualmente per le unità di bovino adulto (UBA) che risultano ammissibili, sulla base dei dati forniti da Classyfarm e dei controlli successivi effettuati dagli Organismi pagatori. Gli importi unitari per i pagamenti sono stabiliti nella sezione 5.1. Eco-schema del Piano Strategico Nazionale.\n\nInfine, gli importi effettivi da erogare per ciascun anno di domanda sono determinati dall'Organismo di coordinamento, in base al numero di UBA ammissibili accertate dagli Organismi pagatori nell'anno in questione, sempre nel rispetto degli importi unitari massimi stabiliti."", ""Nel corso dell'anno considerato, è stato rispettato il limite degli importi unitari massimi. \n\nUn aspetto importante di questo intervento è l'Eco-schema 1, che riguarda il pagamento per la riduzione della resistenza agli antimicrobici e per il benessere animale. \n\nIn particolare, si fa riferimento al sistema ClassyFarm, un sistema informativo sviluppato dal Ministero della Salute. Questo sistema elabora dati sanitari provenienti da diverse fonti ufficiali, tra cui la Banca Dati Nazionale (BDN), la ricetta elettronica veterinaria (REV) e il Registro elettronico dei trattamenti. Inoltre, ClassyFarm integra anche i dati forniti dai veterinari incaricati e/o ufficiali, con l'obiettivo di categorizzare gli allevamenti in base al rischio.\n\nClassyFarm è utilizzato per la gestione e il controllo di vari interventi della Politica Agricola Comune (PAC), tra cui aiuti accoppiati, eco-schemi e iniziative per il benessere animale nel contesto dello sviluppo rurale. È importante notare che tra le condizioni di ammissibilità per accedere a questo intervento è richiesta l'adesione a specifiche normative e pratiche."", ""Si ricorda che gli importi unitari effettivi da erogare per ciascun anno di domanda sono stabiliti dall'Organismo di coordinamento. Questa determinazione avviene in base al numero delle Unità di Base Agricole (UBA) comunicate dagli Organismi pagatori nell'anno in questione, sempre nel rispetto degli importi unitari massimi previsti.\n\nPer quanto riguarda i controlli, si distingue un primo livello di verifica. In questo contesto, gli Organismi pagatori sono responsabili della verifica delle condizioni di ammissibilità, utilizzando i dati scambiati tramite il sistema Classyfarm e la Banca Dati Nazionale (BDN). \n\nIn particolare, una volta completate le attività di calcolo di propria competenza, Classyfarm fornisce agli Organismi pagatori le informazioni relative a ciascun orientamento produttivo e categoria. Queste informazioni vengono messe a disposizione attraverso un tracciato di interscambio dati comune e concordato. È importante sottolineare che eventuali correzioni o aggiornamenti delle informazioni presenti nella BDN, così come delle ricette e del Registro dei trattamenti rilevanti ai fini del pagamento, devono essere gestiti con attenzione."", ""Il testo riguarda le scadenze e i controlli relativi all'intervento PD05-ECO1.1. È importante notare che le operazioni legate alla BDN, alle ricette e al Registro dei trattamenti, necessarie per il pagamento, devono essere completate entro il 31 dicembre dell'anno in cui viene presentata la domanda. Qualsiasi modifica apportata dopo questa data non avrà effetto sul pagamento dell'intervento.\n\nPer quanto riguarda la verifica di ammissibilità dell'intervento PD05-ECO1.1, sono previsti specifici controlli. Questi controlli devono essere effettuati utilizzando i dati provenienti dalla BDN e da Classyfarm, e si riferiscono al periodo che va dal 1° gennaio al 31 dicembre di ciascun anno. \n\nInoltre, è stata emessa una comunicazione da parte di AGEA, identificata con il protocollo Uscita N.0002664, datata 12 gennaio 2024, che ribadisce queste indicazioni."", ""Il testo fornisce informazioni riguardanti le modalità di registrazione e le condizioni di ammissibilità per gli agricoltori che desiderano ricevere pagamenti legati al proprio allevamento. \n\nIn primo luogo, si specifica che le informazioni relative all'allevamento sono rese disponibili dagli Organismi pagatori attraverso il fascicolo aziendale o secondo modalità stabilite da questi ultimi. Il produttore, presentando la domanda unica, deve dichiarare di aver preso visione di tali informazioni. È obbligatorio che il produttore effettui la registrazione nel sistema Classyfarm entro il 31 dicembre 2023. Per facilitare questo processo, è prevista anche una procedura alternativa di iscrizione, come indicato nella circolare AGEA.2023.85930 del 17 novembre 2023.\n\nIn secondo luogo, per quanto riguarda le condizioni di ammissibilità, si fa riferimento all'articolo 17 del DM 23 dicembre 2022 n. 660087, che è stato modificato e integrato da ulteriori decreti. Il pagamento è concesso agli agricoltori che partecipano a un percorso di riduzione dell'uso di antimicrobici veterinari, il quale viene misurato tramite l'applicativo ClassyFarm (livello 1). Inoltre, è prevista la possibilità di aderire al Sistema di qualità nazionale."", ""Il testo descrive diverse tipologie di allevamenti e le condizioni per il pagamento degli aiuti previsti dal DM 15 dicembre 2023 n. 690602. \n\nIn primo luogo, si elencano i vari tipi di allevamenti: \n\n- Allevamenti di ovini, che possono essere orientati alla produzione di latte o di carne.\n- Allevamenti di caprini.\n- Allevamenti di bufalini, anch'essi con orientamento produttivo da latte o da carne.\n- Allevamenti di suini, suddivisi per ciascuna categoria prevista in ambito ClassyFarm.\n\nPer quanto riguarda le condizioni di accesso ai pagamenti, si specifica che gli allevamenti devono soddisfare determinati requisiti alla fine dell'anno solare della domanda di aiuto, ovvero il 31 dicembre. In particolare, devono rientrare nelle seguenti soglie rispetto alla distribuzione della mediana regionale del valore della dose definita giornaliera (DDD) calcolata per l'anno precedente:\n\na) Gli allevamenti che hanno valori DDD uguali o inferiori al valore definito dalla mediana.\nb) Gli allevamenti che, pur avendo valori DDD superiori al valore definito dalla mediana, riescono a ridurli del 10% rispetto all'anno precedente.\n\nInfine, il documento è firmato da AGEA con il protocollo di uscita N.0002664 del 12 gennaio 2024."", ""[DASHBOARD] Il testo fornisce indicazioni sulle modalità di richiesta di aiuto per l'eco-schema 1 (livello 1) in domanda unica, suddivise in tre casi distinti:\n\n1. **Richiesta da parte dell'agricoltore subentrante**: In questo caso, solo l'agricoltore subentrante presenta la richiesta di aiuto. Per poter rispettare il periodo di osservazione, è necessario che egli sommi i valori DDD maturati dal soggetto cedente nell'anno di domanda ai propri. Se vengono rispettate le condizioni di ammissibilità, l'agricoltore subentrante può percepire l'aiuto.\n\n2. **Richiesta da parte dell'agricoltore cedente**: Qui, la richiesta di aiuto è presentata esclusivamente dall'agricoltore cedente. Tuttavia, il pagamento non può essere erogato né all'agricoltore cedente, poiché non rispetta il periodo di osservazione che va dal 1° gennaio al 31 dicembre, né all'agricoltore cessionario, che non ha presentato la richiesta di aiuto.\n\n3. **Richiesta da entrambi gli agricoltori**: In questo scenario, sia l'agricoltore cedente che l'agricoltore cessionario presentano la richiesta di aiuto. In tal caso, il pagamento è erogabile al cessionario, a meno che non ci sia un diverso accordo tra le parti.\n\nIn aggiunta, si menziona il **Livello 2**, che riguarda l'adesione al Sistema di qualità nazionale per il benessere animale (SQNBA)."", ""Il testo presenta i criteri di ammissibilità per l'intervento PD05-ECO1.2, suddivisi in due punti principali. \n\nIn primo luogo, i valori DDD devono essere uguali o inferiori alla mediana. In secondo luogo, se i valori DDD superano la mediana, è necessario che questi valori siano ridotti del 10% rispetto all'anno precedente.\n\nPer quanto riguarda la verifica di ammissibilità dell'intervento per gli anni di domanda 2023 e 2024, sono previsti specifici controlli. Questi controlli sono documentati nella comunicazione di AGEA, identificata con il protocollo Uscita N.0002664, datata 12 gennaio 2024. Questo protocollo è stato citato più volte, sottolineando l'importanza della documentazione per la verifica dell'intervento."", ""Il testo fornisce indicazioni su come calcolare e verificare il rispetto degli impegni relativi agli orientamenti produttivi e alle categorie di allevamento, in particolare per quanto riguarda le Unità di Bestiame Adatto (UBA) premiabili.\n\n1. **Riferimento per la mediana**: Se la mediana regionale è zero, si utilizza la mediana nazionale come riferimento.\n\n2. **Verifica dell'impegno**: Il rispetto dell'impegno viene verificato per ciascun orientamento produttivo e categoria. Le UBA premiabili sono calcolate come media annuale dei capi per ciascun orientamento e categoria, utilizzando la tabella di conversione specificata nell'allegato II del DM 23 dicembre 2022 n. 660087.\n\n3. **Anno di riferimento**: Per l'anno 2023, la verifica dell'impegno è effettuata per ciascun orientamento produttivo.\n\n4. **Allevamenti di suini**: Per gli allevamenti di suini, le UBA premiabili sono calcolate considerando le scrofe presenti al 31 marzo dell'anno di domanda e i suini macellati durante l'anno di domanda. È importante notare che le scrofe macellate non vengono incluse nel calcolo.\n\n5. **Ammissibilità all'aiuto**: Se un allevamento non ha dati di riferimento dal periodo precedente di osservazione, può comunque essere considerato ammissibile all'aiuto se durante il periodo di osservazione in corso ha rispettato i criteri stabiliti."", ""Il testo riguarda le condizioni di ammissibilità per un intervento legato al benessere animale nello sviluppo rurale. È specificato che per poter partecipare, gli agricoltori devono aderire al sistema ClassyFarm. Pertanto, è fondamentale che, entro la scadenza per la presentazione della domanda unica, l'agricoltore si registri o si iscriva a ClassyFarm. Questa registrazione è necessaria per ottenere informazioni utili sulla gestione aziendale, consentendo di visualizzare i dati relativi al proprio allevamento e migliorando così la consapevolezza dell'agricoltore riguardo alla propria attività.\n\nPer la campagna del 2023, è sufficiente presentare una richiesta di registrazione, che può essere effettuata anche tramite un delegato. La registrazione deve avvenire nel sistema ClassyFarm o attraverso la consultazione dei dati forniti da AGEA, come indicato nel protocollo di uscita N.0002664 del 12 gennaio 2024."", ""[DASHBOARD] Il testo riguarda le modalità di pagamento per gli allevamenti che aderiscono a specifici sistemi di qualità per il benessere animale. Esistono due livelli di misurazione: il Livello 1, che utilizza l'applicativo ClassyFarm, e il Livello 2, che si basa sul Sistema di qualità nazionale per il benessere animale (SQNBA) e che, per le campagne del 2023 e 2024, è sostituito da un disciplinare di qualità allegato al DM 15 dicembre 2023 n. 690602.\n\nPer entrambi i livelli, il pagamento è prioritariamente concesso al detentore dell'allevamento. Tuttavia, in caso di soccida, il pagamento viene effettuato con priorità al soccidario, a meno che non ci sia un accordo diverso tra le parti coinvolte. Se il bestiame è affidato a un detentore temporaneo per il pascolo, il pagamento sarà comunque eseguito prioritariamente al detentore principale.\n\nI dati necessari per il pagamento dell'eco-schema, che includono informazioni sugli allevamenti, sugli orientamenti produttivi, sui capi animali e sulle UBA premiabili, sono estratti da ClassyFarm e dalla BDN (Banca Dati Nazionale) entro il 31 dicembre dell'anno di domanda. Pertanto, gli agricoltori devono assicurarsi di fornire tali dati entro la stessa data."", 'Ecco l\'elenco strutturato discorsivo basato sulla tabella fornita:\n\n---\n\n**INTERPARTO:** [Informazione non specificata]\n\n**ETÀ DI SVEZZAMENTO:** [Informazione non specificata]\n\n**INDICE DI CONVERSIONE ALIMENTARE (35-75 giorni):** [Informazione non specificata]\n\n**ETÀ DI MACELLAZIONE:** [Informazione non specificata]\n\n**PESO MEDIO FINALE:** [Informazione non specificata]\n\n**NUMERO DI CICLI ALL\'ANNO:** [Informazione non specificata]\n\n**VACCINAZIONI:** \n- No: [ ] \n- Mixomatosi: [ ] \n- MEV/RHD: [ ] \n- Pasteurella: [ ] \n- Altro: [Informazione non specificata]\n\n**SINCRONIZZAZIONE ESTRI:** \n- Sì: [ ] \n- No: [ ] \n- *Specificare le sostanze utilizzate:* [Informazione non specificata]\n\n**UTILIZZO DI SOSTANZE ESOGENE:** \n- Sì: [ ] \n- No: [ ] \n- *Specificare le sostanze utilizzate:* [Informazione non specificata]\n\n**SINCRONIZZAZIONE PARTI:** \n- Sì: [ ] \n- No: [ ] \n- *Specificare le sostanze utilizzate:* [Informazione non specificata]\n\n**BIOSTIMOLAZIONE:** \n- Sì: [ ] \n- No: [ ] \n\n**SISTEMA DI SMALTIMENTO DELLE DEIEZIONI:** \n- Fossa permanente: [ ] \n- Semipermanente: [ ] \n- Con raschiatore: [ ] \n- Raschiatore con fossa di raccolta esterna chiusa: [ ] \n- Nastri trasportatori: [ ] \n\n**FREQUENZA PULIZIA:** [Informazione non specificata]\n\n--- \n\nNota: Le informazioni specifiche non fornite nella tabella sono indicate come ""[Informazione non specificata]"".', 'il testo discute le procedure e le tempistiche relative ai pagamenti dei contributi e alla rendicontazione dei fondi come stabilito dalla regolamentazione dellunione europea in particolare si fa riferimento al decreto che include le tempistiche per le istruttorie in relazione al sistema integrato descritto nel capo ii del regolamento ue 2022/1172 le procedure e le tempistiche delineate nella circolare sono state adottate tenendo conto degli adempimenti e degli obblighi previsti dalla normativa europea i pagamenti vengono effettuati annualmente per le unità di bovino adulto uba che risultano ammissibili sulla base dei dati forniti da classyfarm e dei controlli successivi effettuati dagli organismi pagatori gli importi unitari per i pagamenti sono stabiliti nella sezione 5 1 eco schema del piano strategico nazionale infine gli importi effettivi da erogare per ciascun anno di domanda sono determinati dallorganismo di coordinamento in base al numero di uba ammissibili accertate dagli organismi pagatori nellanno in questione sempre nel rispetto degli importi unitari massimi stabiliti', 'nel corso dellanno considerato è stato rispettato il limite degli importi unitari massimi un aspetto importante di questo intervento è leco schema 1 che riguarda il pagamento per la riduzione della resistenza agli antimicrobici e per il benessere animale in particolare si fa riferimento al sistema classyfarm un sistema informativo sviluppato dal ministero della salute questo sistema elabora dati sanitari provenienti da diverse fonti ufficiali tra cui la banca dati nazionale bdn la ricetta elettronica veterinaria rev e il registro elettronico dei trattamenti inoltre classyfarm integra anche i dati forniti dai veterinari incaricati e/o ufficiali con lobiettivo di categorizzare gli allevamenti in base al rischio classyfarm è utilizzato per la gestione e il controllo di vari interventi della politica agricola comune pac tra cui aiuti accoppiati eco schemi e iniziative per il benessere animale nel contesto dello sviluppo rurale è importante notare che tra le condizioni di ammissibilità per accedere a questo intervento è richiesta ladesione a specifiche normative e pratiche', ""Ecco l'elenco strutturato discorsivo basato sulla tabella fornita:\n\n---\n\nDestinatari della comunicazione:\n\n1. **C.A.A. Coldiretti S.r.l.**\n   - Email: caa.coldiretti@pec.coldiretti.it\n\n2. **C.A.A. Confagricoltura S.r.l.**\n   - Email: segreteria.caa@pec.confagricoltura.it\n\n3. **C.A.A. CIA S.r.l.**\n   - Email: amministrazionecaa-cia@legalmail.it\n\n4. **CAA Caf Agri**\n   - Email: caacafagri@pec.caacafagri.com\n\n5. **CAA degli Agricoltori**\n   - Email: caadegliagricoltori@legalmail.it\n\nIn copia conoscenza (p.c.):\n\n- **Ministero dell’agricoltura, della sovranità alimentare e delle foreste**\n  - Direzione Generale delle politiche Internazionali e dell’Unione europea\n  - Email: pocoi.direzione@pec.politicheagricole.gov.it\n\n- **Regione Veneto**\n  - Area Marketing territoriale, Cultura, Turismo, Agricoltura e Sport\n  - Coordinamento Commissione Politiche agricole\n  - Email: area.marketingterritoriale@regione.veneto.it\n\n- **Istituto Zooprofilattico Sperimentale**\n\n--- \n\nQuesto formato rende più chiara la struttura e le informazioni contenute nel testo originale.""]","I contributi della Politica Agricola Comune (PAC) sono erogati annualmente per le Unità di Bovino Adulto (UBA) ammissibili, sulla base dei dati forniti dal sistema ClassyFarm e dai controlli effettuati dagli Organismi pagatori. Gli importi unitari per i pagamenti sono stabiliti nel Piano Strategico Nazionale e sono soggetti a limiti massimi.

Un aspetto importante è l'Eco-schema 1, che riguarda il pagamento per la riduzione della resistenza agli antimicrobici e per il benessere animale. Per accedere a questi contributi, gli agricoltori devono registrarsi nel sistema ClassyFarm entro il 31 dicembre dell'anno di domanda e rispettare specifiche condizioni di ammissibilità, come la riduzione dell'uso di antimicrobici veterinari.

Per ulteriori dettagli, puoi contattare i Centri di Assistenza Agricola (CAA) come:

- **C.A.A. Coldiretti S.r.l.**: [[EMAIL_RIMOSSO]](mailto:[EMAIL_RIMOSSO])
- **C.A.A. Confagricoltura S.r.l.**: [[EMAIL_RIMOSSO]](mailto:[EMAIL_RIMOSSO])
- **C.A.A. CIA S.r.l.**: [[EMAIL_RIMOSSO]](mailto:[EMAIL_RIMOSSO])

Inoltre, è importante rispettare le scadenze per la presentazione delle domande e per la registrazione dei dati necessari per il pagamento.",Per informazioni inerenti i contributi PAC è necessario rivolgersi al Ministero dell’Agricoltura.,1.0,0.734342209648941,,0.0,0.17937054150473758,OK,True
Come richiedere l’accesso?,"[""**Richiesta di Accesso al Sistema ClassyFarm**\n\nIn conformità con la normativa vigente in materia di privacy, si richiede l'accesso al sistema ClassyFarm per le seguenti finalità:\n\n- Operazioni di accesso e profilazione al sistema;\n- Invio di comunicazioni via e-mail relative al funzionamento del sistema.\n\nSi dichiara di essere consapevoli della necessità di inviare il modello di Delega per la formale designazione.\n\nSi è altresì informati delle conseguenze penali previste dal D.P.R. 445/2000 in caso di dichiarazioni false o mendaci.\n\n**Si richiede:**\n\n□ Accesso al sistema ClassyFarm con il ruolo di Delegato per un singolo Operatore  \n□ Accesso al sistema ClassyFarm con il ruolo di Delegato per più Operatori  \n\n**FIRMA**  \n………………………………, data ………………………  \n\n………………………………..  \n\n*Si prega di allegare una copia del documento d’identità.*"", ""• di accettare le condizioni del servizio;  \n• di essere consapevole che i dati personali forniti saranno trattati in conformità alla normativa vigente sulla privacy dal sistema ClassyFarm per:  \n  o le operazioni di accesso e profilazione al sistema;  \n  o l'invio di comunicazioni via e-mail relative al funzionamento del sistema;  \n• di essere a conoscenza delle conseguenze penali previste dal D.P.R. 445/2000 in caso di dichiarazioni false e mendaci.  \n\nCHIEDE  \nl'accesso al sistema ClassyFarm con il ruolo di Operatore.  \n\nFIRMA  \n………………………………, lì ………………………  \n………………………………..  \n\nAllegare copia del documento d'identità."", ""**Oggetto: Richiesta di Accesso al Sistema ClassyFarm**\n\nSi richiede l'invio di e-mail contenenti:  \n• i report delle check-list compilate;  \n• comunicazioni di servizio relative al funzionamento del sistema;  \n• informazioni riguardanti le conseguenze penali in caso di dichiarazioni false e mendaci, come previsto dal D.P.R. 445/2000.  \n\nSi richiede, pertanto, l'accesso al sistema ClassyFarm con il ruolo di medico veterinario aziendale.  \n\n**Firma**  \n________________________  \nData: ____________________"", '**MODULO DI RICHIESTA DI ACCESSO AL SISTEMA CLASSYFARM CON RUOLO DI DELEGATO DA OPERATORE**\n\nIl sottoscritto, Signor (Cognome e Nome): ______________________________________,  \nin possesso del seguente Codice Fiscale: _____________________________,  \nin qualità di: ____________________________ \n\nDICHIARA\n\n- di essere in possesso e di fornire i seguenti recapiti:  \n  - e-mail (NO PEC): ____________________________________,  \n  - telefono cellulare: ___________________.  \n- di essere in possesso della seguente Username Vetinfo: _______________, oppure di non essere in possesso della Username di Vetinfo e di richiederla contestualmente (barrare la parte non necessaria).  \n- di accettare le condizioni del servizio.  \n- di essere consapevole che i dati personali appena comunicati saranno trattati in conformità alla vigente normativa sulla privacy, dal sistema ClassyFarm per:  \n  - le operazioni di accesso e profilazione al sistema.', ""**Oggetto: Registrazione a ClassyFarm**\n\nPer richiedere l'accesso al sistema ClassyFarm, si prega di inviare un'email all'indirizzo info@classyfarm.it. \n\nPer procedere con l'abilitazione, è necessario fornire le seguenti informazioni per ciascun utente indicato:\n\n- Nome\n- Cognome\n- Codice Fiscale\n- Data di nascita\n- Indirizzo email\n\nSi prega di allegare la richiesta su carta intestata, completa dell'elenco degli utenti da abilitare (massimo 3 utenti)."", ""**MODULO DI RICHIESTA DI ACCESSO AL SISTEMA CLASSYFARM CON RUOLO DI OPERATORE**\n\nIl sottoscritto, Signor (Cognome e Nome): ______________________________________,  \nin possesso del seguente Codice Fiscale: ____________________,  \nin qualità di operatore ai sensi del Regolamento (UE) 2016/429 dell'Azienda ____________________,  \ncon sede in _____________________, con attuale codice fiscale/partita IVA _______________________  \ne codice aziendale BDN: ______________,  \n\nDICHIARA  \n\n- di essere in possesso e di fornire i seguenti recapiti:  \n  - e-mail (NO PEC): ____________________________________,  \n  - telefono cellulare: ___________________.  \n\n- di essere in possesso della seguente Username Vetinfo: _______________, oppure di non essere in possesso della Username di Vetinfo e di richiederla contestualmente (barrare la parte non necessaria).  \n\n- di accettare le condizioni del servizio.  \n\n- di essere consapevole che i dati personali appena comunicati saranno trattati in conformità alla normativa vigente."", '[ASSISTENZA_TELEFONICA] [INVIO_EMAIL] Benvenuti al servizio di assistenza ClassyFarm. In questa pagina, avrete la possibilità di inserire le vostre richieste di assistenza per il sistema ClassyFarm. Per iniziare, vi invitiamo a seguire attentamente la procedura di richiesta accesso.\n\nIn primo luogo, dovrete inserire l\'email nel campo indicato per ricevere la conferma della vostra richiesta. Assicuratevi di compilare il form con i dati personali e dell\'allevamento, inclusi nome, cognome, data di nascita, codice fiscale e altri dettagli richiesti. Se non possedete un\'utenza Vetinfo o se l\'avete dimenticata, vi preghiamo di lasciare il campo corrispondente vuoto.\n\nSuccessivamente, utilizzate il pulsante ""Sfoglia"" per allegare il modulo di adesione e il documento di identità, sia fronte che retro. È fondamentale che, prima di inviare la richiesta, verifichiate che tutti i dati siano corretti. Solo dopo aver effettuato questa verifica, potrete cliccare su ""Invia"" per inoltrare la vostra richiesta.\n\nDopo l\'invio, attendete un\'email di default che confermerà il codice CSD e il corretto invio della vostra richiesta. Infine, restate in attesa dell\'email di avvenuta abilitazione, che vi informerà sull\'esito della vostra richiesta.\n\nGrazie per aver scelto il servizio di assistenza ClassyFarm. Siamo qui per aiutarvi!', ""**ISTRUZIONI PER LA RICHIESTA DI ABILITAZIONE**\n\n1. Scaricare, compilare e firmare il modulo disponibile al seguente link.\n2. Effettuare la richiesta online accedendo al link indicato.\n\nPer richiedere l'abilitazione al sistema, collegarsi al sito www.classyfarm.it."", ""Oggetto: Richiesta di Abilitazione al Sistema\n\nSi prega di inviare un'e-mail contenente i seguenti dati: nome, cognome, utenza Vetinfo e ASL di appartenenza, all'indirizzo indicato.\n\nPer effettuare la richiesta di abilitazione al sistema, si prega di collegarsi al sito www.classyfarm.it."", ""**ISTRUZIONI PER LA RICHIESTA DI ABILITAZIONE**\n\n1. Scaricare, compilare e firmare il modulo disponibile al seguente link.\n2. Effettuare la richiesta online accedendo al link indicato.\n\nPer richiedere l'abilitazione al sistema, si prega di collegarsi al sito www.classyfarm.it."", ""**Richiesta di Accesso al Sistema ClassyFarm**\n\nIl sottoscritto Dott. __________________________,  \ncodice fiscale __________________________, iscritto all'Ordine dei Medici Veterinari della Provincia di __________________________, n. ________, e-mail __________________________,  \n\nUsername Vetinfo __________________________,  \n\nDICHIARA  \n• di aver frequentato il corso di Veterinario Aziendale ai sensi del D.M. 7 dicembre 2017;  \n• di aver seguito un percorso di formazione specifico;  \n• di essere iscritto all’elenco dei Medici Veterinari Aziendali della FNOVI;  \n• di essere consapevole che i dati personali forniti saranno trattati dal sistema ClassyFarm per:  \n  § le operazioni di accesso e profilazione al sistema;  \n  § l'invio di e-mail:  \n    • contenenti i report delle check-list compilate;  \n    • per comunicazioni di servizio relative al funzionamento del sistema;"", ""**ISTRUZIONI PER LA RICHIESTA DI ABILITAZIONE AL SISTEMA**\n\n1. **Scaricare, compilare e firmare il modulo** disponibile ai seguenti link.\n2. Per richiedere l'abilitazione al sistema, collegarsi al sito www.classyfarm.it.\n3. **Inviare il modulo, unitamente a un documento di identità**, via e-mail all'incaricato aziendale.\n\nPer ulteriori informazioni, visitare il sito www.classyfarm.it."", '**accesso e procedure da adottare dopo l’accesso alle aree di allevamento** **6 4** sono presenti edifici non pertinenti e automezzi non dedicati all’attività all’interno dell’area di allevamento **si** **no** **na** note **7 attrezzature di pulizia e disinfezione degli automezzi** **7 1** presenza di un’area di disinfezione dei mezzi in ingresso con fondo impermeabile dotata di impianto fisso situata antistante l’area di allevamento e separata dalla zona pulita **si** **no** **na** note **7 2** per gli automezzi che accedono all’area di allevamento l’accesso avviene esclusivamente attraverso la piazzola di disinfezione **si** **no** **na** note **7 3** il sistema di disinfezione è funzionante e automatizzato **si** **no** **na** note **7 4** presenza di pozzetto per la raccolta delle acque di scarico per allevamenti nuovi e in quelli oggetto di ristrutturazione **si** **no** **na** note **8 zona filtro** **8 1** l’accesso di qualsiasi persona allevatore dipendenti visitatori è regolamentato **si** **no** **na** note', 'il testo riguarda le precauzioni generali da adottare all’ingresso di estranei in un allevamento con particolare attenzione alla biosicurezza è fondamentale prevenire l’introduzione di agenti infettivi che possono essere veicolati da persone e automezzi per garantire la sicurezza è necessario implementare divieti chiari e rispettati per l’ingresso di estranei sia uomini che veicoli la valutazione della situazione si basa su tre livelli di verifica 1 **assenza totale di procedure** in questo caso non sono presenti misure di sicurezza per controllare l’accesso di estranei 2 **presenza di procedure approssimative e non formalizzate** qui si riscontra una mancanza di piani scritti il che indica che le misure adottate non sono sufficientemente definite o organizzate 3 **presenza di procedure definite e organiche** in questa situazione esistono procedure chiare e scritte documentate in un manuale di biosicurezza che regolano l’accesso all’allevamento per migliorare la biosicurezza è essenziale evitare l’accesso di estranei in particolare quelli che hanno contatti con altre aziende ciò può essere realizzato attraverso l’installazione di cartelli di divieto e barriere fisiche come cancelli o sbarre in caso di ingressi concordati è consigliabile mantenere un registro delle visite in modo da documentare tutte le presenze in allevamento questo approccio contribuisce a garantire un ambiente più sicuro e protetto contro potenziali contaminazioni', '**4. PROCEDURA DI ACCESSO A CLASSYFARM**\n\nPer accedere all\'area riservata di VETINFO (www.vetinfo.it), utilizzare le credenziali di accesso consuete, ovvero il nome utente e la password. Successivamente, selezionare l\'opzione ""ClassyFarm"".']","Per richiedere l'accesso al sistema ClassyFarm, segui questi passaggi:

1. **Invia un'email** all'indirizzo info@classyfarm.it.
2. Nella tua email, includi le seguenti informazioni per ciascun utente che desideri abilitare:
   - Nome
   - Cognome
   - Codice Fiscale
   - Data di nascita
   - Indirizzo email
3. **Allega** alla tua email il modulo di richiesta compilato e firmato, insieme a una copia del documento d'identità (fronte e retro).
4. Assicurati di inviare la richiesta su carta intestata, completa dell'elenco degli utenti da abilitare (massimo 3 utenti).
5. Dopo aver inviato la richiesta, attendi un'email di conferma che ti informerà sull'esito della tua richiesta di abilitazione.

Ricorda di verificare che tutti i dati siano corretti prima di inviare la tua richiesta.",Può inviare un’email generica a info@classyfarm.it indicando l’ASL di appartenenza. Riceverà un’email di risposta con un file Excel da compilare e verrà messo in copia conoscenza il proprio Referente Regionale ClassyFarm.,1.0,0.6403180670148487,,0.3333333333333333,0.3782406295910541,EMAIL_MISMATCH,True
Dove trovo gli allevamenti che hanno effettuato l’autocontrollo per il taglio coda?,"[""Il Ministero della Salute ha predisposto un percorso per gli allevatori che desiderano allevare animali con coda tagliata, fornendo loro strumenti utili per la valutazione del rischio in allevamento. A tal fine, è stato creato un gruppo di lavoro ad hoc che ha elaborato una check list per l’autovalutazione del rischio, denominata ClassyFarm 1, e un manuale di valutazione, ClassyFarm 2, entrambi risalenti al 2018.\n\nQuesti strumenti consentono agli allevatori di verificare la conformità del loro allevamento rispetto a sei punti chiave, assegnando un giudizio che può essere insufficiente, migliorabile o ottimale. Per allevare animali caudectomizzati, è fondamentale seguire un percorso ben definito e documentato. Questo include la valutazione del rischio e la verifica della conformità dell’allevamento rispetto ai requisiti critici, con l'obiettivo di raggiungere un livello migliorabile per tutti i requisiti della check list.\n\nInoltre, è necessario mettere in atto interventi migliorativi, i quali devono essere documentati attraverso un cronoprogramma preciso. Questo approccio garantisce che gli allevatori possano gestire in modo responsabile e conforme il benessere degli animali."", 'Infine, si segnala che nella nota del Ministero della Salute del 20 dicembre 2021, riguardante l\'emanazione della ""Check list per il controllo ufficiale del benessere di ovini e caprini"", disponibile a partire dal 1° gennaio 2022, è specificato quanto segue: ""...si evidenzia la necessità di chiarire che, in relazione all\'elemento riguardante le «mutilazioni», la pratica del taglio di una parte della coda non è consentita dalle normative vigenti. Tuttavia, poiché il taglio della coda sembra essere praticato frequentemente dagli allevatori, si invitano gli Enti competenti ad applicare in modo perentorio e improrogabile l\'elemento in questione esclusivamente per gli animali nati dopo il 1° gennaio 2022, al fine di concedere agli allevatori un margine di tempo per adeguare le pratiche di allevamento."" \n\nTutti i trattamenti che comportano operazioni cruente devono essere eseguiti utilizzando materiali sterilizzati o monouso e devono essere effettuati in modo da prevenire all\'animale dolore o sofferenza prolungata o non necessaria.', ""**Misure preventive al taglio della coda**\n\nIl mozzamento della coda e la riduzione degli incisivi nei lattonzoli non devono essere considerati interventi di routine, ma devono essere eseguiti esclusivamente in presenza di evidenze di ferite ai capezzoli delle scrofe, nonché agli orecchi o alle code di altri suini. Prima di procedere con tali operazioni, è fondamentale adottare misure preventive per evitare le morsicature delle code e altri comportamenti anomali, tenendo in considerazione le condizioni ambientali e la densità degli animali. È quindi necessario apportare modifiche alle condizioni ambientali o ai sistemi di gestione che risultino inadeguati (D. L. vo 122/2011, allegato I, parte I, punto 9).\n\nLa capacità di controllare il rischio di morsicatura della coda, attraverso una corretta identificazione e risoluzione dei fattori predisponenti legati all'animale, all'ambiente e alla gestione dell'allevamento, è essenziale per eliminare il mozzamento della coda."", ""Il documento riguarda il Sistema Integrato «ClassyFarm» e fornisce indicazioni per l'inserimento della check-list relativa alla valutazione del rischio per il taglio della coda. Nella sezione dedicata alle misure basate sugli animali (Area C), viene specificato come effettuare il controllo per il contatore sull'ABM, in particolare per quanto riguarda i disordini enterici.\n\nPer effettuare questa valutazione, è necessario contare due elementi distinti:\n\n1. Il numero di box che presentano esclusivamente feci liquide. Ad esempio, se si osserva un solo box con questa condizione, si annoterà il numero 1.\n2. Il numero di box che non presentano feci liquide. Se, ad esempio, si osservano nove box senza feci liquide, si annoterà il numero 9.\n\nQueste informazioni sono fondamentali per una corretta valutazione del rischio associato al taglio della coda negli animali."", 'Il sistema integrato ""ClassyFarm"" offre una guida per l\'inserimento della check-list per la valutazione del rischio relativo al taglio della coda. \n\nInizialmente, è necessario fornire alcuni dati generali. Per ogni settore dell\'azienda, bisogna inserire il numero di animali presenti. Successivamente, si deve rispondere a una serie di domande riguardanti il taglio della coda. \n\nUna volta completata e salvata questa sezione, apparirà una spunta verde in alto a destra, sotto la dicitura ""Sezioni"", a indicare che il lavoro è stato portato a termine. Per procedere alla sezione successiva, è sufficiente cliccare sul pulsante ""prossima"". \n\nQuesti passaggi sono fondamentali per garantire una corretta compilazione del controllo.', ""**Misure preventive al taglio della coda**\n\nIl mozzamento della coda non deve essere considerato un'operazione di routine, ma deve essere effettuato esclusivamente in presenza di ferite ai capezzoli delle scrofe, agli orecchi o alle code di altri suini. Prima di procedere con tali interventi, è fondamentale adottare misure preventive per evitare le morsicature delle code e altri comportamenti anomali, tenendo in considerazione le condizioni ambientali e la densità degli animali. È quindi necessario apportare modifiche alle condizioni ambientali o ai sistemi di gestione che risultino inadeguati (D. L. vo 122/2011, allegato I, parte I, punto 9).\n\nLa capacità di controllare il rischio di morsicatura della coda, attraverso una corretta identificazione e risoluzione dei fattori predisponenti legati all'animale, all'ambiente e alla gestione dell'allevamento, è essenziale per eliminare il mozzamento della coda."", ""Elenco di punti critici per ciascun allevamento, finalizzato a evidenziare gli elementi necessari per prevenire la pratica del mozzamento della coda. L'obiettivo finale dell'implementazione di questo sistema è quello di categorizzare tutti gli allevamenti suini a livello nazionale, fornendo una panoramica epidemiologica globale e aggiornata. Il nuovo sistema consente di classificare gli allevamenti in tre livelli di rischio:\n\n- **Livello 1**: rischio alto, condizione inaccettabile e negativa; indica un'elevata probabilità che si verifichi l'evento negativo della morsicatura della coda.\n  \n- **Livello 2**: rischio controllato o condizione accettabile, normale e compatibile con la possibilità di allevare gruppi di animali con coda integra, con una probabilità medio-bassa che si verifichi l'evento negativo della morsicatura della coda.\n  \n- **Livello 3**: rischio basso o condizione ottimale, positiva e compatibile con la possibilità di allevare animali in condizioni favorevoli."", '**Pulizia, comfort termico e qualità dell’aria, stato di salute, competizione per alimenti e spazio, alimentazione.**\n\nPoiché gli effetti della caudofagia si manifestano negli allevamenti da svezzamento e da ingrasso, è previsto che, nel caso in cui vengano allevati suini con coda tagliata, venga effettuata una valutazione del rischio considerando tutti e sei i fattori precedentemente elencati. \n\nPer ciascuno dei punti chiave, l’allevatore deve verificare almeno la conformità ai requisiti minimi di legge. Successivamente, è necessario attuare interventi migliorativi rispetto ad alcuni o a tutti i requisiti ritenuti cruciali per prevenire l’insorgenza della problematica della ""morsicatura della coda"". Qualora, a seguito dell’implementazione di tali interventi, persistano episodi di morsicatura della coda, l’allevamento è autorizzato, in via temporanea, ad applicare la deroga, allevando gruppi...', 'Il sistema integrato ""ClassyFarm"" offre una guida per l\'inserimento della check-list per la valutazione del rischio relativo al taglio della coda. \n\nPer iniziare la compilazione, è necessario seguire alcuni passaggi. Innanzitutto, bisogna inserire il codice di allevamento. Successivamente, si deve cliccare sulla lente d’ingrandimento, che funge da funzione di ricerca, per cercare l\'allevamento nel database nazionale (BDN). \n\nUna volta effettuata la ricerca, il sistema restituirà un elenco di allevamenti che corrispondono al codice aziendale inserito. A questo punto, è sufficiente selezionare l\'allevamento desiderato con un clic. Il sistema provvederà automaticamente a completare i dati anagrafici dell\'allevamento utilizzando le informazioni presenti nel BDN. È importante notare che non bisogna inserire il prefisso ""IT"" o eventuali sottocodici, come ad esempio ""/2"". \n\nInfine, si procederà con la compilazione della testata del questionario, che è suddivisa in diverse sezioni numerate.', ""In merito alla questione della caudectomia, l'allevamento è autorizzato, in via temporanea, ad applicare una deroga, consentendo l'allevamento di gruppi di animali caudectomizzati o dell'intero effettivo qualora la problematica si estendesse a tutti gli animali. Interventi successivi di valutazione del rischio e eventuali modifiche delle condizioni di allevamento saranno finalizzati a verificare la persistenza della necessità di introdurre animali con coda tagliata o l'opportunità di effettuare tentativi con piccoli gruppi di animali a coda integra.\n\nPer facilitare questo processo, il Ministero della Salute, attraverso un gruppo di lavoro dedicato, ha predisposto una checklist per l'autovalutazione del rischio in allevamento da svezzamento e ingrasso (ClassyFarm 1, 2018), accompagnata da un manuale di valutazione (ClassyFarm 2, 2018). Tale strumento consente di verificare la conformità rispetto ai sei punti chiave, assegnando un giudizio di idoneità: insufficiente."", ""[ASSISTENZA_TELEFONICA] **LA VALUTAZIONE DEL RISCHIO AI FINI DELLA PREVENZIONE DEL TAGLIO DELLA CODA NELL’ALLEVAMENTO SUINO**\n\nIl Ministero della Salute, con il supporto del CReNBA, ha elaborato una nuova check-list e un sistema di valutazione del rischio per la prevenzione della morsicatura e del taglio della coda nell’allevamento suino, basandosi sulle normative vigenti e sulla letteratura internazionale consolidata in materia di protezione degli animali negli allevamenti.\n\nL’obiettivo principale di questo documento è quello di identificare, per ciascuna azienda, il rischio di insorgenza dell'evento avverso rappresentato dalla morsicatura della coda negli allevamenti suini, in particolare nei reparti di svezzamento e ingrasso. Inoltre, si intende confrontare le condizioni di ogni singolo allevamento con le medie regionali e nazionali. La valutazione del rischio fornirà agli allevatori un elenco di punti critici specifici per ciascun allevamento, al fine di mettere in evidenza gli elementi necessari per la prevenzione di tali problematiche."", ""L'allevamento dei suini prevede l'introduzione graduale di gruppi di animali con coda integra. Tuttavia, se si dovessero riscontrare criticità in questi gruppi, come episodi di morsicature delle code o delle orecchie, o comportamenti aggressivi, sarà necessario integrare i materiali utilizzati con quanto indicato nelle tabelle precedentemente specificate. Questo è valido anche per le aziende che beneficiano di eventuali deroghe per il taglio della coda. In tali situazioni, l'associazione dei materiali non sarà considerata accettabile per attribuire un giudizio di conformità.\n\nI controllori ufficiali avranno il compito di verificare che, in caso di problematiche, il materiale manipolabile, costituito dall'associazione tra tronchetto sospeso e catena, venga integrato o sostituito. Sarà fondamentale utilizzare una delle associazioni indicate come complementari nelle Tabelle 3 e 4. Inoltre, è importante notare che questo parametro è fortemente correlato ai criteri misurati sugli animali."", 'il taglio della coda nelle pecore da latte non rappresenta una pratica vantaggiosa per il benessere dellanimale e deriva spesso da consuetudini consolidate nelle regioni mediterranee deuropa dove le pecore sono principalmente allevate per la produzione di latte il taglio della coda viene giustificato con largomento di una migliore igiene della mammella e del latte unaffermazione che risulta non dimostrata e controversa nella letteratura scientifica è opportuno sottolineare che la coda è unimportante struttura anatomica utilizzata dagli animali durante la deambulazione in particolare nella corsa per mantenere lequilibrio essa funge anche da punto di attacco per i muscoli che regolano il corretto funzionamento del retto inoltre la coda svolge un ruolo comportamentale significativo contribuendo alla comunicazione tra consimili e allallontanamento degli insetti studi recenti peli et al 2017 hanno dimostrato che il taglio della coda nella pecora lacaune', 'la caudectomia ovvero il taglio della coda è una pratica che solleva diverse problematiche etiche e di benessere animale in particolare se la documentazione relativa allintervento è presente ma viene considerata non idonea o insufficiente a giustificare il ricorso a questa procedura oppure se lintervento è stato effettuato senza luso di analgesia e anestesia o attraverso pratiche dolorose e inadeguate si pone un serio interrogativo sulla legittimità della caudectomia stessa è importante notare che nel caso di soggetti con lesioni alla coda di origine traumatica o da schiacciamento tali situazioni non rientrano nella definizione di mutilazione tuttavia la pratica della caudectomia ha dimostrato di avere gravi ripercussioni sul benessere degli agnelli e delle pecore adulte e non sembra offrire reali benefici per la gestione aziendale in particolare nelle razze di pecore a pelo corto e da latte il taglio della coda non si rivela utile per il benessere dellanimale spesso questa pratica è il risultato di consuetudini radicate specialmente nelleuropa mediterranea dove le pecore sono prevalentemente allevate per la produzione di latte in questo contesto il taglio della coda viene giustificato con largomento di una migliore igiene della mammella e del latte unaffermazione che risulta non dimostrata e controversa nella letteratura scientifica', 'L\'allevamento riveste un ruolo cruciale nel perseguire l\'obiettivo di eliminare il mozzamento della coda. La presenza di rischi associati può essere identificata attraverso un insieme di misure relative all\'ambiente, alla gestione e alle pratiche legate agli animali (ABMs) (Conclusione n. 3 EFSA Journal 2012;12(5):3702).\n\nElemento di verifica 53  \nMISURE PREVENTIVE AL TAGLIO DELLA CODA  \n(Categoria di non conformità: Mutilazioni)  \n""Il mozzamento della coda [...] non deve essere considerato un\'operazione di routine, ma deve essere effettuato esclusivamente in presenza di evidenze di ferite ai capezzoli delle scrofe o agli orecchi o alle code di altri suini. Prima di procedere con tali interventi, è necessario adottare misure preventive per evitare le morsicature delle code e altri comportamenti anomali, tenendo in considerazione le condizioni ambientali e la densità degli animali. È quindi fondamentale apportare modifiche alle condizioni ambientali o ai sistemi di gestione che risultino inadeguati.""']","Per trovare gli allevamenti che hanno effettuato l’autocontrollo per il taglio della coda, puoi consultare il database nazionale (BDN) utilizzando il codice di allevamento. Dopo aver inserito il codice, il sistema restituirà un elenco di allevamenti corrispondenti. È importante seguire le istruzioni per la compilazione della check-list di autocontrollo, come descritto nel sistema integrato ""ClassyFarm"". 

Se hai bisogno di ulteriori informazioni, puoi contattare il Ministero della Salute o gli Enti competenti.","Entrando in ""Dashboard"" - cruscotto ""Benessere suino aggregato"", sul filtro ""Tipo"" selezionare ""TC"" e poi cliccare sul tasto ""Tabella allev."" è possibile scaricare l’elenco degli allevamenti. Sul sito www.classyfarm.it è disponibile la guida ai Cruscotti Interattivi per avere informazioni più dettagliate.",0.6666666666666666,0.9669612947049787,,1.0,0.35099974609920304,OK,True
Come posso scaricare l’elenco degli allevamenti controllati/controllabili?,"[""1. Selezionare l'allevamento di interesse nella parte superiore sinistra dello schermo.  \nNota Bene: Gli allevamenti visualizzati nel menu a tendina sono quelli assegnati dall'Organismo di Controllo (OdC).  \n\n2. Procedere quindi alla compilazione della checklist.  \nÈ possibile inserire il codice dell'allevamento manualmente oppure selezionarlo dal menu a tendina.  \n\nCompilazione della Checklist di Valutazione:  \nQuesta operazione consente di ottenere in formato PDF la checklist completamente non compilata."", ""www.classyfarm.it  \nElenco completo di tutti i controlli registrati nel sistema, comprensivo di dati relativi all'allevamento, esito del controllo, nome del controllore, data, indicatore dell'ultimo controllo e tipologia di allevamento.  \nPossibilità di filtrare per tipologia di allevamento e anno di riferimento."", ""www.classyfarm.it  \nNumero di controlli effettuati per l'allevamento  \nEsito dell'ultimo controllo  \nPunteggio di rischio ottenuto  \nElenco degli allevamenti controllati per l'anno, la specie e il questionario  \nFARMACOSORVEGLIANZA AGGREGATA"", 'www.classyfarm.it  \nSelezionando la voce ""Tabella Allevamenti"", sarà possibile visualizzare l\'elenco degli allevamenti, con dettagli specifici relativi a ciascun allevamento, in base alla selezione della categoria e della quota desiderata (quota regionale, casuale, a rischio e piccole dimensioni).  \n\nCRITERI DI SELEZIONE:  \n- Allevamenti di grandi dimensioni  \n- Quota a rischio  \n- Quota regionale  \n- Quota casuale  \n- Allevamenti di piccole dimensioni  \n- Quota regionale  \n\nRISCHIO-PROGRAMMAZIONE', '1. Selezionare l\'allevamento di interesse nella parte superiore sinistra dello schermo.  \nNota Bene: Gli allevamenti visualizzati nel menu a tendina sono quelli associati alla voce ""Selezione Azienda"".  \n\n2. Procedere quindi alla compilazione della checklist.  \n2.1. È possibile inserire il codice dell\'allevamento manualmente oppure selezionarlo dal menu a tendina.  \n\nComunicazione Esito Valutazione.', '**www.classyfarm.it**\n\nLa guida è disponibile per il download cliccando su ""Guida"". \n\nSelezionando ""Dettaglio Risposte"", verrà visualizzata la lista delle risposte ottenute per il questionario selezionato. Nella colonna ""Indic."", il pallino verde indica che il requisito ha ricevuto un giudizio ottimale, il pallino giallo indica un giudizio accettabile, mentre il pallino rosso indica un giudizio insufficiente. Nella colonna ""Rilev. Leg."", la dicitura ""Sì"" indica che il parametro rappresenta un requisito di legge.\n\nCliccando su ""Risp. INSUFFICIENTI"", verrà mostrata la lista delle risposte insufficienti ottenute nell’allevamento selezionato, contrassegnate nella colonna ""Indic."" da un pallino rosso. Nella colonna ""Rilevanza Leg."", la dicitura ""Sì"" indica che il parametro rappresenta un requisito di legge.\n\nCliccando su ""Mappa"", verrà visualizzata l’ubicazione dell’allevamento selezionato, identificato con un pallino nero, e degli allevamenti circostanti, indicati con pallini di colori variabili dal rosso al blu. Spostando il cursore sui pallini, appariranno il codice e le coordinate geografiche degli allevamenti.', ""Sulla base dei servizi veterinari pubblici e delle più recenti ricerche disponibili in materia, sono state elaborate nuove check-list con l'intento di semplificare e rendere conforme alle attuali esigenze la verifica delle condizioni di benessere animale negli allevamenti italiani. \n\nL'obiettivo finale dell'implementazione del nuovo protocollo, oltre a facilitare l'individuazione di situazioni non conformi alle normative vigenti, è quello di categorizzare gli allevamenti in fasce di rischio e sviluppare piani di controllo mirati ed efficaci. Il nuovo sistema potrebbe..."", 'Il testo fornisce informazioni riguardanti la conformità e la selezione degli allevamenti sottoposti a controllo. Di seguito, viene presentato un elenco strutturato discorsivo delle informazioni contenute nel testo.\n\nIn merito alla conformità, si evidenzia che è possibile indicare evidenze idonee a dimostrare sia la conformità che la non conformità rispetto alla normativa o a requisiti superiori rispetto al livello minimo. Le evidenze possono essere classificate come segue:\n\n- **Ottimale**: Superiore al requisito previsto.\n- **Conforme**: Indicato con ""SI"".\n- **Non conforme**: Indicato con ""NESSUNA"".\n\nPer quanto riguarda la selezione degli allevamenti sottoposti a controllo, sono stati utilizzati diversi criteri, tra cui:\n\n1. **Valutazione del rischio ClassyFarm**: Indicato con ""Y"".\n2. **Selezione regionale**: \n   - Allevamenti non controllati negli anni precedenti.\n   - Segnalazioni da altre autorità competenti, da altri organi di controllo o dal macello.\n   - Allevamenti con più proprietari o detentori.\n   - Controllo associato al piano nazionale di farmacosorveglianza.\n   - Cambiamenti della situazione aziendale.\n\nQuesti criteri sono fondamentali per garantire un controllo efficace e mirato degli allevamenti, assicurando così il rispetto delle normative vigenti.', 'Il testo fornisce informazioni riguardanti la conformità e la selezione degli allevamenti sottoposti a controllo. Di seguito, viene presentato un elenco strutturato discorsivo delle informazioni contenute nel testo.\n\nIn merito alla conformità, si evidenzia che è possibile indicare evidenze idonee a dimostrare sia la conformità che la non conformità alla normativa, nonché il rispetto di requisiti superiori rispetto al livello minimo previsto. Le evidenze possono essere classificate come segue:\n\n- **Ottimale**: Superiore al requisito previsto.\n- **Conforme**: Indicato con ""SI"".\n- **Non conforme**: Indicato con ""NESSUNA"".\n\nPer quanto riguarda la selezione degli allevamenti sottoposti a controllo, sono stati utilizzati diversi criteri, tra cui:\n\n1. **Valutazione del rischio ClassyFarm**: Indicato con ""Y"".\n2. **Selezione regionale**: \n   - Allevamenti non controllati negli anni precedenti.\n   - Segnalazioni da altre autorità competenti, da altri organi di controllo o dal macello.\n   - Allevamenti con più proprietari o detentori.\n   - Controllo associato al piano nazionale di farmacosorveglianza.\n   - Cambiamenti della situazione aziendale.\n\nQuesti criteri sono fondamentali per garantire un controllo efficace e mirato degli allevamenti, assicurando così il rispetto delle normative vigenti.', '**www.classyfarm.it**\n\nI filtri a tendina permettono di selezionare l\'Allevamento tramite il codice BDN e il questionario, in base all\'anno di compilazione o al codice del questionario (Anno/Quest.). \n\nPer ottenere il report, è necessario cliccare su ""Report"". \n\nNella sezione ""Dati Anagrafici"" sono riportate le principali informazioni e la localizzazione dell\'allevamento selezionato. \n\nNella sezione ""Dati Produttivi"" sono indicate le principali informazioni zootecniche, come la consistenza animale. \n\nSono disponibili informazioni riassuntive relative all\'Allevamento, al Codice del Questionario, alla Data di Visita, alla Data di Completamento (ovvero la data dell\'ultimo caricamento della checklist), al Veterinario, all\'Indicatore (Punteggio Benessere Complessivo) e al Posizionamento nei Quartili. \n\nCliccando su una delle icone, è possibile confrontare i risultati del proprio allevamento (in blu) con il riferimento (in grigio) Nazionale, Regionale o dell\'ASL/ATS. \n\nPer ogni domanda è riportata la risposta ricevuta; cliccando su INSUFF., MIGL. o OTTIM. è possibile visualizzare ulteriori dettagli.', 'La seguente è una descrizione discorsiva dei dati contenuti nella tabella riguardante la protezione degli animali in allevamento.\n\nLa pagina 1 di 7 presenta informazioni relative alla protezione degli animali in allevamento, suddivise per regione e ASL. È indicato se l\'allevamento è soggetto a protezione degli animali, con le opzioni ""Sì"" o ""No"". \n\nPer quanto riguarda l\'extrapiano, sono forniti dettagli sul distretto, il codice aziendale, l\'indirizzo e numero civico, la denominazione dell\'allevamento, il comune e il codice fiscale. Inoltre, sono inclusi i dati del proprietario, come il numero di telefono e il codice fiscale, insieme alla provincia di appartenenza.\n\nNella sezione dedicata ai criteri di selezione per il controllo dell\'allevamento, sono elencati vari fattori. Tra questi, si evidenziano la valutazione del rischio tramite il sistema Classyfarm e la selezione regionale, che include allevamenti non controllati negli anni precedenti, segnalazioni da altre autorità competenti o organi di controllo, la presenza di più proprietari o detentori, il controllo associato al piano nazionale di farmacosorveglianza e eventuali cambiamenti nella situazione aziendale.\n\nQuesti criteri sono fondamentali per garantire un monitoraggio efficace e una gestione responsabile degli allevamenti, contribuendo così alla protezione degli animali.', ""L'ente responsabile dei servizi veterinari pubblici ha recentemente sviluppato nuove check-list, basate sui più recenti studi disponibili, per facilitare la verifica delle condizioni di benessere animale negli allevamenti italiani. \n\nL'obiettivo principale di questo nuovo protocollo è duplice: da un lato, permette di individuare situazioni non conformi alle normative vigenti; dall'altro, consente di categorizzare gli allevamenti in fasce di rischio. Questo approccio mira a sviluppare piani di controllo mirati ed efficaci, contribuendo così a migliorare il benessere degli animali negli allevamenti. \n\nIn sintesi, il nuovo sistema rappresenta un passo avanti significativo nella gestione e nel monitoraggio del benessere animale in Italia."", '27 selezionare il questionario di interesse e fare clic su • per scaricare il report contenente le risposte non conformi fare clic su download pdf risposte non conformi • per scaricare il report con tutte le risposte fare clic su download pdf con tutte le risposte scaricare il report', 'www classyfarm it è possibile scaricare la tabella in formato excel la heatmap nazionale presenta le regioni colorate in base al quartile di appartenenza la mappa dettaglio consente di visualizzare gli allevamenti soggetti a controllo categorizzati per quartile di consumo la tabella allevamenti selezionati permette di visualizzare i dati in formato tabellare selezione del tipo di visualizzazione farmaco biomassa aggregato', 'Il documento fornisce istruzioni per la compilazione della check-list di benessere per il svezzamento e l\'ingrasso nel sistema integrato ""ClassyFarm"". \n\nPer iniziare, è necessario seguire questi passaggi:\n\n1. **Inserimento del codice di allevamento**: Il primo passo consiste nell\'inserire il codice identificativo dell\'allevamento.\n   \n2. **Ricerca dell\'allevamento**: Successivamente, si deve cliccare sulla lente d’ingrandimento, che funge da funzione di ricerca, per cercare l\'allevamento nel BDN (Banca Dati Nazionale).\n\n3. **Selezione dell\'allevamento**: La ricerca nel BDN restituirà un elenco di allevamenti che corrispondono al codice inserito. A questo punto, è sufficiente selezionare l\'allevamento desiderato con un clic. Il sistema provvederà automaticamente a completare i dati anagrafici dell\'allevamento utilizzando le informazioni disponibili nel BDN. È importante notare che non bisogna inserire il prefisso ""IT"" o eventuali sottocodici, come ad esempio ""/2"".\n\nInfine, si accede alla testata del questionario, dove si proseguirà con la compilazione della check-list.']","Per scaricare l'elenco degli allevamenti controllati/controllabili, segui questi passaggi:

1. **Seleziona l'allevamento di interesse**: Nella parte superiore sinistra dello schermo, utilizza il menu a tendina per selezionare l'allevamento che desideri visualizzare. Gli allevamenti disponibili sono quelli assegnati dall'Organismo di Controllo (OdC).

2. **Accedi alla ""Tabella Allevamenti""**: Selezionando questa voce, potrai visualizzare l'elenco degli allevamenti con dettagli specifici, in base alla categoria e alla quota desiderata (quota regionale, casuale, a rischio e piccole dimensioni).

3. **Filtra per tipologia di allevamento e anno di riferimento**: Utilizza i filtri disponibili per affinare la tua ricerca in base alla tipologia di allevamento e all'anno di riferimento.

4. **Scarica il report**: Dopo aver selezionato l'allevamento e applicato i filtri, clicca su ""Report"" per ottenere il report desiderato. Puoi scaricare il report in formato PDF o Excel, a seconda delle opzioni disponibili.

Assicurati di seguire questi passaggi per ottenere l'elenco completo degli allevamenti controllati/controllabili.","Entrando in ""Dashboard"" - cruscotto ""Rischio programmazione"", selezionando i filtri opportuni e poi cliccando su ""Tabella allev."" è possibile scaricare l’elenco degli allevamenti. Sul sito www.classyfarm.it è disponibile la guida ai Cruscotti Interattivi per avere informazioni più dettagliate.",0.8,0.6802002966221264,,1.0,0.5551210246547538,OK,True
Perché non riesco a trovare l’allevamento quando compilo una CL?,"['1. Selezionare l\'allevamento di interesse nella parte superiore sinistra dello schermo.  \nNota Bene: Gli allevamenti visualizzati nel menu a tendina sono quelli associati alla voce ""Selezione Azienda"".  \n\n2. Procedere quindi alla compilazione della checklist.  \n2.1. È possibile inserire il codice dell\'allevamento manualmente oppure selezionarlo dal menu a tendina.  \n\nComunicazione Esito Valutazione.', ""1. Selezionare l'allevamento di interesse nella parte superiore sinistra dello schermo.  \nNota Bene: Gli allevamenti visualizzati nel menu a tendina sono quelli assegnati dall'Organismo di Controllo (OdC).  \n\n2. Procedere quindi alla compilazione della checklist.  \nÈ possibile inserire il codice dell'allevamento manualmente oppure selezionarlo dal menu a tendina.  \n\nCompilazione della Checklist di Valutazione:  \nQuesta operazione consente di ottenere in formato PDF la checklist completamente non compilata."", '1. Selezionare l\'allevamento di interesse nella parte superiore sinistra dello schermo.  \nNota Bene: Gli allevamenti visualizzati nel menu a tendina sono quelli precedentemente associati nella sezione ""Selezione Azienda"".  \n\n2. Procedere quindi alla compilazione del questionario.  \n\n**Compilazione del Questionario**  \nÈ possibile inserire il codice dell\'allevamento manualmente oppure selezionarlo dal menu a tendina.', 'Il sistema integrato ""ClassyFarm"" offre una guida per l\'inserimento della check-list tramite l\'app. Per compilare la check-list, è necessario seguire alcuni passaggi.\n\nInnanzitutto, si deve inserire il codice di allevamento. Successivamente, è necessario cliccare sulla lente d’ingrandimento, che funge da funzione di ricerca, per cercare l\'allevamento nel BDN (Banca Dati Nazionale). Una volta effettuata la ricerca, il sistema restituirà un elenco di allevamenti che corrispondono al codice aziendale inserito. A questo punto, è sufficiente selezionare l\'allevamento desiderato con un click. Il sistema provvederà automaticamente a completare i dati anagrafici dell\'allevamento utilizzando le informazioni disponibili nel BDN. È importante notare che non bisogna inserire il prefisso ""IT"" o eventuali sottocodici, come ad esempio ""/2"".\n\nInfine, si procederà con la compilazione della testata del questionario.', '**www.classyfarm.it**  \n**IL SISTEMA CLASSYFARM**  \n**BIOSICUREZZA RUMINANTI - SINGOLO ALLEVAMENTO**  \n\nLa guida è disponibile per il download cliccando su ""Guida"".  \nSelezionando ""Dettaglio Risposte"", verrà visualizzata la lista delle risposte ottenute per il questionario selezionato. Nella colonna ""Liv."", il pallino verde indica che il requisito ha ottenuto un giudizio ottimale, il giallo un giudizio accettabile e il rosso un giudizio insufficiente. Nella colonna ""Rilev. Leg."", il ""Sì"" indica che il parametro rappresenta un requisito di legge.  \n\nCliccando su ""Risposte INSUFFICIENTI"", verrà mostrata la lista delle risposte insufficienti ottenute nell’allevamento selezionato, contrassegnate nella colonna ""Liv."" da un pallino rosso. Nella colonna ""Rilev. Leg."", il ""Sì"" indica che il parametro rappresenta un requisito di legge.  \n\nCliccando su ""Mappa"", verrà visualizzata l’ubicazione dell’allevamento selezionato, identificato con un pallino nero, e degli allevamenti circostanti, indicati con pallini di colori variabili dal rosso al blu; spostando il cursore sui...', 'www.classyfarm.it  \nSelezionando la voce ""Tabella Allevamenti"", sarà possibile visualizzare l\'elenco degli allevamenti, con dettagli specifici relativi a ciascun allevamento, in base alla selezione della categoria e della quota desiderata (quota regionale, casuale, a rischio e piccole dimensioni).  \n\nCRITERI DI SELEZIONE:  \n- Allevamenti di grandi dimensioni  \n- Quota a rischio  \n- Quota regionale  \n- Quota casuale  \n- Allevamenti di piccole dimensioni  \n- Quota regionale  \n\nRISCHIO-PROGRAMMAZIONE', ""Per associarsi all'allevamento nel sistema integrato «ClassyFarm», seguire questi passaggi:\n\n1. Dopo aver scelto il proprio ruolo, cliccare su «Selezione Azienda».\n2. Procedere cliccando su «Nuovo Allevamento».\n3. Inserire il codice aziendale e poi cliccare su «Verifica».\n4. Cliccando su «Dettagli», è possibile visualizzare le informazioni relative all'allevamento, come la ragione sociale, la partita IVA e l'indirizzo.\n5. Selezionare la checklist che deve essere compilata per l'allevamento scelto. Si noti che, nel caso si disponga di un veterinario aziendale, il passaggio 4 non è necessario."", '**ISTRUZIONI PER L\'ASSOCIAZIONE DI UN ALLEVAMENTO**\n\nPrima di procedere con l\'inserimento della checklist, è fondamentale associare l\'allevamento di interesse.\n\n1. Cliccare sul pulsante ""Nuovo Allevamento"".\n2. Inserire il codice dell\'allevamento, quindi cliccare sul pulsante ""Verifica"" e selezionare l\'allevamento da associare.', '1. Cliccare su ""Nuovo Allevamento"".\n2. Inserire il codice aziendale (es. 001XX001) e fare clic su ""Verifica"".\n   - Il sistema recupererà automaticamente i dati dell\'allevamento.\n3. Selezionare l\'Azienda.', 'Per associarsi all\'allevamento nel sistema integrato ""ClassyFarm"" e procedere con l\'inserimento della check-list per il benessere dei riproduttori, seguire i seguenti passaggi:\n\n1. Dopo aver scelto il proprio ruolo, cliccare su ""Selezione Azienda"".\n2. Selezionare l\'opzione ""Nuovo Allevamento"".\n3. Inserire il codice aziendale e cliccare su ""Verifica"".\n4. Cliccando su ""Dettagli"", sarà possibile visualizzare le informazioni relative all\'allevamento, come la ragione sociale, la partita IVA e l\'indirizzo.\n5. Infine, selezionare la check-list che deve essere compilata per l\'allevamento scelto. Si noti che, nel caso in cui si disponga di un veterinario aziendale, il passaggio 4 non è necessario.', 'Il documento fornisce istruzioni per la compilazione della check-list di benessere per il svezzamento e l\'ingrasso nel sistema integrato ""ClassyFarm"". \n\nPer iniziare, è necessario seguire questi passaggi:\n\n1. **Inserimento del codice di allevamento**: Il primo passo consiste nell\'inserire il codice identificativo dell\'allevamento.\n   \n2. **Ricerca dell\'allevamento**: Successivamente, si deve cliccare sulla lente d’ingrandimento, che funge da funzione di ricerca, per cercare l\'allevamento nel BDN (Banca Dati Nazionale).\n\n3. **Selezione dell\'allevamento**: La ricerca nel BDN restituirà un elenco di allevamenti che corrispondono al codice inserito. A questo punto, è sufficiente selezionare l\'allevamento desiderato con un clic. Il sistema provvederà automaticamente a completare i dati anagrafici dell\'allevamento utilizzando le informazioni disponibili nel BDN. È importante notare che non bisogna inserire il prefisso ""IT"" o eventuali sottocodici, come ad esempio ""/2"".\n\nInfine, si accede alla testata del questionario, dove si proseguirà con la compilazione della check-list.', '**21  \nASSOCIAZIONE DI UN ALLEVAMENTO**  \nQuesta operazione è necessaria esclusivamente per il Veterinario Incaricato e il Veterinario Aziendale.\n\n1. Accedere a ClassyFarm e selezionare l\'opzione ""Selezione Azienda"".\n2. Cliccare sul pulsante ""Nuovo Allevamento"".\n3. Inserire il codice dell\'allevamento, cliccare sul pulsante ""Verifica"" e selezionare l\'allevamento da associare.\n4. Scegliere le tipologie di questionario che si desidera compilare tramite il menu a tendina.\n5. Caricare i documenti richiesti (si consiglia di utilizzare file in formato PDF; il modulo di autorizzazione è scaricabile al seguente link: https://www.classyfarm.it/index.php/register-it) e cliccare sul pulsante ""Conferma"" in fondo alla pagina.', 'quando si valuta la superficie su cui gli animali si coricano è importante considerare che se questa è pulita il giudizio non potrà superare il livello di accettabile questo perché gli animali in ogni caso si trovano costretti a sdraiarsi su una superficie bagnata anche nel caso di animali allevati al pascolo o in paddock esterni dove non hanno accesso a strutture chiuse è fondamentale effettuare una valutazione del loro livello igienico si considera adeguata una situazione in cui ci sia una prevalenza di ambienti asciutti e puliti con aree bagnate o fangose limitate a zone specifiche come quelle vicino ai punti di abbeverata in questo modo gli animali possono scegliere di coricarsi in spazi che siano puliti asciutti e confortevoli al contrario se la maggior parte degli ambienti è molto sporca e paludosa la situazione igienica risulta inadeguata', '**migliorabile** **ottimale** **elemento di verifica** 15 n°20 **tipologia** insufficiente migliorabile ottimale **distribuzione di acqua** razionata o abbeverata non permanente oppure abbeveratoi non accessibili o non puliti riferimenti normativi 146/2001 all mangimi acqua e altre sostanze punto 16 e 122/2011 all 1 parte i punto 7 cl min 10 7 **strutture ed attrezzature acqua di abbeverata** disponibilità presenza di un abbeveratoio funzionante a imbocco tazza uno per box o abbeveratoio permanente con rabbocco automatico es sistema a galleggiante accessibile e pulito **fabbisogno idrico** 10 20 kg 20 30 kg 30 50 kg **materiali manipolabili** presenza di più materiali di categoria sub ottimale o una commistione di materiali almeno un marginale e un subottimale complementari in grado di garantire tutte le proprietà dei materiali idonei riferimenti normativi 122/2011 all 1 parte i punto 6 cl min 10 4 122/2011 all 1 parte i punto 4 e parte ii lettera d punto 3 cl min 2 8 e 9 1 e raccomandazione ue 2016/336', ""Per inserire una check-list sull'app del Sistema Integrato «ClassyFarm», seguire i seguenti passaggi:\n\n1. Iniziare selezionando il TIPO DI ALLEVAMENTO e l’INDIRIZZO PRODUTTIVO dai menù a tendina disponibili.\n2. Per aggiungere le LINEE GENETICHE (RAZZE) presenti nell'allevamento, cliccare su «Apri linee genetiche». Successivamente, selezionare le razze desiderate spostando il cursore su «Attivato» e confermare cliccando su «Aggiorna».\n3. Infine, per salvare i dati inseriti e procedere alla sezione successiva, cliccare su «Salva». \n\nQuesti passaggi consentiranno di completare la compilazione della check-list.""]","Se non riesci a trovare l'allevamento durante la compilazione della checklist (CL), potrebbero esserci diverse ragioni:

1. **Codice Errato**: Assicurati di inserire correttamente il codice dell'allevamento. Non includere il prefisso ""IT"" o eventuali sottocodici (es. ""/2"") quando inserisci il codice.

2. **Allevamento Non Associato**: Verifica che l'allevamento sia stato precedentemente associato nella sezione ""Selezione Azienda"". Se non è stato associato, dovrai cliccare su ""Nuovo Allevamento"" e seguire i passaggi per associarlo.

3. **Allevamento Non Registrato**: Potrebbe essere che l'allevamento non sia registrato nel sistema. In questo caso, dovresti contattare l'Organismo di Controllo (OdC) per ulteriori informazioni.

4. **Problemi Tecnici**: Potrebbero esserci problemi tecnici con il sistema. Prova a ricaricare la pagina o a contattare il supporto tecnico.

Se hai bisogno di ulteriore assistenza, puoi contattare il supporto all'indirizzo email [mailto:[EMAIL_RIMOSSO]](mailto:[EMAIL_RIMOSSO]).","Il sistema non può trovare codici BDN associati ad allevamenti chiusi o allevamenti appartenenti a un’ASL differente da quella del veterinario compilatore. Inoltre, per alcune specie (pesci e lagomorfi), se l’allevamento non viene trovato, è necessario compilare i dati anagrafici in modalità manuale contattando l’assistenza.",1.0,0.6169243113804742,,0.5,0.18077648515701827,OK,True
Dove posso vedere le CL caricate dai colleghi?,"['[DASHBOARD] **Dashboard: Consultazione delle Checklist Compilate**\n\nÈ possibile visualizzare le checklist compilate dal Valutatore direttamente dal cruscotto, in formato tabellare. \n\n1. \n2.', '[DASHBOARD] **www.classyfarm.it**\n\n**CONFRONTI CON SELEZIONE (NAZIONALE, REGIONALE, ASL)**  \nIl valore centrale si riferisce alla selezione, mentre il numero esterno indica la statistica (mediana o media pesata) e il livello geografico (Nazionale, Regionale e ASL) selezionati. \n\nIl dato espresso in DDDAit, visualizzato nel cruscotto, rappresenta il consumo dell’allevamento rispetto al periodo di riferimento (3, 6, 9 mesi), proiettato su base annuale. Se i consumi di antimicrobico rimarranno costanti nel restante periodo, alla fine dell’anno il consumo totale sarà sovrapponibile a quello attualmente mostrato.\n\n**SELEZIONE CONFRONTI**  \nÈ possibile selezionare le statistiche a diversi livelli geografici (Nazionale, Regionale e ASL), il che comporta una modifica anche del tachimetro principale.\n\n**STATISTICHE ADDIZIONALI**  \nSono riportati i limiti di quartile; i valori indicano le soglie che delimitano il passaggio tra i quartili.\n\n**AVVISO**  \nIl cruscotto viene aggiornato trimestralmente; pertanto, selezionando l’anno, si otterranno dati aggiornati.', '**www.classyfarm.it**  \n**ESPORTAZIONE DATI**  \nPer esportare i dati relativi alle tabelle e ai grafici, posizionare il cursore sulla tabella o sul grafico di interesse e successivamente sui tre puntini (…) che appariranno. Nel menu a tendina che si apre, selezionare l\'opzione ""Esporta dati"".', ""**www.classyfarm.it**  \n**BIOCHECK SUINI - SINGOLO ALLEVAMENTO**  \n**FILTRI DI SELEZIONE**  \n**ANAGRAFICA**  \n**CONFRONTO**  \n**AZIENDA E MEDIE**  \n**STORICO CON CONFRONTI**  \n**SELEZIONI AREA CONFRONTO**  \n**QUARTILI**  \n**DETTAGLIO RISPOSTE**  \n*(TUTTE/SOLO INSUFFICIENTI)*  \n**POSIZIONE DELL'AZIENDA E LIMITROFE**  \nColori differenti a seconda della vicinanza con l'azienda selezionata.  \n**REPORT**  \n**SINTESI RISPOSTE**  \n**POSIZIONAMENTO DELL'ALLEVAMENTO SELEZIONATO (IN GIALLO) NEI QUARTILI NAZIONALI, REGIONE O ASL (IN BLU)**"", '**Programmazione dei Controlli Ufficiali**  \n**Comunicazione delle Sostituzioni**  \n**Guida Illustrativa**  \n**Versione 1.0**  \n**www.classyfarm.it**', '[DASHBOARD] **www.classyfarm.it**  \n**Andamento storico dei controlli e relativi esiti**  \n- Modifica delle schermate del cruscotto  \n- Ripristino dei filtri applicati  \n- Accesso alla guida del cruscotto in formato PDF  \n- Data di aggiornamento del cruscotto  \n- Variazione degli indicatori Heatmap: forniscono una visione complessiva e di confronto tra le regioni  \n- Indicatori nazionali per specie e area: consentono il confronto a livello nazionale con la regione/ASL selezionata  \n- Rischio-programmazione', '**www.classyfarm.it**  \n**BIOCHECK SUINI - AGGREGATO**  \n**FILTRI DI SELEZIONE**  \n**POSIZIONE AZIENDALE**  \n**SELEZIONE**  \n**NUMERO DI QUESTIONARI, AZIENDE E CAPI**  \n**SELEZIONE**  \n**CONFRONTO CON LA MEDIA NAZIONALE**  \n**E SELEZIONE**  \n**SINTESI DELLE RISPOSTE**  \nIl grafico radar consente il confronto tra i sotto-settori e le medie nazionali.  \n**TREND NAZIONALE E SELEZIONE**  \n**LISTA DEGLI ALLEVAMENTI**  \n**QUARTILI**  \nGli allevamenti, ordinati in base al punteggio ottenuto, vengono suddivisi in quattro gruppi di pari numerosità (25% ciascuno).', '[DASHBOARD] **Report**\n\nAl termine della compilazione, per visualizzare il report, è necessario seguire i seguenti passaggi:\n\n1. Accedere a «Trasmissione Checklist (Nuovo)».\n2. Cliccare su «Azioni» e successivamente su «Storico».\n3. Selezionare il controllo di interesse e cliccare su «Azioni».\n4. Scorrere fino in fondo alla pagina e cliccare su «Salva PDF».\n\n**Nota Bene:** Questa modalità di download del report è temporanea; in futuro, il report sarà nuovamente scaricabile dal cruscotto.', 'www.classyfarm.it  \nÈ possibile scaricare la tabella in formato Excel. \n\nLa Heatmap Nazionale presenta le Regioni colorate in base al quartile di appartenenza. \n\nLa Mappa Dettaglio consente di visualizzare gli allevamenti soggetti a controllo, categorizzati per quartile di consumo. \n\nLa Tabella (allevamenti selezionati) permette di visualizzare i dati in formato tabellare. \n\nSELEZIONE DEL TIPO DI VISUALIZZAZIONE:  \nFARMACO BIOMASSA - AGGREGATO.', '[DASHBOARD] **Sito Web:** www.classyfarm.it\n\n**DETTAGLIO CONSUMI**  \n*(PRINCIPIO ATTIVO O CLASSE)*  \nC = critici  \nPC = macrolidi  \nNC = non critici  \n\n**DISTRIBUZIONE PER TIPO DI SOMMINISTRAZIONE**  \nINJ = Iniettabile  \nOral Solu = Soluzione orale  \nOral Powd = Polvere orale  \nOral Paste = Pasta orale  \nPremix = Mangime medicato  \nBolus = Bolo  \nIM DC = Intramammario asciutta  \nIM LC = Intramammario in lattazione  \nIU = Intrauterino  \n\nÈ possibile scaricare la tabella in formato Excel.\n\n**SELEZIONE E CONFRONTI**  \nSelezionare le statistiche a diversi livelli geografici, che influenzano anche il tachimetro principale.\n\n**CONFRONTI CON SELEZIONE (NAZIONALE, REGIONALE, ASL)**  \nIl valore centrale si riferisce alla selezione effettuata, mentre il numero esterno indica la statistica (mediana o media pesata) e il livello geografico (Nazionale, Regionale e ASL) selezionati.\n\nIl dato espresso in DDDAit, visualizzato nel cruscotto, rappresenta il consumo dell’allevamento rispetto al periodo di riferimento (3, 6, 9 mesi), proiettato.', '**www.classyfarm.it**  \n**IL SISTEMA CLASSYFARM**  \nGli allevamenti sono classificati in base al punteggio ottenuto (da 0 a 100) e suddivisi in quattro gruppi di pari numerosità (25% ciascuno), denominati Quartili, rappresentati da diverse intensità di blu. All\'interno del primo quartile (Q1 blu scuro) si trovano gli allevamenti con i punteggi più bassi, mentre nel quarto quartile (Q4 azzurro chiaro) si collocano quelli con i punteggi più elevati. Per ulteriori informazioni, si prega di cliccare qui (o consultare la slide ""Quartili e Mediana"").\n\nLa Mappa visualizza gli allevamenti relativi alla selezione, identificati con un pallino azzurro; spostando il cursore su uno di essi, appariranno i dati identificativi dell\'allevamento selezionato. \n\nLa presenza di eventuali non conformità legislative (Conf. Leg.) è segnalata da un pallino rosso, mentre un pallino verde indica che nella valutazione dell\'allevamento non sono state riscontrate anomalie.', ""**11  \nSelezione Azienda**  \nPossibilità di scaricare un file CSV contenente un riepilogo delle aziende associate all'Ordine dei Commercialisti (OdC)."", '**strutture e attrezzature temperatura umidità relativa e polverosità** in conformità con il punto 7 dellallegato libertà di movimento e larticolo 3 punto 1 lettera a del regolamento 122/2011 nonché con lallegato 1 parte i punto 3 lettera b si fa riferimento ai requisiti minimi cl 4 1 4 3 e 5 1 **strutture e attrezzature area di decubito** i locali di stabulazione per suini devono essere progettati in modo da garantire agli animali laccesso a una zona di riposo che sia confortevole dal punto di vista fisico e termico adeguatamente asciutta e pulita in grado di ospitare tutti gli animali distesi contemporaneamente è fondamentale che gli animali possano riposare e alzarsi con movimenti naturali e che possano vedere altri suini si raccomanda di verificare le condizioni dellarea di decubito per le seguenti categorie di peso 20 30 kg 30 50 kg 50 85 kg questi requisiti sono stabiliti nellallegato del regolamento 146/2001 fabbricati e locali di stabulazione punto 8 e nellallegato 1 parte i punto 3 lettere a b e c del regolamento 122/2011 con riferimento ai requisiti minimi cl 6 5 e 13 1 **edifici e locali di stabulazione presenza di gas nocivi** si fa riferimento allallegato del regolamento 146/2001 fabbricati e locali di stabulazione punto 10 e ai requisiti minimi cl 6 3', 'il contatto ha coinvolto tutti i soggetti presenti nella struttura lo stallo completamente svuotato deve essere successivamente pulito e disinfettato secondo le procedure di tutto pieno/tutto vuoto analogamente sono considerate accettabili le situazioni in cui le carcasse vengano caricate su automezzi dellallevatore e trasportate da questultimo al centro di raccolta a condizione che venga garantito levitamento di percolamenti di qualsiasi materiale biologico la stessa considerazione si applica nel caso della vendita di animali vivi qualora questi vengano trasportati al di fuori dellallevamento mediante automezzi aziendali idonei', 'www.classyfarm.it  \nSelezionando la «tabella ASL controlli in loco», sarà possibile visualizzare gli obiettivi e il loro raggiungimento in forma aggregata e numerica, con le percentuali di controllo relative alle diverse categorie di allevamenti (GRANDI E PICCOLE DIMENSIONI) e alle rispettive quote (RISCHIO, REGIONALE, CASUALE).  \nRISCHIO-PROGRAMMAZIONE  \nMONITORAGGIO DELL’ANDAMENTO DEL PIANO PER QUOTE SULLA SPECIE SELEZIONATA.  \nÈ disponibile la funzione di download per scaricare i dati relativi a tutte le categorie di specie per il Piano selezionato.']","Puoi visualizzare le checklist caricate dai colleghi direttamente dal cruscotto, in formato tabellare. Accedi alla sezione ""Consultazione delle Checklist Compilate"" nel dashboard di ClassyFarm.",Al momento è possibile visualizzare le CL compilate dai veterinari della propria ASL nella sezione Dashboard.,0.6666666666666666,0.5634038816906828,,1.0,0.39866103309367296,OK,True
È necessario compilare una nuova CL al momento della verifica della prescrizione?,"['**Sistema Integrato «ClassyFarm» - GUIDA ALL\'INSERIMENTO DEL CONTROLLO FARMACOSORVEGLIANZA**\n\nIn caso di un secondo controllo per verificare l\'adempimento delle prescrizioni:\n\n1. Compilare un nuovo controllo, inserendo esclusivamente le informazioni necessarie. Per tutte le altre risposte, selezionare l\'opzione NA. (Nota bene: per velocizzare la compilazione, è possibile utilizzare gli aiuti disponibili. Ad esempio, se si desidera compilare l\'area A, selezionare ""No"", quindi cliccare su ""Salva""; in questo modo, tutte le risposte verranno automaticamente contrassegnate come NA. Se è necessario compilare solo una o due risposte, è possibile selezionare ""Sì"" e modificare le informazioni richieste).\n\nSi prega di prestare attenzione: alcune risposte sono comunque obbligatorie per la sezione. Assicurarsi di compilare tali risposte secondo le indicazioni fornite al momento del salvataggio del controllo.\n\n**SECONDO CONTROLLO**  \n29', 'La nuova check-list di farmacovigilanza, contenuta nel manuale operativo 1.3, prevede una serie di verifiche da effettuare in relazione alla risoluzione delle non conformità e all\'esecuzione delle prescrizioni.\n\nIn primo luogo, è necessario verificare la risoluzione della non conformità per la quale è stata applicata una diffida, entro un termine di 30 giorni. A tal fine, si deve indicare se la risoluzione è avvenuta, segnando ""Sì"" o ""No"". È richiesta una descrizione dettagliata della situazione.\n\nSuccessivamente, si deve registrare la data della verifica e fornire i dati del proprietario o operatore presente all\'ispezione, inclusi nome, cognome e firma. Inoltre, è necessario annotare il nome e cognome del veterinario ufficiale, insieme alla sua firma e timbro.\n\nIn secondo luogo, si procede alla verifica dell\'esecuzione delle prescrizioni. Anche in questo caso, si deve indicare se le prescrizioni sono state eseguite, segnando ""Sì"" o ""No"", e fornire una descrizione della situazione. \n\nQueste procedure sono fondamentali per garantire la conformità e la sicurezza nel settore della farmacovigilanza.', 'La nuova check-list di farmacovigilanza, contenuta nel manuale operativo 1.3, prevede una sezione dedicata alle valutazioni finali. In questa sezione, si deve indicare l\'esito del controllo, che può essere favorevole o sfavorevole. \n\nIn caso di esito sfavorevole, è necessario specificare se è stata applicata una diffida. Si deve rispondere con ""Sì"" o ""No"". Se la risposta è affermativa, è richiesto di dettagliare la violazione, specificando se è sanabile e se è stata commessa per la prima volta. Inoltre, si devono indicare i provvedimenti da adottare per l\'adempimento, che devono essere completati entro un massimo di 30 giorni dalla data di notifica.\n\nUn\'altra parte importante della check-list riguarda le prescrizioni. Si deve indicare se sono state assegnate prescrizioni, rispondendo sempre con ""Sì"" o ""No"". In caso di risposta affermativa, è necessario specificare quali prescrizioni sono state assegnate.', '**Sistema Integrato «ClassyFarm» - GUIDA ALL\'INSERIMENTO DEL CONTROLLO FARMACOSORVEGLIANZA**\n\n**PAGINA**  \n**COMPILAZIONE DEL CONTROLLO**  \n**23**\n\n**8. VERIFICA DELLE PRESCRIZIONI**\n\n1. Rispondere a tutte le domande (barrare ""NA"" quando non applicabili, ad esempio, indicare la data delle verifiche delle prescrizioni nel caso in cui non siano state assegnate prescrizioni).\n2. Salvare e procedere alla sezione successiva (2.1).  \n**2.1**  \n**2**  \n**1**', 'La verifica dell\'esecuzione delle prescrizioni deve essere effettuata alla scadenza del tempo assegnato. Il risultato di questo controllo sarà utilizzato per accertare il rispetto degli impegni di condizionalità necessari per l\'erogazione degli aiuti comunitari. In caso di non conformità, l\'esito del controllo sarà elaborato dall\'Organismo Pagatore.\n\nDurante l\'ispezione, è necessario registrare se le prescrizioni sono state rispettate, con un\'opzione di risposta ""Sì"" o ""No"". È richiesta la data del primo controllo in loco, insieme al nome e cognome del proprietario, detentore o conduttore presente durante l\'ispezione. Inoltre, è necessaria la firma di questa persona.\n\nAnche il controllore deve essere identificato, con il suo nome e cognome, e deve apporre la propria firma e timbro. Infine, è importante registrare la data della verifica in loco e ripetere le informazioni relative al proprietario, detentore o conduttore presente, inclusa la sua firma.', '**Sistema Integrato «ClassyFarm» - GUIDA ALL\'INSERIMENTO DEL CONTROLLO FARMACOSORVEGLIANZA**\n\n**PAGINA 17**\n\n**COMPILAZIONE DEL CONTROLLO**\n\n**2. AREA A – SCORTA DEI MEDICINALI VETERINARI**\n\nQualora non si desideri compilare questa sezione (ad esempio, in caso di un controllo successivo alla verifica delle prescrizioni), è possibile selezionare ""NO"" (1.) alla prima domanda, salvare (2.) e procedere alla sezione successiva (3).\n\nNegli altri casi, selezionare ""SI"" e procedere alla compilazione delle ulteriori domande e campi, quindi salvare e proseguire alla sezione successiva. \n\n1  \n2  \n3', 'La verifica dell\'esecuzione delle prescrizioni deve essere effettuata alla scadenza del tempo assegnato. Durante l\'ispezione, è necessario registrare il nome e cognome del proprietario, detentore o conduttore presente. È importante accertarsi se è stata consegnata una copia della check-list all\'allevatore. La data di chiusura della relazione di controllo deve essere annotata, poiché il risultato di questo controllo sarà utilizzato per verificare il rispetto degli impegni di condizionalità necessari per l\'erogazione degli aiuti comunitari. In caso di non conformità, l\'esito del controllo sarà elaborato dall\'Organismo Pagatore.\n\nSi devono registrare anche le date del primo controllo in loco e della verifica in loco. Infine, è necessario indicare se le prescrizioni sono state eseguite, segnando ""sì"" o ""no"". Secondo il Regolamento 809-2014, articolo 72, paragrafo 4, la relazione di controllo deve essere completata entro un mese dal controllo in loco, salvo disposizioni particolari della normativa applicabile.', 'Nel documento si fa riferimento alle prescrizioni. Si chiede innanzitutto se siano state assegnate delle prescrizioni, con la possibilità di rispondere ""Sì"" o ""No"". Se la risposta è affermativa, viene richiesto di specificare quali siano le prescrizioni assegnate, lasciando uno spazio per la loro descrizione. Infine, si richiede di indicare entro quale data dovranno essere eseguite.', '**Sistema Integrato «ClassyFarm» - GUIDA ALL\'INSERIMENTO DEL CONTROLLO FARMACOSORVEGLIANZA**\n\nIn caso di necessità di modificare la data relativa alle prescrizioni:\n\n1. Utilizzare la funzione ""Copia"" → cliccare sul pulsante e attendere → verrà creata una copia identica del controllo con tutte le risposte già fornite per quel controllo dell\'azienda → apportare le modifiche necessarie, giustificando nei campi di testo il motivo della variazione → caricare il nuovo controllo.\n\n**MODIFICA DATA PRESCRIZIONI**  \n30', ""Le registrazioni devono essere effettuate esclusivamente in formato elettronico, tramite il sistema Vetinfo. Pertanto, a partire da tale data, le verifiche si concentreranno unicamente sulle registrazioni dei trattamenti farmacologici in Vetinfo, in conformità con quanto stabilito nel Manuale Operativo della Ricetta Elettronica. Il registro cartaceo dei trattamenti, autorizzato fino al 28 gennaio 2022, è composto da pagine pre-numerate, è vidimato dall'Autorità Sanitaria competente e deve essere conservato per un periodo di cinque anni dall'ultima registrazione. Questo obbligo rimane valido anche nel caso di abbattimento o vendita degli animali prima della scadenza di tale periodo. Il registro deve essere esibito su richiesta dell'Autorità Sanitaria per eventuali controlli (art. 79, comma 2, D. Lgs. 193/2006). Il valutatore è tenuto a verificare la presenza e la corretta compilazione del registro informatizzato, effettuando un controllo a campione su almeno due trattamenti, dei quali annoterà gli estremi nel campo previsto."", 'Il documento prevede la consegna di una copia della check-list compilata dal responsabile, affinché possa attivare urgentemente i controlli necessari. Il sistema avviserà opportunamente riguardo a questa necessità, garantendo l\'esecuzione obbligatoria del controllo specifico.\n\nSi richiede di verificare se sono state assegnate delle prescrizioni. In caso affermativo, è necessario specificare quali. Se non ci sono prescrizioni, si dovrà indicare ""NO"". Se ci sono prescrizioni, è importante indicare entro quale data dovranno essere eseguite e quali provvedimenti sono stati adottati. Tra i provvedimenti possibili ci sono:\n\n- Sequestro di capi, con indicazione del numero di capi interessati.\n- Provvedimenti di natura amministrativa o pecuniaria, con il numero di capi coinvolti.\n- Blocco delle movimentazioni, specificando il numero di capi interessati.\n- Sanzioni applicate, con dettagli su eventuali altre sanzioni e il numero di capi coinvolti.\n- Abbattimento di capi, con il numero di capi interessati.\n- Informativa in procura, con il numero di capi coinvolti.\n- Descrizione di altre sanzioni applicate.\n\nInoltre, è previsto uno spazio per le note e le osservazioni del controllore, così come per quelle del proprietario, detentore o conduttore presente all\'ispezione. Le osservazioni possono essere favorevoli o sfavorevoli, con la possibilità di indicare un esito sfavorevole per mancato o rifiutato controllo.\n\nInfine, si richiede di valutare l\'intenzionalità nel caso di un esito sfavorevole del controllo, con la possibilità di rispondere ""Sì"", ""No"" o ""N.A."" (non applicabile).', 'Il documento prevede la consegna di una copia della check-list compilata dal responsabile, affinché possa attivare urgentemente i controlli necessari. Il sistema avviserà opportunamente riguardo a questa necessità, garantendo l\'esecuzione obbligatoria del controllo specifico.\n\nSi pone la domanda se siano state assegnate delle prescrizioni. In caso affermativo, è necessario specificare quali. Se non ci sono prescrizioni, si segna semplicemente ""NO"". Se ci sono prescrizioni, si deve indicare entro quale data dovranno essere eseguite e quali provvedimenti sono stati adottati.\n\nTra i provvedimenti adottati possono rientrare:\n\n- Sequestro di capi, con indicazione del numero di capi interessati.\n- Provvedimenti di natura amministrativa o pecuniaria, con il numero di capi coinvolti.\n- Blocco delle movimentazioni, specificando il numero di capi interessati.\n- Sanzioni applicate, con dettagli su eventuali altre sanzioni e il numero di capi coinvolti.\n- Abbattimento di capi, con il numero di capi interessati.\n- Informativa in procura, con il numero di capi coinvolti.\n- Descrizione di altre sanzioni, se presenti.\n\nInoltre, il documento prevede uno spazio per le note e le osservazioni del controllore, così come per quelle del proprietario, detentore o conduttore presente all\'ispezione. Le osservazioni possono essere favorevoli o sfavorevoli, con la possibilità di specificare se la valutazione è sfavorevole per mancato o rifiutato controllo.\n\nInfine, si richiede di valutare l\'intenzionalità nel caso di un esito sfavorevole del controllo, con la possibilità di rispondere ""Sì"", ""No"" o ""N.A."" (non applicabile).', 'la nuova check list di farmacovigilanza contenuta nel manuale operativo 1 3 si concentra sullarea b relativa allimpiego dei medicinali veterinari è fondamentale che i medicinali utilizzati siano correlati a una prescrizione veterinaria e alla relativa fornitura in particolare è vietato fornire medicinali veterinari senza una prescrizione medico veterinaria qualora questa sia prevista come obbligatoria secondo quanto stabilito dal decreto legislativo 218 del 2023 articolo 23 comma 1 qualora vengano rinvenuti medicinali veterinari privi di prescrizione il medico veterinario ufficiale ha lobbligo di segnalare la situazione al comando competente per la tutela della salute noto come nas affinché vengano avviate le indagini necessarie è importante sottolineare che il medico veterinario nellambito della propria attività ha la facoltà di consegnare allallevatore o al proprietario degli animali medicinali veterinari provenienti dalla propria scorta questi medicinali possono anche essere prelevati da confezioni multiple e distribuiti in frazioni singolarmente a condizione che siano disponibili sul mercato questa pratica è finalizzata a garantire lavvio della terapia prescritta in modo tempestivo', 'il testo riguarda le procedure relative ai medicinali nel contesto del servizio sanitario nazionale e la loro gestione è importante comunicare gli stabilimenti in cui i delegati sono eventualmente responsabili delle attività correlate in merito ai medicinali si specifica che questi devono essere associati a una prescrizione veterinaria e alla relativa fornitura la registrazione dei medicinali nel registro della scorta avviene automaticamente al momento della fornitura effettuata dal farmacista utilizzando la prescrizione veterinaria elettronica rev è previsto un controllo a campione che consiste nella valutazione della corrispondenza di almeno cinque medicinali presenti in scorta con le rev destinate all’allevamento durante questo controllo è necessario verificare che il lotto del medicinale selezionato sia leggibile e che corrisponda a quanto registrato nel sistema informativo di tracciabilità infine si sottolinea che nel caso in cui non siano presenti medicinali in scorta al momento dell’ispezione la risposta da fornire è non applicabile na', ""La nuova check-list di farmacovigilanza, contenuta nel manuale operativo 1.3, ha come obiettivo principale quello di semplificare il sistema dei controlli ufficiali a livello nazionale, perseguendo al contempo l'armonizzazione delle procedure. È importante notare che le spese relative ai controlli derivanti da rilievi di non conformità sono a carico degli operatori, come stabilito dal decreto legislativo del 2 febbraio 2021, n. 32.\n\nPer quanto riguarda la valutazione degli elementi di verifica, durante i controlli effettuati con l'ausilio della check-list, si deve considerare un arco temporale di riferimento degli ultimi 12 mesi. Le aree di verifica, denominate A, B e C, si riferiscono a indicazioni normative cogenti. In base ai risultati delle verifiche, è possibile fornire diverse risposte, che devono sempre essere supportate da evidenze raccolte. Le risposte possono essere:\n\n- SÌ, che indica conformità;\n- no, che segnala una non conformità minore;\n- NO, che indica una non conformità maggiore;\n- NA, che significa non applicabile.\n\nNel caso di una non conformità minore, generalmente si prevede una semplice prescrizione, ma è fondamentale che ogni valutazione sia accompagnata da adeguate evidenze.""]","Sì, è necessario compilare un nuovo controllo al momento della verifica delle prescrizioni. Durante questo processo, si devono inserire esclusivamente le informazioni necessarie e contrassegnare come ""NA"" le risposte non applicabili. È importante prestare attenzione a rispondere alle domande obbligatorie per la sezione. Per ulteriori dettagli, puoi consultare la guida all'inserimento del controllo farmacovigilanza [qui](https://www.example.com).","Sì, è necessario compilare una nuova CL per tenere traccia dell’andamento dell’azienda.",0.8,0.8605566655312789,,0.0,0.35572178285841355,OK,True
"Per quanto riguarda gli allevamenti con equidi non DPA o a indirizzo misto, dove devono essere inserite le CL?","[""Per l'anno di domanda 2023, è necessaria una dichiarazione integrativa che contenga alcune informazioni minime specifiche. In particolare, la dichiarazione deve includere:\n\n1. Il codice dell'allevamento.\n2. L'orientamento dell'allevamento.\n3. Il numero di capi che pascolano, suddiviso per classe di animale.\n4. Il periodo di pascolamento, con indicazione della data di inizio e della data di fine.\n\nÈ importante notare che la dichiarazione non è richiesta se l'allevatore ha trasferito gli animali esclusivamente verso un pascolo registrato nella Banca Dati Nazionale (BDN) secondo la normativa vigente. In questo caso, si fa riferimento ai capi la cui movimentazione è registrata nella BDN.\n\nQueste indicazioni sono state comunicate tramite il protocollo AGEA - COORD - Prot. Uscita N.0002664 del 12 gennaio 2024."", ""Requisiti richiesti dalla normativa vigente e tutela del benessere animale:\n\na) Area di governo;\n\nb) Area destinata al pascolo. Inoltre, alcuni allevamenti seguono un preciso indirizzo produttivo, allevando esclusivamente determinate categorie di animali, come ad esempio gli allevamenti di suini destinati all'ingrasso. \n\nIl valutatore verifica la coerenza delle dichiarazioni del detentore durante le ispezioni sugli animali. Il criterio risulta inadeguato qualora sia presente anche un solo parametro non sufficiente. Al contrario, il criterio è considerato adeguato nel caso in cui tutti i parametri siano ritenuti sufficienti."", ""**18.1 Attività agricola del conduttore**  \n- Sì  \n- No  \n- Non Applicabile  \nNote:  \n\n**18.2 Esiste una netta separazione tra le due diverse attività**  \n- Sì  \n- No  \n- Non Applicabile  \nNote:  \n\n**18.3 L’allevatore o i dipendenti si dedicano all’attività venatoria o di pesca**  \n- Sì  \n- No  \n- Non Applicabile  \nNote:  \n\n**18.4 Altri allevamenti di proprietà dell’allevatore o di familiari**  \n- Sì  \n- No  \n- Non Applicabile  \nNote:  \n\n**18.5 Specificare la specie avicola**  \n…………………………………………………………..  \nNon Applicabile  \nNote:  \n\n**18.6 Altri allevamenti di suini di proprietà dell'allevatore o di familiari**  \n- Sì  \n- No  \n- Non Applicabile  \nNote:  \n\n**18.7 Altri allevamenti di mammiferi di proprietà dell'allevatore o di familiari**  \n- Sì  \n- No  \n- Non Applicabile  \nNote:  \n\n**18.8 Specificare la specie**  \n…………………………………………………………..  \nNon Applicabile  \nNote:  \n\n**18.9 L'allevatore possiede o gestisce impianti di biogas**  \n- Sì  \n- No  \n- Non Applicabile  \nNote:  \n\n**Quesiti specifici per allevamenti ad indirizzo svezzamento >250**  \n**18.10 Nell’allevamento sono presenti tacchini e/o selvaggina da penna e/o riproduttori**  \n- Sì  \n- No  \n- Non Applicabile  \nNote:  \n\n**19. AREE ALL’APERTO**"", 'Il Decreto Legislativo 146/2001 stabilisce che nessun animale deve essere custodito in un allevamento se non ci si aspetta, in base al suo genotipo o fenotipo, che ciò possa avvenire senza effetti negativi sulla sua salute o sul suo benessere. Questo principio è fondamentale per garantire il benessere degli animali.\n\nIl sistema ClassyFarm offre la possibilità di distinguere i parametri rilevati nelle aree previste, permettendo non solo di categorizzare gli allevamenti in fasce di rischio, ma anche di indirizzare in modo appropriato gli interventi preventivi. Questi interventi si concentrano sui principali fattori di debolezza del sistema zootecnico di ogni singola azienda, contribuendo così a migliorare le condizioni di vita degli animali.\n\nNel manuale attuale sono riportate tutte le osservazioni contenute nella nuova check list, con ciascuna osservazione preceduta dalla citazione della disposizione normativa che la prescrive. Questo approccio garantisce una chiara connessione tra le pratiche di allevamento e le normative vigenti, promuovendo un allevamento responsabile e attento al benessere animale.', 'Il Decreto Legislativo 146/2001 stabilisce che nessun animale deve essere custodito in un allevamento se non è ragionevole attendere, in base al suo genotipo o fenotipo, che ciò possa avvenire senza effetti negativi sulla sua salute o sul suo benessere. Questo principio è fondamentale per garantire il benessere degli animali.\n\nIl sistema ClassyFarm offre la possibilità di distinguere i parametri rilevati nelle aree previste, permettendo non solo di categorizzare gli allevamenti in fasce di rischio, ma anche di indirizzare in modo appropriato gli interventi preventivi. Questi interventi si concentrano sui principali fattori di debolezza del sistema zootecnico di ogni singola azienda, contribuendo così a migliorare le condizioni di vita degli animali.\n\nNel manuale attuale sono riportate tutte le osservazioni contenute nella nuova check list, con ciascuna osservazione preceduta dalla citazione della disposizione normativa che la prescrive. Questo approccio garantisce una chiara connessione tra le pratiche di allevamento e le normative vigenti, promuovendo un allevamento responsabile e attento al benessere animale.', ""Il richiedente deve soddisfare alcuni requisiti per poter accedere alle agevolazioni per gli allevamenti. In primo luogo, è necessario che il richiedente sia proprietario o detentore di un allevamento attivo che rientri tra quelli ammissibili. Gli allevamenti considerati ammissibili includono:\n\n- Allevamenti di bovini, che possono avere diverse orientazioni produttive, tra cui:\n  - Allevamenti da latte\n  - Allevamenti da carne\n  - Allevamenti a duplice attitudine\n  - Allevamenti di vitelli a carne bianca, specificamente quelli di età inferiore a sei mesi, identificati nel BDN con la tipologia produttiva di vitelli a carne bianca\n\n- Allevamenti di ovini, con orientamenti produttivi che comprendono:\n  - Allevamenti da latte\n  - Allevamenti da carne\n\n- Allevamenti di caprini\n\n- Allevamenti di bufalini, che possono anch'essi avere orientamenti produttivi, tra cui:\n  - Allevamenti da latte\n  - Allevamenti da carne\n\n- Allevamenti di suini, per ciascuna categoria prevista nel sistema ClassyFarm.\n\nIn secondo luogo, è fondamentale che l'agricoltore sia registrato o iscritto nel sistema ClassyFarm. Infine, gli allevamenti devono rispettare determinate soglie relative alla distribuzione della mediana regionale del valore della dose definita giornaliera (DDD), calcolata per l'anno precedente. In particolare, gli allevamenti devono avere valori DDD che siano uguali o inferiori al valore stabilito dalla mediana."", ""Il Decreto Legislativo 146/2001 stabilisce che nessun animale deve essere custodito in un allevamento se non è ragionevole attendere, in base al suo genotipo o fenotipo, che ciò possa avvenire senza effetti negativi sulla sua salute o sul suo benessere. Questo principio, contenuto nel punto 21 dell'allegato del decreto, ha come obiettivo principale quello di permettere un confronto tra i diversi allevamenti utilizzando le stesse valutazioni. In questo modo, si garantisce la massima oggettività possibile nella misurazione delle condizioni di benessere degli animali.\n\nInoltre, il sistema ClassyFarm offre la possibilità di distinguere i parametri rilevati nelle diverse aree, il che non solo consente di categorizzare gli allevamenti in fasce di rischio, ma anche di orientare le azioni necessarie per migliorare le condizioni di benessere degli animali."", 'La lettiera è un elemento obbligatorio secondo quanto stabilito dall\'Allegato 1, Punto 10 del Decreto Legislativo 126/2011. Per gli allevamenti di piccole dimensioni, si definisce ""infermeria identificata"" come un\'area specifica destinata agli animali malati, feriti o che necessitano di isolamento. In presenza di tali animali, è necessario che il recinto, il box o un altro settore dell\'allevamento sia chiaramente identificato. \n\nTuttavia, nel caso in cui non ci siano animali che richiedano cure particolari, il recinto o il box può essere solo ""identificabile"". In questa situazione, l\'allevatore ha l\'obbligo di dimostrare di poter allestire tale zona in qualsiasi momento, qualora si presentasse la necessità di isolare un animale.', ""Il Decreto Legislativo 146/2001, all'allegato punto 21, stabilisce che le attività devono avvenire senza effetti negativi sulla salute o sul benessere degli animali. La possibilità di analizzare i parametri nelle aree previste dal sistema ClassyFarm permette di classificare gli allevamenti in diverse fasce di rischio. Questo approccio non solo facilita la categorizzazione, ma consente anche di indirizzare in modo mirato gli interventi preventivi sui principali fattori di debolezza del sistema zootecnico di ciascuna azienda. Di conseguenza, si possono migliorare le condizioni di vita degli animali.\n\nNel manuale in questione, sono riportate tutte le osservazioni della nuova check list. Ogni osservazione è preceduta dalla citazione della normativa pertinente e, quando disponibili, da indicazioni provenienti da opinioni dell'EFSA o da linee guida ufficiali. Inoltre, ogni osservazione è accompagnata da una breve spiegazione sull'argomento, con l'obiettivo di fornire una comprensione più approfondita."", 'Nel caso in cui un proprietario o operatore abbia registrato un solo allevamento nella BDN per una delle due specie, e abbia pochi capi dell\'altra specie, è necessario compilare le colonne relative a entrambe le specie, ovvero ""ovini"" e ""caprini"". Tuttavia, se lo stesso proprietario o operatore ha due allevamenti registrati nella BDN, uno per gli ""ovini"" e l\'altro per i ""caprini"", sarà sufficiente compilare solo la colonna relativa alla specie corrispondente. In questa situazione, è importante anche compilare una checklist distinta per ciascuno dei due allevamenti delle diverse specie.', 'Il documento presenta una serie di informazioni relative a un allevamento, suddivise in diverse sezioni.\n\nNella sezione 2.3, si fa riferimento al numero di capannoni in muratura, seguito dalla sezione 2.4, che indica il numero di tunnel presenti nell\'allevamento. La sezione 2.5 fornisce il numero totale di silos. \n\nSuccessivamente, nella sezione 2.6, si chiede se nell\'allevamento è presente un allevamento a sessi misti, con le opzioni di risposta ""Sì"" o ""No"". La sezione 2.7 riguarda la presenza di un impianto di biogas nell\'allevamento, mentre la sezione 2.8 verifica se esiste un impianto di biogas a meno di 500 metri dall\'allevamento.\n\nLa sezione 3 è dedicata al personale addetto, oltre al titolare. Nella sezione 3.1 si chiede se è presente personale familiare, con le opzioni di risposta ""Sì"", ""No"" o ""Non Applicabile"". La sezione 3.2 riguarda il personale esterno (non familiare) dipendente, mentre la sezione 3.3 si riferisce al personale esterno qualificato non dipendente, con le stesse opzioni di risposta.\n\nSegue una parte dedicata alla compilazione automatica su ClassyFarm, che richiede dati anagrafici. Tra le informazioni richieste ci sono la regione sociale, l\'identificativo fiscale, l\'indirizzo, la città e il CAP. Inoltre, è necessario indicare l\'ASL di competenza, la latitudine e la longitudine. \n\nInfine, si specifica la specie degli animali allevati, che è il pollo (Gallus gallus), con il codice specie 30. Si richiedono anche i dati del detentore degli animali e della ditta soccidante, oltre a indicare che il tipo di produzione è pollame da carne, specificamente broiler.', ""**8. È disponibile una planimetria che presenta capannoni e box numerati in modo univoco, attraverso la quale è possibile verificare il flusso unidirezionale degli spostamenti degli animali all'interno dell'azienda e identificare i gruppi di animali?**\n\nRegolamento di esecuzione (UE) 2023/594 della Commissione, Allegato III, punto 2, comma i) e Decreto 28 giugno 2022, Allegato 1, punto 2, comma b), punto viii).\n\n**Elemento di verifica:**\nÈ DISPONIBILE UNA PLANIMETRIA CON CAPANNONI E BOX NUMERATI IN MODO UNIVoco, ATTRAVERSO LA QUALE È POSSIBILE VERIFICARE IL FLUSSO UNIDIREZIONALE DEGLI SPOSTAMENTI DEGLI ANIMALI ALL'INTERNO DELL'AZIENDA E IDENTIFICARE I GRUPPI DI ANIMALI? Questo criterio risulta particolarmente rilevante negli allevamenti in cui sono presenti più categorie produttive, come ad esempio nei cicli aperti, nei cicli chiusi o nei siti 2 e 3. Negli allevamenti costituiti da un'unica unità epidemiologica e/o in cui è presente una sola categoria produttiva (siti 2 o siti 3 puri), e specialmente qualora..."", 'il testo riguarda le normative relative alluso di sostanze androgeniche o gestageniche nonché di altre sostanze con effetto anabolizzante negli animali dazienda le disposizioni principali sono le seguenti 1 **divieti generali** è vietata la somministrazione di sostanze androgeniche o gestageniche e di qualsiasi altra sostanza anabolizzante agli animali dazienda indipendentemente dal metodo utilizzato è vietata la detenzione di animali dazienda e di acquacoltura in aziende non sotto controllo ufficiale 2 **deroghe ai divieti** è consentita la somministrazione di medicinali veterinari contenenti testosterone progesterone o derivati facilmente trasformabili in tali composti per idrolisi a scopo terapeutico tuttavia questa somministrazione deve avvenire solo da parte di un veterinario e può essere effettuata mediante iniezione per il trattamento di disfunzioni ovariche tramite spirali vaginali escludendo luso di impianti gli animali di azienda devono essere chiaramente identificati è consentita la somministrazione di trembolone allilico per via orale e di sostanze ß agoniste agli equidi a condizione che siano utilizzate secondo le indicazioni del fabbricante queste norme mirano a garantire la salute e il benessere degli animali nonché a prevenire luso improprio di sostanze anabolizzanti nel settore zootecnico', 'il testo riguarda le ispezioni necessarie per garantire il benessere degli animali in allevamento è fondamentale che le ispezioni siano effettuate su tutti i gruppi di animali presenti le visite giornaliere in stalla devono andare oltre le attività di routine e devono essere eseguite con particolare attenzione specialmente in situazioni come la mungitura dove sono assegnati compiti specifici o durante la distribuzione dellalimentazione con strumenti meccanici per ottenere un giudizio ottimale è necessario che ci sia una segnalazione scritta delle osservazioni o una registrazione computerizzata insieme a un numero adeguato di ispezioni un numero di visite considerato non adeguato è quello che prevede meno di unispezione al giorno in stalla per quanto riguarda gli animali allaperto le ispezioni devono essere effettuate a intervalli regolari e programmati tenendo conto della stagione del periodo produttivo o riproduttivo e di eventuali eventi straordinari in caso contrario la frequenza delle ispezioni è considerata insufficiente', '**Di allevamento in modo non controllato**  \n- Sì  \n- No  \n- Non Applicabile  \n**Note:**  \n\n**3. PERSONALE ADDETTO (OLTRE AL TITOLARE)**  \n\n**3.1 Personale familiare**  \n- Sì  \n- No  \n- Non Applicabile  \n**Note:**  \n\n**3.2 Personale esterno (non familiare) dipendente**  \n- Sì  \n- No  \n- Non Applicabile  \n**Note:**  \n\n**3.3 Personale esterno qualificato non dipendente**  \n- Sì  \n- No  \n- Non Applicabile  \n**Note:**  \n\n**3.4 Personale esterno (non familiare e non dipendente) con accesso occasionale per operazioni routinarie (amici, vicini, ecc.)**  \n- Sì  \n- No  \n- Non Applicabile  \n**Note:**  \n\n**3.5 I locali per la vendita ai privati sono separati dall’area di allevamento**  \n- Sì  \n- No  \n- Non Applicabile  \n**Note:**  \n\n**Quesiti specifici per allevamenti ad indirizzo svezzamento >250**  \n\n**3.6 Il personale certifica di rispettare i requisiti in materia di biosicurezza previsti dal Decreto Ministeriale per poter accedere all’area di allevamento**  \n- Sì  \n- No  \n- Non Applicabile  \n**Note:**  \n\n**3.7 Il personale che opera in allevamento è dedicato a un solo stabilimento**  \n- Sì  \n- No  \n- Non Applicabile  \n**Note:**  \n\n**Quesiti specifici per allevamenti ad indirizzo svezzamento <250**  \n\n**3.8**']","Non ci sono informazioni specifiche nel Contesto Documentale riguardo all'inserimento delle CL (Classificazioni) per gli allevamenti con equidi non DPA o a indirizzo misto. Ti consiglio di consultare direttamente le normative vigenti o i manuali specifici per ottenere indicazioni dettagliate su come procedere in questi casi. Se hai ulteriori domande, potresti contattare l'ente competente per maggiori chiarimenti.","Come da indicazioni del Ministero (capitolo 4 del Piano Farmacosorveglianza) i controlli per equidi non DPA devono essere caricati sul portale Vetinfo – Sistema informativo nazionale della farmacosorveglianza – sezione ""Verifiche da remoto, Controlli ufficiali, Indicatori"" – voce ""Controllo ufficiali"" utilizzando l’apposita sezione. Nel caso di allevamenti a indirizzo misto è necessario compilare due CL, una su ogni sistema.",0.3333333333333333,0.0,,0.0,0.1553539976600014,OK,True
Qual è la differenza tra veterinario incaricato ed aziendale?,"[""È fondamentale che il personale, durante i momenti di contatto con gli animali, che non sono così rari, come ad esempio durante le ispezioni giornaliere, le operazioni di carico e scarico, la movimentazione, il rimescolamento e l'esecuzione di trattamenti sanitari, mantenga una routine di lavoro costante. È essenziale che gli animali siano trattati con calma e tranquillità.\n\nPer affrontare questa questione, è necessario valutare attentamente le competenze, le capacità e le conoscenze complessive del personale addetto agli animali. Questo personale può includere il proprietario, il detentore o il custode, ovvero la persona che, anche temporaneamente, è responsabile degli animali e si occupa di loro, come stabilito dal D. Lgs. 146/2001, art. 1, par. 2, lett. b). \n\nLe competenze del personale possono derivare sia da esperienze pratiche, accumulate nel tempo, sia da conoscenze teoriche, come ad esempio il titolo di studio. Pertanto, è considerata accettabile la presenza di una lunga esperienza pratica nel settore."", 'Il testo presenta due figure professionali nel campo della veterinaria: il Veterinario Aziendale e il Medico Veterinario Incaricato. Per ciascuna di queste figure, è disponibile un modulo di richiesta di associazione. In particolare, ci sono due moduli distinti: uno per il Medico Veterinario Aziendale e uno per il Medico Veterinario Incaricato.', 'VETERINARIO:\n- AZIENDALE\n- INCARICATO\n- UFFICIALE\n(Clicca sulla tua figura per consultare la procedura)\nOPERATORE DELEGATO\n2\nwww.classyfarm.it', ""In base al decreto identificato con il numero xxxxxxxx, è stato designato il dott. ……………………………, un medico veterinario regolarmente iscritto all’Ordine dei Veterinari della Provincia di …………………….. con il numero di iscrizione n ………, come veterinario aziendale. Il dottore è consapevole delle conseguenze penali che possono derivare da dichiarazioni false e mendaci, come previsto dal D.P.R. 445/2000.\n\nIn seguito, il veterinario aziendale ha rilasciato una dichiarazione in cui, sempre ai sensi del decreto xxxxxxx, accetta l’incarico di veterinario aziendale per un allevamento identificato con il codice aziendale ... … …IT … … … . Il dott. …………………………………, libero professionista, ha fornito anche il proprio indirizzo email: ……………………. È iscritto all'Albo della Provincia di ………………………… con il numero di iscrizione n …………. Anche in questo caso, il veterinario è consapevole delle conseguenze penali legate a dichiarazioni false e mendaci, come stabilito dal D.P.R. 445/2000.\n\nInfine, sono richieste le firme dell'operatore e del veterinario aziendale, con il riferimento al numero 18A00687."", ""Il veterinario può essere un libero professionista o un privato che segue l'azienda. Per assegnare un giudizio conforme, è necessario che tutte le condizioni siano soddisfatte.\n\nUn'azienda è considerata non adeguata se si riscontrano le seguenti situazioni: \n\n1. Presenza di personale non istruito.\n2. Presenza di animali che necessitano di un trattamento e non lo hanno ancora ricevuto, tenendo presente che è importante valutare con attenzione la possibile insorgenza iperacuta dei casi di malattia.\n3. Assenza di un veterinario che segua l'azienda.\n\nIn questo caso, il giudizio sarà negativo.\n\nAl contrario, un'azienda è considerata adeguata se:\n\n1. È presente personale istruito.\n2. Sono soddisfatti i due punti di verifica precedentemente menzionati.\n\nIn questo scenario, il giudizio sarà positivo.\n\nIl requisito ottimale prevede, oltre ai criteri di adeguatezza, la presenza di procedure scritte relative al trattamento degli animali. Esempi di tali procedure includono un piano di gestione della mastite, della zoppia o specifici protocolli terapeutici.\n\nInfine, è importante indicare se sono presenti animali ammalati o feriti e le modalità di detenzione, nonché se l'infermeria o altri settori sono, all'occorrenza, attrezzati per gestire tali situazioni."", ""Per garantire un corretto trattamento degli animali, è fondamentale condurre un'intervista con gli addetti per accertarsi che siano state fornite istruzioni chiare, anche di natura orale. Durante questa verifica, ci sono due punti principali da considerare.\n\nIl primo punto riguarda la verifica dell'immediato trattamento degli animali malati o feriti. Questo può essere confermato attraverso due condizioni: la prima è che l'animale malato o ferito sia stato spostato nel reparto infermeria, che può essere un'area o un box isolato. In alternativa, si deve verificare che l'animale malato, che non necessita di essere ricoverato in infermeria, sia stato identificato e abbia ricevuto un trattamento adeguato, pur rimanendo nel gruppo con gli altri animali. È importante valutare le dichiarazioni degli addetti e controllare la presenza di trattamenti farmacologici in corso, consultando il registro dei trattamenti farmacologici o le registrazioni in Vetinfo per la farmacosorveglianza.\n\nIl secondo punto da verificare è il consulto con un veterinario. È necessario accertarsi se sia stata dichiarata o documentata la presenza di un veterinario aziendale, oppure di un veterinario libero professionista o privato che segua l'azienda."", ""Il veterinario ufficiale ha la responsabilità di verificare la conformità ai requisiti attraverso un'ispezione documentale. Questa verifica include la consultazione di diversi documenti, tra cui il registro delle presenze, le ricette veterinarie e il registro dei trattamenti, o le registrazioni effettuate in Vetinfo. Inoltre, possono essere esaminati eventuali verbali di intervento rilasciati dal veterinario.\n\nIn caso di necessità, è importante sapere se viene consultato un medico veterinario. La risposta a questa domanda è affermativa, poiché un medico veterinario viene consultato in caso di necessità. Tuttavia, è specificato che non è previsto il consulto per le categorie A e B, mentre per la categoria C non è applicabile.\n\nÈ fondamentale annotare l'eventuale documentazione visionata, che può confermare o meno la conformità al requisito, come il registro delle presenze o i verbali di intervento. Infine, si sottolinea che se un animale mostra segni di malattia o malessere, individuati durante le ispezioni quotidiane, e gli interventi o trattamenti messi in atto dall'allevatore non producono l'effetto desiderato, è necessario intervenire."", ""Il trattamento degli animali deve essere appropriato, garantendo che possano rimanere nel gruppo con gli altri. È fondamentale valutare le dichiarazioni e la presenza di trattamenti farmacologici in atto, controllando il registro dei trattamenti farmacologici o le registrazioni in Vetinfo per la farmacosorveglianza.\n\nInoltre, è necessario consultare un veterinario. È importante verificare se è documentata la presenza di un veterinario aziendale o di un veterinario libero professionista che segua l'azienda.\n\nPer poter assegnare un giudizio conforme, tutte queste condizioni devono essere soddisfatte. Si considera non adeguato il caso in cui ci sia evidenza di personale non istruito, la presenza di animali che necessitano di un trattamento ma non lo hanno ancora ricevuto, e l'assenza di un veterinario che segua l'azienda. È importante prestare particolare attenzione alla possibile insorgenza iperacuta dei casi di malattia."", 'il testo presenta due figure professionali nel campo della veterinaria il veterinario aziendale e il medico veterinario incaricato per ciascuna di queste figure è disponibile un modulo di richiesta di associazione in particolare ci sono due moduli distinti uno per il medico veterinario aziendale e uno per il medico veterinario incaricato', ""Il testo si riferisce a un contesto aziendale o alla figura di un veterinario libero professionista o privato che collabora con l'azienda. In particolare, si sottolinea l'importanza di verificare, durante un'ispezione, che l'allevatore sia in grado di attuare determinate procedure nel caso in cui si presentino animali malati o feriti. Se al momento dell'ispezione non ci sono animali in tali condizioni, è comunque fondamentale accertarsi che l'allevatore sia preparato a gestire situazioni di emergenza, seguendo i punti 1 e 2 stabiliti."", 'veterinario aziendale incaricato ufficiale clicca sulla tua figura per consultare la procedura operatore delegato 2 www classyfarm it', ""Il processo di valutazione prevede due fasi principali. \n\nIn primo luogo, è necessario effettuare registrazioni nel sistema di farmacosorveglianza di Vetinfo. \n\nIn secondo luogo, è fondamentale consultare un veterinario. In questa fase, si deve verificare se è presente e documentata la figura del veterinario aziendale oppure quella di un veterinario libero professionista o privato che segua l'azienda. \n\nÈ importante sottolineare che per poter assegnare un giudizio conforme, tutte le condizioni sopra menzionate devono essere soddisfatte."", '**TESTO RIVISITATO:**\n\nIl responsabile della gestione degli animali, ai sensi del D. Lgs. 146/2001, art. 1, par. 2, lett. b), è colui che si occupa a tempo pieno (1 persona) o parziale (minimo mezza giornata, corrispondente a mezza persona) delle attività aziendali. Queste attività comprendono operazioni di mungitura, pratiche zootecniche (quali tosatura nei mesi estivi, pareggiamento degli unghielli in caso di zoppia, ecc.), somministrazione di acqua e alimenti, nonché la pulizia dei locali e delle attrezzature. \n\nNelle normative vigenti e nella letteratura di settore non è specificato il numero di animali che un operatore può accudire senza compromettere il loro benessere. Pertanto, per determinare tale indicazione numerica, si è fatto riferimento al parere di esperti veterinari attivi nel settore ovino. Nel caso in cui la cura quotidiana degli animali e le operazioni di mungitura siano svolte da operatori distinti, è considerata accettabile la presenza...', 'il sistema integrato classyfarm offre una guida per linserimento della check list tramite lapp allinterno di questo sistema è possibile accedere con diversi ruoli tra cui 1 **medico veterinario** si tratta di un medico veterinario aziendale che è iscritto allelenco pubblico nazionale dei veterinari aziendali fnovi questo professionista ha la responsabilità di garantire il benessere degli animali e la biosicurezza nelle aziende agricole 2 **medico veterinario incaricato** questo ruolo è riservato a veterinari che hanno completato specifici corsi di formazione in particolare devono aver frequentato il corso di veterinario aziendale come previsto dal decreto ministeriale del 7 dicembre 2017 un corso specialistico tenuto da docenti delle istituzioni zooprofilattiche sperimentali iizzss focalizzato sulla valutazione del rischio applicata al benessere animale e alla biosicurezza per la popolazione animale in esame il medico veterinario incaricato è temporaneamente designato dallallevatore per eseguire la valutazione del rischio in allevamento con particolare attenzione al benessere animale e alla biosicurezza infine è necessario selezionare il ruolo appropriato per procedere con linserimento della check list', ""Quando gli interventi o i trattamenti effettuati dall’allevatore non producono l’effetto desiderato, è fondamentale consultare un medico veterinario. Quest'ultimo fornirà le indicazioni necessarie per affrontare la situazione. \n\nPer garantire che gli animali malati o feriti, che non mostrano segni di miglioramento dopo le cure somministrate, ricevano un trattamento adeguato, è possibile effettuare una verifica attraverso un'intervista. In questo modo, si può accertare se sia presente un veterinario aziendale o un veterinario libero professionista che segua l'azienda. Inoltre, è utile esaminare eventuali ricette, registrazioni dei trattamenti o verbali di intervento rilasciati a seguito della visita veterinaria.""]","La differenza principale tra il veterinario incaricato e il veterinario aziendale risiede nelle loro funzioni e responsabilità. 

- **Veterinario Aziendale**: È un professionista regolarmente iscritto all'Ordine dei Veterinari e ha la responsabilità di garantire il benessere degli animali e la biosicurezza nelle aziende agricole. Deve essere presente in modo continuativo e seguire l'azienda in tutte le sue necessità veterinarie.

- **Veterinario Incaricato**: Questo ruolo è riservato a veterinari che hanno completato specifici corsi di formazione e sono temporaneamente designati dall'allevatore per eseguire la valutazione del rischio in allevamento, con particolare attenzione al benessere animale e alla biosicurezza. Non ha la stessa continuità di presenza del veterinario aziendale.

Per ulteriori dettagli, puoi consultare la [Guida all'Inserimento della Checklist di Benessere e Biosicurezza](https://www.classyfarm.it).","La figura del veterinario aziendale è definita dagli articoli 3 e 4 del Decreto del Ministro della salute 7 dicembre 2017: è un veterinario privato scelto volontariamente dall’operatore e svolge le sue funzioni in base a un rapporto formale con l’operatore che si instaura attraverso la sottoscrizione, da parte di entrambi, dello schema di designazione di cui all’allegato 3 del DM. In ClassyFarm può visualizzare tutti i dati relativi alle aziende alle quali è associato, compreso il farmaco. Il veterinario incaricato viene incaricato dall’operatore per la compilazione dei questionari relativi alla valutazione del rischio per il benessere animale e la biosicurezza; in ClassyFarm può visualizzare solo le checklist che ha compilato.",0.7,0.9534199761369087,,0.0,0.7923995730607072,OK,True
Perché non vedo la CL in Dashboard?,"['[DASHBOARD] **12  \nCruscotto di Visualizzazione**  \nDopo 48 ore, sarà possibile accedere al cruscotto interattivo: selezionare ""Dashboard"".', ""[DASHBOARD] **8  \nDashboard: Cruscotto per la verifica dei prerequisiti**  \nPer accedere al cruscotto interattivo, selezionare l'opzione «Dashboard»."", '[DASHBOARD] **16**  \nVisualizzazione a schermo intero della tabella  \nDashboard: Cruscotto di Visualizzazione  \nPossibilità di esportare i dati in Excel.', '[DASHBOARD] **Dashboard: Consultazione delle Checklist Compilate**\n\nÈ possibile visualizzare le checklist compilate dal Valutatore direttamente dal cruscotto, in formato tabellare. \n\n1. \n2.', ""[DASHBOARD] **Dashboard: Cruscotto di Visualizzazione**  \nSelezionando l'opzione «Sì», verranno visualizzati gli allevamenti che soddisfano i Prerequisiti Verdi e i Requisiti Verdi/Gialli."", '[DASHBOARD] **14  \nDashboard: Cruscotto di Visualizzazione**  \nAzienda già associata al Valutatore.  \nSarà possibile visualizzare, tramite il cruscotto, tutti gli allevamenti associati nella sezione ""Selezione Azienda"".  \nÈ prevista la possibilità di visualizzare la tabella a schermo intero cliccando sull\'icona corrispondente.  \nFiltri di Selezione: Azienda non ancora associata al Valutatore.', '[DASHBOARD] **INDICE**\n\n• Accesso a ClassyFarm  \npagina 3  \n\n• Cruscotto per la verifica dei prerequisiti (Dashboard)  \npagina 7  \n\n• Compilazione della checklist di valutazione  \npagina 11  \n\n• Ripresa della compilazione di una checklist salvata in bozza  \npagina 19  \n\n• Consultazione delle checklist compilate  \npagina 23  \n\n• Report  \npagina 25', ""[DASHBOARD] **Sistema Integrato «ClassyFarm» - Guida per l'Operatore e i suoi Delegati**\n\n**PAG**  \n**SELEZIONE DELL'AMBIENTE**  \n20  \n\n1. Cliccare su «Dashboard» per accedere alla consultazione dei cruscotti.  \n1. Nome utente e profilo selezionato; cliccare qui per modificare il profilo."", '[DASHBOARD] **www.classyfarm.it**  \n**Andamento storico dei controlli e relativi esiti**  \n- Modifica delle schermate del cruscotto  \n- Ripristino dei filtri applicati  \n- Accesso alla guida del cruscotto in formato PDF  \n- Data di aggiornamento del cruscotto  \n- Variazione degli indicatori Heatmap: forniscono una visione complessiva e di confronto tra le regioni  \n- Indicatori nazionali per specie e area: consentono il confronto a livello nazionale con la regione/ASL selezionata  \n- Rischio-programmazione', '[DASHBOARD] **Report**\n\nAl termine della compilazione, per visualizzare il report, è necessario seguire i seguenti passaggi:\n\n1. Accedere a «Trasmissione Checklist (Nuovo)».\n2. Cliccare su «Azioni» e successivamente su «Storico».\n3. Selezionare il controllo di interesse e cliccare su «Azioni».\n4. Scorrere fino in fondo alla pagina e cliccare su «Salva PDF».\n\n**Nota Bene:** Questa modalità di download del report è temporanea; in futuro, il report sarà nuovamente scaricabile dal cruscotto.', '[DASHBOARD] Per scegliere l\'ambiente, è necessario seguire alcuni passaggi specifici. Innanzitutto, si deve cliccare su ""Selezione Azienda"" per associarsi all\'allevamento desiderato. In secondo luogo, è possibile cliccare su ""Trasmissione Checklist"" per accedere alla compilazione del controllo. Infine, per consultare i cruscotti, si deve cliccare su ""Dashboard"". \n\nIn aggiunta, è importante notare che è possibile cambiare il nome utente e il ruolo scelto, cliccando sull\'apposito link.', '[DASHBOARD] Il sistema integrato ""ClassyFarm"" offre una guida per l\'inserimento della check-list tramite l\'app. I risultati ottenuti dall\'allevamento, insieme al report del questionario, saranno disponibili sulla dashboard entro 24-48 ore dal caricamento. \n\nPer accedere alla dashboard, è necessario seguire alcuni passaggi. Prima di tutto, bisogna entrare in VETINFO. Successivamente, si deve selezionare ""ClassyFarm"" e poi ""ClassyFarm 2.0"". A questo punto, è importante scegliere il proprio ruolo, che può essere ""Medico Veterinario Aziendale"" o ""Medico Veterinario Incaricato"". Infine, si deve cliccare su ""Dashboard"" per visualizzare i risultati e i report.', 'dashboard **8 dashboard cruscotto per la verifica dei prerequisiti** per accedere al cruscotto interattivo selezionare lopzione dashboard', 'dashboard **14 dashboard cruscotto di visualizzazione** azienda già associata al valutatore sarà possibile visualizzare tramite il cruscotto tutti gli allevamenti associati nella sezione selezione azienda è prevista la possibilità di visualizzare la tabella a schermo intero cliccando sullicona corrispondente filtri di selezione azienda non ancora associata al valutatore', ""[DASHBOARD] **3**  \n**0**  \n**2**  \n**1**  \n**10**  \n\n**Dashboard: Cruscotto Verifica Prerequisiti**  \nIl Valutatore visualizza nel cruscotto esclusivamente gli allevamenti assegnati dall'Organismo di Controllo (OdC).  \nÈ possibile visualizzare la tabella a schermo intero cliccando sull'icona corrispondente.  \n**Filtri di Selezione**  \nÈ prevista la possibilità di filtrare le aziende che soddisfano sia i Requisiti che i Prerequisiti.""]","Se non vedi la CL (Checklist) nella Dashboard, potrebbero esserci diverse ragioni:

1. **Tempo di Aggiornamento**: I risultati e i report potrebbero non essere ancora disponibili. Secondo la documentazione, i dati saranno visibili sulla dashboard entro 24-48 ore dal caricamento [Guida_Inserimento_Checklist_Benessere_e_biosicurezza_Bovino](11).

2. **Associazione Azienda**: Assicurati di essere associato all'allevamento corretto. Nella Dashboard, puoi visualizzare solo gli allevamenti associati al tuo profilo [Guida_Organismo_di_Certificatore_02-10-25](6).

3. **Filtri di Selezione**: Controlla i filtri applicati nella Dashboard. Potresti avere impostato dei filtri che escludono la visualizzazione della CL [Guida_Valutatore_23.10.25](15).

Se hai bisogno di ulteriore assistenza, considera di contattare il supporto tecnico.","Il report è visibile entro 48 ore dalla data di caricamento. Assicurarsi di aver associato l’azienda, di aver compilato correttamente la checklist e che sia presente la data di caricamento.",0.625,0.0,,0.5,0.26523369512998207,OK,True
"Perché esce la scritta ""Errore"" quando cerco un allevamento con la app?","['1. Selezionare l\'allevamento di interesse nella parte superiore sinistra dello schermo.  \nNota Bene: Gli allevamenti visualizzati nel menu a tendina sono quelli associati alla voce ""Selezione Azienda"".  \n\n2. Procedere quindi alla compilazione della checklist.  \n2.1. È possibile inserire il codice dell\'allevamento manualmente oppure selezionarlo dal menu a tendina.  \n\nComunicazione Esito Valutazione.', '1. Cliccare su ""Nuovo Allevamento"".\n2. Inserire il codice aziendale (es. 001XX001) e fare clic su ""Verifica"".\n   - Il sistema recupererà automaticamente i dati dell\'allevamento.\n3. Selezionare l\'Azienda.', ""1. Selezionare l'allevamento di interesse nella parte superiore sinistra dello schermo.  \nNota Bene: Gli allevamenti visualizzati nel menu a tendina sono quelli assegnati dall'Organismo di Controllo (OdC).  \n\n2. Procedere quindi alla compilazione della checklist.  \nÈ possibile inserire il codice dell'allevamento manualmente oppure selezionarlo dal menu a tendina.  \n\nCompilazione della Checklist di Valutazione:  \nQuesta operazione consente di ottenere in formato PDF la checklist completamente non compilata."", ""Per associarsi all'allevamento nel sistema integrato «ClassyFarm», seguire questi passaggi:\n\n1. Dopo aver scelto il proprio ruolo, cliccare su «Selezione Azienda».\n2. Procedere cliccando su «Nuovo Allevamento».\n3. Inserire il codice aziendale e poi cliccare su «Verifica».\n4. Cliccando su «Dettagli», è possibile visualizzare le informazioni relative all'allevamento, come la ragione sociale, la partita IVA e l'indirizzo.\n5. Selezionare la checklist che deve essere compilata per l'allevamento scelto. Si noti che, nel caso si disponga di un veterinario aziendale, il passaggio 4 non è necessario."", '1. Selezionare l\'allevamento di interesse nella parte superiore sinistra dello schermo.  \nNota Bene: Gli allevamenti visualizzati nel menu a tendina sono quelli precedentemente associati nella sezione ""Selezione Azienda"".  \n\n2. Procedere quindi alla compilazione del questionario.  \n\n**Compilazione del Questionario**  \nÈ possibile inserire il codice dell\'allevamento manualmente oppure selezionarlo dal menu a tendina.', 'Identificato con un pallino nero, l\'allevamento selezionato è circondato da altri allevamenti, rappresentati da pallini di colori variabili dal rosso al blu. Spostando il cursore sui pallini, è possibile visualizzare il codice, le coordinate geografiche degli allevamenti e la distanza in chilometri dall\'allevamento selezionato.\n\nIl colore dei pallini che identificano gli allevamenti limitrofi varia in base alla loro distanza dall\'allevamento selezionato, come segue:\n- Rosso scuro: 0-1,5 km\n- Rosso chiaro: 1,5-3 km\n- Blu: 3-5,5 km\n- Azzurro: 5,5-10 km\n\nÈ possibile ordinare gli allevamenti per colore (giudizio) cliccando su ""Liv."" e per i parametri di legge (Sì/No) su ""Rilev. Leg."" Cliccando su ""Risposta"", l\'ordinamento avverrà in modo alfabetico.', '**21  \nASSOCIAZIONE DI UN ALLEVAMENTO**  \nQuesta operazione è necessaria esclusivamente per il Veterinario Incaricato e il Veterinario Aziendale.\n\n1. Accedere a ClassyFarm e selezionare l\'opzione ""Selezione Azienda"".\n2. Cliccare sul pulsante ""Nuovo Allevamento"".\n3. Inserire il codice dell\'allevamento, cliccare sul pulsante ""Verifica"" e selezionare l\'allevamento da associare.\n4. Scegliere le tipologie di questionario che si desidera compilare tramite il menu a tendina.\n5. Caricare i documenti richiesti (si consiglia di utilizzare file in formato PDF; il modulo di autorizzazione è scaricabile al seguente link: https://www.classyfarm.it/index.php/register-it) e cliccare sul pulsante ""Conferma"" in fondo alla pagina.', '**www.classyfarm.it**  \n**IL SISTEMA CLASSYFARM**  \n**BIOSICUREZZA RUMINANTI - SINGOLO ALLEVAMENTO**  \n\nLa guida è disponibile per il download cliccando su ""Guida"".  \nSelezionando ""Dettaglio Risposte"", verrà visualizzata la lista delle risposte ottenute per il questionario selezionato. Nella colonna ""Liv."", il pallino verde indica che il requisito ha ottenuto un giudizio ottimale, il giallo un giudizio accettabile e il rosso un giudizio insufficiente. Nella colonna ""Rilev. Leg."", il ""Sì"" indica che il parametro rappresenta un requisito di legge.  \n\nCliccando su ""Risposte INSUFFICIENTI"", verrà mostrata la lista delle risposte insufficienti ottenute nell’allevamento selezionato, contrassegnate nella colonna ""Liv."" da un pallino rosso. Nella colonna ""Rilev. Leg."", il ""Sì"" indica che il parametro rappresenta un requisito di legge.  \n\nCliccando su ""Mappa"", verrà visualizzata l’ubicazione dell’allevamento selezionato, identificato con un pallino nero, e degli allevamenti circostanti, indicati con pallini di colori variabili dal rosso al blu; spostando il cursore sui...', 'Per associarsi all\'allevamento nel sistema integrato ""ClassyFarm"" e procedere con l\'inserimento della check-list per il benessere dei riproduttori, seguire i seguenti passaggi:\n\n1. Dopo aver scelto il proprio ruolo, cliccare su ""Selezione Azienda"".\n2. Selezionare l\'opzione ""Nuovo Allevamento"".\n3. Inserire il codice aziendale e cliccare su ""Verifica"".\n4. Cliccando su ""Dettagli"", sarà possibile visualizzare le informazioni relative all\'allevamento, come la ragione sociale, la partita IVA e l\'indirizzo.\n5. Infine, selezionare la check-list che deve essere compilata per l\'allevamento scelto. Si noti che, nel caso in cui si disponga di un veterinario aziendale, il passaggio 4 non è necessario.', ""Il sistema integrato «ClassyFarm» offre una guida per l'inserimento della check-list sull'app. Per associarsi all'allevamento, è necessario seguire alcuni passaggi. Innanzitutto, bisogna caricare tutti i documenti richiesti, che includono il documento di identità del veterinario, il documento di identità dell'allevatore e il modulo di autorizzazione, noto come «Modulo di richiesta di associazione». Una volta completata questa fase, si deve cliccare su «Conferma» per finalizzare il processo di associazione."", ""Ecco la tabella convertita in un elenco strutturato discorsivo:\n\n---\n\n**Sistema Integrato «ClassyFarm» - Guida all'inserimento della check-list su app**\n\nPer associarsi a un allevamento, seguire questi passaggi:\n\n1. Scegliere il proprio ruolo e cliccare su «Selezione Azienda».\n2. Cliccare su «Nuovo Allevamento».\n3. Inserire il codice aziendale e cliccare su «Verifica».\n4. Cliccando su «Dettagli», è possibile visualizzare le informazioni relative all’allevamento, come la ragione sociale, la partita IVA e l'indirizzo.\n5. Selezionare la check-list che deve essere compilata per quell’allevamento. Si noti che, nel caso di un veterinario aziendale, questo passaggio non è necessario.\n\n--- \n\nQuesto formato discorsivo rende le istruzioni più chiare e facilmente leggibili."", 'Il sistema integrato ""ClassyFarm"" offre una guida per l\'inserimento della check-list di valutazione del rischio relativo al taglio della coda. Per associarsi a un allevamento, è necessario seguire alcuni passaggi. \n\nIn primo luogo, dopo aver scelto il proprio ruolo, bisogna cliccare su ""Selezione Azienda"". Successivamente, si deve selezionare l\'opzione ""Nuovo Allevamento"". A questo punto, è necessario inserire il codice aziendale e cliccare su ""Verifica"". \n\nUna volta completata questa fase, è possibile cliccare su ""Dettagli"" per controllare i dati dell\'allevamento, come la ragione sociale, la partita IVA e l\'indirizzo. Infine, si deve selezionare la check-list che dovrà essere compilata per quell\'allevamento. È importante notare che, nel caso in cui si disponga di un veterinario aziendale, il passaggio di selezione della check-list non è necessario.', 'per completare la check list segui i seguenti passaggi 1 inizia installando lapplicazione puoi scaricarla dagli store per android e ios ipad se utilizzi windows 10 dovrai cliccare su installazione app classyfarm nellelenco a sinistra dopo aver selezionato trasmissione check list ricorda di consultare la guida disponibile sulla stessa pagina è importante verificare sempre che la versione installata sia aggiornata per farlo clicca su installa/aggiorna app 2 una volta installata lapp accedi cliccando su vai a mobile passaggio 2 1 e poi sul logo passaggio 2 2 della piattaforma che stai utilizzando per aprire lapp 3 infine clicca su apri classyfarm quando appare lavviso in questo modo si aprirà lapp', 'la preparazione della razione alimentare per gli animali deve seguire alcune linee guida fondamentali per garantire la salute e il benessere degli stessi innanzitutto è essenziale che la procedura di preparazione sia facilmente accessibile a tutti gli operatori coinvolti questo implica che le istruzioni devono essere chiare e comprensibili e che siano specificati i tempi e le temperature di miscelazione del latte un aspetto ottimale della preparazione è la presenza di una procedura scritta che dovrebbe essere accompagnata da sistemi computerizzati per la preparazione e la miscelazione al contrario lassenza totale di una procedura scritta è un elemento di preoccupazione specialmente in un contesto di allevamento intensivo di vitelli a carne bianca poiché potrebbe indicare un rischio di variazioni nella formulazione del pasto inoltre è consigliabile utilizzare un conta litri per misurare con precisione la quantità di alimento somministrata a ciascun animale se letà degli animali lo richiede è importante anche luso di tettarelle per le quali è fondamentale controllare regolarmente lintegrità e la pulizia infine per valutare lidoneità dellalimentazione degli animali è possibile effettuare unanalisi approfondita della razione fornita', 'www.classyfarm.it  \nSelezionando la voce ""Tabella Allevamenti"", sarà possibile visualizzare l\'elenco degli allevamenti, con dettagli specifici relativi a ciascun allevamento, in base alla selezione della categoria e della quota desiderata (quota regionale, casuale, a rischio e piccole dimensioni).  \n\nCRITERI DI SELEZIONE:  \n- Allevamenti di grandi dimensioni  \n- Quota a rischio  \n- Quota regionale  \n- Quota casuale  \n- Allevamenti di piccole dimensioni  \n- Quota regionale  \n\nRISCHIO-PROGRAMMAZIONE']","La scritta ""Errore"" potrebbe apparire quando cerchi un allevamento con l'app per diversi motivi. Ecco alcune possibili cause:

1. **Codice Aziendale Errato**: Assicurati di inserire correttamente il codice aziendale. Se il codice è errato o non esiste nel sistema, potrebbe generare un errore.

2. **Allevamento Non Associato**: Verifica che l'allevamento che stai cercando sia effettivamente associato alla tua ""Selezione Azienda"". Gli allevamenti visualizzati nel menu a tendina sono solo quelli associati.

3. **Problemi di Connessione**: Potrebbe esserci un problema di connessione a Internet che impedisce il corretto funzionamento dell'app.

4. **Aggiornamenti dell'App**: Assicurati che l'app sia aggiornata all'ultima versione disponibile. Puoi controllare e aggiornare l'app seguendo le istruzioni nella guida disponibile sulla pagina di ClassyFarm.

Se il problema persiste, ti consiglio di contattare il supporto tecnico per assistenza.","È necessario aggiornare l’app; in alternativa è possibile utilizzare il sistema ""Questionari"".",0.45454545454545453,0.9588363541124876,,1.0,0.11649854031125467,OK,True
Perché non riesco ad associare l’azienda?,"[""**Selezione Azienda**  \nPer associare un'azienda, selezionare l'opzione: «Selezione Azienda»  \n6"", ""**7. Selezione dell'Azienda**  \nPer associare un'azienda, selezionare l'opzione: «Selezione Azienda»."", 'Il Valutatore può essere associato all\'azienda immediatamente oppure in un secondo momento. \n\n6. Cliccare su ""Conferma""; successivamente apparirà una finestra in cui sarà necessario confermare nuovamente (7).\n\n**Selezione Azienda**\n\nNota Bene: I Valutatori visualizzati nel menu a tendina sono quelli precedentemente associati nella sezione ""Selezione Valutatore"".', '1. Cliccare su ""Nuovo Allevamento"".\n2. Inserire il codice aziendale (es. 001XX001) e fare clic su ""Verifica"".\n   - Il sistema recupererà automaticamente i dati dell\'allevamento.\n3. Selezionare l\'Azienda.', ""Per associarsi all'allevamento nel sistema integrato «ClassyFarm», seguire questi passaggi:\n\n1. Dopo aver scelto il proprio ruolo, cliccare su «Selezione Azienda».\n2. Procedere cliccando su «Nuovo Allevamento».\n3. Inserire il codice aziendale e poi cliccare su «Verifica».\n4. Cliccando su «Dettagli», è possibile visualizzare le informazioni relative all'allevamento, come la ragione sociale, la partita IVA e l'indirizzo.\n5. Selezionare la checklist che deve essere compilata per l'allevamento scelto. Si noti che, nel caso si disponga di un veterinario aziendale, il passaggio 4 non è necessario."", ""**PAG**  \nSistema Integrato «ClassyFarm» - Guida per Delegati Operatori - Filiera o Gruppo  \n\n**Procedura per l'abbinamento all'allevamento:**  \n1. Dopo aver selezionato il profilo, cliccare su «Selezione Azienda».  \n2. Cliccare su «Nuovo Allevamento».  \n3. Inserire il codice aziendale e cliccare su «Verifica».  \n\n**CARICAMENTO DELEGA**  \n1. Cliccando su «Dettagli», è possibile visualizzare le informazioni relative all'allevamento (Ragione sociale, Partita IVA, Indirizzo, ecc.).  \n(N.B. Se sono presenti più allevamenti, è necessario SELEZIONARE l'allevamento desiderato dall'elenco fornito in base al codice aziendale.)"", ""**ISTRUZIONI PER L'ASSOCIAZIONE DEL VALUTATORE**\n\n1. Inserire il codice fiscale del Valutatore che si desidera associare.\n2. Cliccare su «Cerca».\n\nSe il Valutatore è già abilitato in ClassyFarm, il sistema troverà una corrispondenza e sarà sufficiente selezionarlo dal menu a tendina.\n\nSe il Valutatore non è abilitato in ClassyFarm, sarà comunque possibile associarlo creando un'utenza.\n\n**Selezione Valutatore**  \nValutatori già associati dall'Odc."", '**21  \nASSOCIAZIONE DI UN ALLEVAMENTO**  \nQuesta operazione è necessaria esclusivamente per il Veterinario Incaricato e il Veterinario Aziendale.\n\n1. Accedere a ClassyFarm e selezionare l\'opzione ""Selezione Azienda"".\n2. Cliccare sul pulsante ""Nuovo Allevamento"".\n3. Inserire il codice dell\'allevamento, cliccare sul pulsante ""Verifica"" e selezionare l\'allevamento da associare.\n4. Scegliere le tipologie di questionario che si desidera compilare tramite il menu a tendina.\n5. Caricare i documenti richiesti (si consiglia di utilizzare file in formato PDF; il modulo di autorizzazione è scaricabile al seguente link: https://www.classyfarm.it/index.php/register-it) e cliccare sul pulsante ""Conferma"" in fondo alla pagina.', 'Per associarsi all\'allevamento nel sistema integrato ""ClassyFarm"" e procedere con l\'inserimento della check-list per il benessere dei riproduttori, seguire i seguenti passaggi:\n\n1. Dopo aver scelto il proprio ruolo, cliccare su ""Selezione Azienda"".\n2. Selezionare l\'opzione ""Nuovo Allevamento"".\n3. Inserire il codice aziendale e cliccare su ""Verifica"".\n4. Cliccando su ""Dettagli"", sarà possibile visualizzare le informazioni relative all\'allevamento, come la ragione sociale, la partita IVA e l\'indirizzo.\n5. Infine, selezionare la check-list che deve essere compilata per l\'allevamento scelto. Si noti che, nel caso in cui si disponga di un veterinario aziendale, il passaggio 4 non è necessario.', ""**11  \nSelezione Azienda**  \nPossibilità di scaricare un file CSV contenente un riepilogo delle aziende associate all'Ordine dei Commercialisti (OdC)."", ""[DASHBOARD] **Sistema Integrato «ClassyFarm» - Guida per l'Operatore e i suoi Delegati**\n\n**PAG**  \n**SCELTA DELL'AMBIENTE**  \n25  \n\n1. Selezionare l'opzione «Selezione Azienda» per associare il proprio profilo all'allevamento.  \n2. Cliccare su «Dashboard» per accedere alla consultazione dei cruscotti.  \n\n**Nome utente e profilo selezionato; cliccare qui per modificare il profilo.**"", '**ISTRUZIONI PER L\'ASSOCIAZIONE DI UN ALLEVAMENTO**\n\nPrima di procedere con l\'inserimento della checklist, è fondamentale associare l\'allevamento di interesse.\n\n1. Cliccare sul pulsante ""Nuovo Allevamento"".\n2. Inserire il codice dell\'allevamento, quindi cliccare sul pulsante ""Verifica"" e selezionare l\'allevamento da associare.', '**istruzioni per lassociazione di un allevamento** prima di procedere con linserimento della checklist è fondamentale associare lallevamento di interesse 1 cliccare sul pulsante nuovo allevamento 2 inserire il codice dellallevamento quindi cliccare sul pulsante verifica e selezionare lallevamento da associare', '**istruzioni per lassociazione del valutatore** 1 inserire il codice fiscale del valutatore che si desidera associare 2 cliccare su cerca se il valutatore è già abilitato in classyfarm il sistema troverà una corrispondenza e sarà sufficiente selezionarlo dal menu a tendina se il valutatore non è abilitato in classyfarm sarà comunque possibile associarlo creando unutenza **selezione valutatore** valutatori già associati dallodc', '[ASSISTENZA_TELEFONICA] [INVIO_EMAIL] Benvenuti al servizio di assistenza ClassyFarm. In questa pagina, avrete la possibilità di inserire le vostre richieste di assistenza per il sistema ClassyFarm. Per iniziare, vi invitiamo a seguire attentamente la procedura di richiesta accesso.\n\nIn primo luogo, dovrete inserire l\'email nel campo indicato per ricevere la conferma della vostra richiesta. Assicuratevi di compilare il form con i dati personali e dell\'allevamento, inclusi nome, cognome, data di nascita, codice fiscale e altri dettagli richiesti. Se non possedete un\'utenza Vetinfo o se l\'avete dimenticata, vi preghiamo di lasciare il campo corrispondente vuoto.\n\nSuccessivamente, utilizzate il pulsante ""Sfoglia"" per allegare il modulo di adesione e il documento di identità, sia fronte che retro. È fondamentale che, prima di inviare la richiesta, verifichiate che tutti i dati siano corretti. Solo dopo aver effettuato questa verifica, potrete cliccare su ""Invia"" per inoltrare la vostra richiesta.\n\nDopo l\'invio, attendete un\'email di default che confermerà il codice CSD e il corretto invio della vostra richiesta. Infine, restate in attesa dell\'email di avvenuta abilitazione, che vi informerà sull\'esito della vostra richiesta.\n\nGrazie per aver scelto il servizio di assistenza ClassyFarm. Siamo qui per aiutarvi!']","Se non riesci ad associare l'azienda, verifica di seguire correttamente i passaggi indicati. Assicurati di:

1. Cliccare su ""Selezione Azienda"".
2. Selezionare ""Nuovo Allevamento"".
3. Inserire il codice aziendale e cliccare su ""Verifica"".

Se il sistema non recupera i dati dell'allevamento, potrebbe essere necessario controllare che il codice inserito sia corretto o che l'azienda sia già registrata nel sistema. Inoltre, assicurati di avere i permessi necessari per effettuare questa operazione.

Se hai bisogno di ulteriore assistenza, puoi contattare il servizio di supporto di ClassyFarm via email a [mailto:[EMAIL_RIMOSSO]](mailto:[EMAIL_RIMOSSO]).",È possibile che l’azienda sia associata a un altro veterinario aziendale.,0.625,0.0,,0.0,0.132676883176941,OK,True
Come faccio a cancellare una CL?,"['**SISTEMA QUESTIONARI**\n\nÈ possibile procedere con l\'eliminazione di un nuovo questionario selezionando l\'opzione ""Azioni"" e successivamente ""Cancella"". In alcune circostanze, prima di poter procedere con la cancellazione del questionario, è necessario modificare una delle risposte e salvare le modifiche. \n\n**ELIMINAZIONE DI UN QUESTIONARIO**', 'Il documento fornisce istruzioni per la pulizia della cache nel contesto del Sistema Integrato «ClassyFarm», specificamente per la guida all\'inserimento della check-list di valutazione del rischio per il taglio della coda. \n\nPer iniziare, è necessario selezionare l\'opzione «Cancella dati di navigazione». Successivamente, si devono seguire alcuni passaggi:\n\n1. Selezionare la scheda ""Avanzate"".\n2. Scegliere l\'opzione «Tutto» per l\'intervallo di tempo.\n3. Spuntare tutte le voci, ad eccezione di «Password e altri dati di accesso».\n4. Cliccare su «Cancella dati».\n\nInfine, è consigliato chiudere e riaprire il browser per completare il processo.', '**18  \nSISTEMA QUESTIONARI**  \nÈ possibile eliminare un nuovo questionario selezionando l\'opzione ""Azioni"" e successivamente ""Copia"".  \n**COPIARE UN QUESTIONARIO**', 'Il ""Sistema Integrato «ClassyFarm»"" offre una guida per l\'inserimento della check-list sull\'app. Nella sezione dedicata all\'associazione, viene spiegato come rimuovere l\'associazione all\'allevamento.', 'Il documento fornisce istruzioni per l\'inserimento della check-list sul benessere dei riproduttori all\'interno del sistema integrato ""ClassyFarm"". Prima di procedere, è necessario effettuare una pulizia della cache del browser. \n\nPer farlo, seguire questi passaggi:\n\n1. Selezionare l\'opzione ""Cancella dati di navigazione"".\n2. Nella sezione avanzata, scegliere l\'intervallo di tempo impostando ""tutto"".\n3. Spuntare tutte le voci, ad eccezione di ""Password e altri dati di accesso"".\n4. Cliccare su ""Cancella dati"".\n\nUna volta completata questa operazione, è consigliabile chiudere e riaprire il browser per garantire che le modifiche abbiano effetto.', 'Il sistema integrato ""ClassyFarm"" offre una guida per l\'inserimento della check-list relativa al benessere durante le fasi di svezzamento e ingrasso. Per garantire un corretto funzionamento del sistema, è importante eseguire una pulizia della cache del browser. \n\nPer procedere con la pulizia della cache, segui questi passaggi:\n\n1. Seleziona l\'opzione ""Cancella dati di navigazione"".\n2. Nella finestra che si apre, scegli la scheda ""Avanzate"".\n3. Imposta l\'intervallo di tempo su ""Tutto"".\n4. Assicurati di spuntare tutte le voci, ad eccezione di ""Password e altri dati di accesso"".\n5. Clicca su ""Cancella dati"".\n\nUna volta completata questa operazione, chiudi e riapri il browser per applicare le modifiche.', '**PAG**  \nSistema Integrato «ClassyFarm» - Guida per Delegati Operatori - Filiera o Gruppo  \n\nPer selezionare preliminarmente il Veterinario Aziendale o revocare la nomina:  \n1. Accedere a VETINFO  \n2. Selezionare ClassyFarm → ClassyFarm 2.0  \n3. Selezionare il PROFILO  \n   1. Cliccare su ""Selezione Veterinario Aziendale""  \n   2. Nella sezione ""Dottore"", cliccare, cercare e selezionare il professionista abilitato.  \n   **Nota Bene:** Il Veterinario Aziendale dovrà validare e caricare la documentazione come indicato nella guida specifica.  \n   3. Cliccare su ""Conferma"".  \n   **Nota Bene:** Per revocare la nomina, cliccare su [icona di revoca] e poi su ""Conferma"".  \n\n**SCELTA E REVOCA DEL VETERINARIO AZIENDALE**  \n\n1. Consultare la GUIDA AI CRUSCOTTI INTERATTIVI al seguente link: www.classyfarm.it  \n2.  \n3.', ""[DASHBOARD] **Sistema Integrato «ClassyFarm» - GUIDA ALL'INSERIMENTO DEL CONTROLLO FARMACOSORVEGLIANZA**\n\n**PAGINA 7**\n\n**SCELTA DELL'AMBIENTE**\n\n1. Cliccare su «Dashboard» per accedere alla consultazione dei cruscotti.\n2. Cliccare su «Trasmissione Checklist» per accedere alla compilazione del controllo.\n\n**Nome utente e ruolo selezionato. Cliccare qui per modificare il ruolo.**"", 'Il sistema integrato ""ClassyFarm"" offre una guida per l\'inserimento della check-list tramite l\'app. È importante rispettare il termine di inserimento della check-list. Nella home dell\'app, gli utenti possono visualizzare sia i questionari in fase di compilazione che quelli già completati.\n\nPer i questionari non completati e non caricati, gli utenti hanno due opzioni: possono cliccare direttamente sul questionario per aprirlo e modificarlo o completarlo, oppure possono utilizzare l\'icona a forma di ""cestino"" per cancellare il questionario.\n\nPer quanto riguarda i questionari completati e caricati, che mostrano nel campo ""Completion Time"" la data e l\'ora dell\'upload, gli utenti possono cliccare sul questionario per modificarlo. Tuttavia, è importante notare che i questionari caricati possono essere modificati solo entro una settimana dall\'upload; trascorso questo termine, non sarà più possibile effettuare modifiche. Inoltre, i questionari completati e caricati non possono essere cancellati.', 'Il sistema integrato ""ClassyFarm"" offre una guida per l\'inserimento della check-list per la valutazione del rischio relativo al taglio della coda. Una volta completata la compilazione della check-list, è necessario seguire alcuni passaggi per finalizzare il processo.\n\nIn primo luogo, dopo aver cliccato su ""Salva"", apparirà una finestra di avviso che conferma che il questionario è completo e che può essere caricato. A questo punto, è necessario cliccare su ""Ok"" per procedere. \n\nSuccessivamente, si deve cliccare su ""Carica"" per caricare il questionario. Una volta completato il caricamento, comparirà un\'altra finestra che conferma che il questionario è stato caricato con successo; anche in questo caso, è necessario cliccare su ""Ok"".\n\nInfine, per uscire dal questionario appena completato e tornare alla home, si deve cliccare sull\'icona ""Albero di navigazione"" e selezionare ""Home"". \n\nQuesti passaggi garantiscono una corretta gestione della check-list e facilitano il ritorno alla schermata principale del sistema.', '**presenza di unarea adeguata** è necessaria una superficie sufficientemente ampia coperta da materiale idoneo ad esempio tappetini è altresì richiesta la disponibilità di una fonte di calore appropriata ad esempio lampade a infrarossi riferimenti normativi 122/2011 allegato parte ii lettera b punto 5 e parte ii lettera c punto 2 cl min 8 c **materiale manipolabile** è obbligatorio fornire materiale per la nidificazione riferimenti normativi 122/2011 allegato parte ii lettera a punti 1 e 2 cl min 20 a 122/2011 allegato parte ii lettera c punto 1 cl min 8 d **libertà di movimento** è necessario garantire uno spazio sufficiente per lo stallo da parto **elemento di verifica** spazio a disposizione adeguato istituto zooprofilattico sperimentale della lombardia e dellemilia romagna', '**riferimento normativo 122/2011 allegato parte ii lettera b punto 3 cl min 21 b** nella settimana antecedente al parto previsto le scrofe e le scrofette devono avere accesso a una lettiera adeguata in quantità sufficiente salvo che ciò non sia tecnicamente realizzabile in base al sistema di smaltimento dei liquami adottato nello stabilimento è necessario verificare la disponibilità di materiali assenza di protezioni per i suinetti e/o mancanza di spazio sufficiente per lallattamento senza difficoltà presenza di protezioni per i suinetti e disponibilità di spazio adeguato per lallattamento senza difficoltà lettiera assente o insufficiente **libertà di movimento conformità delle pavimentazioni per suinetti lattonzoli e fonte di calore** **riferimento normativo 122/2011 allegato parte ii lettera a punto 1 cl min 20 b** **pavimentazioni spazio disponibile per i verri** una porzione del pavimento deve essere sufficientemente ampia per consentire agli animali di riposare insieme contemporaneamente', ""• di accettare le condizioni del servizio;  \n• di essere consapevole che i dati personali forniti saranno trattati in conformità alla normativa vigente sulla privacy dal sistema ClassyFarm per:  \n  o le operazioni di accesso e profilazione al sistema;  \n  o l'invio di comunicazioni via e-mail relative al funzionamento del sistema;  \n• di essere a conoscenza delle conseguenze penali previste dal D.P.R. 445/2000 in caso di dichiarazioni false e mendaci.  \n\nCHIEDE  \nl'accesso al sistema ClassyFarm con il ruolo di Operatore.  \n\nFIRMA  \n………………………………, lì ………………………  \n………………………………..  \n\nAllegare copia del documento d'identità."", '**migliorabile** **ottimale** **elemento di verifica** 15 n°20 **tipologia** insufficiente migliorabile ottimale **distribuzione di acqua** razionata o abbeverata non permanente oppure abbeveratoi non accessibili o non puliti riferimenti normativi 146/2001 all mangimi acqua e altre sostanze punto 16 e 122/2011 all 1 parte i punto 7 cl min 10 7 **strutture ed attrezzature acqua di abbeverata** disponibilità presenza di un abbeveratoio funzionante a imbocco tazza uno per box o abbeveratoio permanente con rabbocco automatico es sistema a galleggiante accessibile e pulito **fabbisogno idrico** 10 20 kg 20 30 kg 30 50 kg **materiali manipolabili** presenza di più materiali di categoria sub ottimale o una commistione di materiali almeno un marginale e un subottimale complementari in grado di garantire tutte le proprietà dei materiali idonei riferimenti normativi 122/2011 all 1 parte i punto 6 cl min 10 4 122/2011 all 1 parte i punto 4 e parte ii lettera d punto 3 cl min 2 8 e 9 1 e raccomandazione ue 2016/336', '**3 prima di accedere** per prevenire eventuali problemi e rallentamenti durante la compilazione dei controlli si consiglia di utilizzare una versione aggiornata di google chrome svuotare la cache del browser seguendo le istruzioni disponibili al seguente link cancellare la cache del browser https //support google com/accounts/answer/32050 hl=it&co=genie platform%3ddesktop']","Per cancellare una CL (check-list), segui questi passaggi:

1. Accedi al sistema integrato ""ClassyFarm"".
2. Nella home dell'app, individua il questionario che desideri cancellare.
3. Per i questionari non completati e non caricati, puoi utilizzare l'icona a forma di ""cestino"" per cancellare il questionario.
4. Se il questionario è già stato completato e caricato, non sarà possibile cancellarlo. Tieni presente che i questionari caricati possono essere modificati solo entro una settimana dall'upload; dopo questo termine, non sarà più possibile effettuare modifiche.

Assicurati di seguire questi passaggi con attenzione per gestire correttamente le check-list nel sistema.",Entro 10 giorni dalla data di caricamento è possibile cancellare una CL.,1.0,0.5594719575095971,,0.0,0.1601326954604075,OK,True
Come faccio a modificare una CL?,"['**SISTEMA QUESTIONARI**\n\nSelezionare il questionario di interesse, quindi cliccare su ""Azioni"" e successivamente su ""Modifica"". \n\n**MODIFICA DI UN QUESTIONARIO**', '**SISTEMA QUESTIONARI**\n\n**CREAZIONE DI UN NUOVO QUESTIONARIO**\n\n1. Selezionare la specie e fare clic su ""Prossima"".\n2. Selezionare la tipologia di CL e fare clic su ""Vai alla testata"".', '**Checklist Salvata in Bozza**\n\n3. Selezionare il questionario da modificare, fare clic su e poi su «Modifica».  \n21', '**Sistema Integrato «ClassyFarm» - GUIDA ALL\'INSERIMENTO DEL CONTROLLO FARMACOSORVEGLIANZA**\n\nIn caso di necessità di modificare la data relativa alle prescrizioni:\n\n1. Utilizzare la funzione ""Copia"" → cliccare sul pulsante e attendere → verrà creata una copia identica del controllo con tutte le risposte già fornite per quel controllo dell\'azienda → apportare le modifiche necessarie, giustificando nei campi di testo il motivo della variazione → caricare il nuovo controllo.\n\n**MODIFICA DATA PRESCRIZIONI**  \n30', ""[DASHBOARD] **Sistema Integrato «ClassyFarm» - GUIDA ALL'INSERIMENTO DEL CONTROLLO FARMACOSORVEGLIANZA**\n\n**PAGINA 7**\n\n**SCELTA DELL'AMBIENTE**\n\n1. Cliccare su «Dashboard» per accedere alla consultazione dei cruscotti.\n2. Cliccare su «Trasmissione Checklist» per accedere alla compilazione del controllo.\n\n**Nome utente e ruolo selezionato. Cliccare qui per modificare il ruolo.**"", 'Ecco la riscrittura in italiano professionale mantenendo i dati tecnici:\n\n""""""(PROGRAMMI CASUALI), \n4. CONTROLLATO OK = ESITO FAVOREVOLE, \n5. NON CONFORME = CONTROLLATO ESITO SFAVOREVOLE, \n6. CHIUSO\n12. MODIFICATO DA: UTENTE RESPONSABILE DELL\'INSERIMENTO DEL CONTROLLO \n13. DATA DELL\'ULTIMA MODIFICA \n14. MOTIVAZIONE DELL\'AGGIORNAMENTO (CONTROLLO IN LOCO)""""""', '**Fase 2 – Comunicazione di Sostituzione**\n\n- Eliminare le righe relative agli allevamenti non interessati dalla sostituzione, mantenendo esclusivamente le righe degli allevamenti che necessitano di tale intervento.\n- Nella colonna ""Motivazione"" inserire:\n  - La motivazione del cambiamento (colonna ""Motivazione"")\n  - La data del giorno in cui viene compilato il file (colonna ""Ultima Modifica"")\n  - Il nome del responsabile che ha comunicato la necessità del cambiamento (colonna ""Modificato da"")\n\n| Allevamento | Cod. Azienda | Denominazione Allevamento | Cod. ASL | Distretto | Rank | Attributo | Capi | Mortalità DDD (Far) | DDDcia (Far) | Alert | Farmaco CU | Ben | CU ABM | Ins | TC | TC tutti | GMP | Scorta | Reg Tratt CU | Far P | Dettaglio | Autocontrollo | Data Controllo | Stato | Modificato da | Ultima Modifica | Motivazione | Chiave |\n|-------------|--------------|---------------------------|-----------|-----------|------|-----------|------|---------------------|--------------|-------|-------------|-----|---------|-----|----|----------|-----|--------|---------------|-------|-----------|----------------|----------------|-------|----------------|----------------|-------------|--------|\n| 001BS       | 001BS        | Az. agr                   | C326      | ND        | 115  | Controllabile | 2400 | 4                   | SI           | NO    | NO          | 74,2 | ALLEVAMENTI DA CONTROLLARE RISCHIO | DR. abc | 06-06-2022 | CHIUSO | 001bs… | esempio |\n\nSi prega di seguire queste indicazioni con attenzione per garantire la corretta gestione delle sostituzioni.', '**Sistema Integrato «ClassyFarm» - GUIDA PER L\'INSERIMENTO DEL CONTROLLO FARMACOSORVEGLIANZA**\n\n**PAGINA**  \n**COMPILAZIONE DEL CONTROLLO**  \n**22**  \n\n**7. PROVVEDIMENTI ADOTTATI**  \n1. Rispondere a tutte le domande (barrare ""NA"" quando non applicabili).  \n2. Salvare e procedere alla sezione successiva (2.1).  \n**2.1**  \n**2**  \n**1**', ""[DASHBOARD] **Sistema Integrato «ClassyFarm» - GUIDA ALL'INSERIMENTO DEL CONTROLLO BIOSICUREZZA PER SUINI**\n\n**PAGINA 7**\n\n**SCELTA DELL'AMBIENTE**\n\n1. Cliccare su «Dashboard» per accedere alla consultazione dei cruscotti.\n2. Cliccare su «Trasmissione Checklist» per accedere alla compilazione del controllo.\n\n**Nome utente e ruolo selezionato. Cliccare qui per modificare il ruolo.**"", ""[DASHBOARD] **Sistema Integrato «ClassyFarm» - Guida per l'Operatore e i suoi Delegati**\n\n**PAG**  \n**SELEZIONE DELL'AMBIENTE**  \n20  \n\n1. Cliccare su «Dashboard» per accedere alla consultazione dei cruscotti.  \n1. Nome utente e profilo selezionato; cliccare qui per modificare il profilo."", '**presenza di unarea adeguata** è necessaria una superficie sufficientemente ampia coperta da materiale idoneo ad esempio tappetini è altresì richiesta la disponibilità di una fonte di calore appropriata ad esempio lampade a infrarossi riferimenti normativi 122/2011 allegato parte ii lettera b punto 5 e parte ii lettera c punto 2 cl min 8 c **materiale manipolabile** è obbligatorio fornire materiale per la nidificazione riferimenti normativi 122/2011 allegato parte ii lettera a punti 1 e 2 cl min 20 a 122/2011 allegato parte ii lettera c punto 1 cl min 8 d **libertà di movimento** è necessario garantire uno spazio sufficiente per lo stallo da parto **elemento di verifica** spazio a disposizione adeguato istituto zooprofilattico sperimentale della lombardia e dellemilia romagna', '**riferimento normativo 122/2011 allegato parte ii lettera b punto 3 cl min 21 b** nella settimana antecedente al parto previsto le scrofe e le scrofette devono avere accesso a una lettiera adeguata in quantità sufficiente salvo che ciò non sia tecnicamente realizzabile in base al sistema di smaltimento dei liquami adottato nello stabilimento è necessario verificare la disponibilità di materiali assenza di protezioni per i suinetti e/o mancanza di spazio sufficiente per lallattamento senza difficoltà presenza di protezioni per i suinetti e disponibilità di spazio adeguato per lallattamento senza difficoltà lettiera assente o insufficiente **libertà di movimento conformità delle pavimentazioni per suinetti lattonzoli e fonte di calore** **riferimento normativo 122/2011 allegato parte ii lettera a punto 1 cl min 20 b** **pavimentazioni spazio disponibile per i verri** una porzione del pavimento deve essere sufficientemente ampia per consentire agli animali di riposare insieme contemporaneamente', 'Ecco la conversione della tabella in un elenco strutturato discorsivo:\n\n---\n\nLa prima domanda riguarda la destinazione dei suini a fine ciclo, chiedendo se sono destinati esclusivamente a macelli industriali. Le risposte possibili sono ""Sì"", ""No"" o ""N/A"" (non applicabile). \n\nIn caso di risposta, è richiesto di fornire un motivo che giustifichi la scelta effettuata.\n\n---\n\nSe hai bisogno di ulteriori modifiche o aggiustamenti, fammi sapere!', '**migliorabile** **ottimale** **elemento di verifica** 15 n°20 **tipologia** insufficiente migliorabile ottimale **distribuzione di acqua** razionata o abbeverata non permanente oppure abbeveratoi non accessibili o non puliti riferimenti normativi 146/2001 all mangimi acqua e altre sostanze punto 16 e 122/2011 all 1 parte i punto 7 cl min 10 7 **strutture ed attrezzature acqua di abbeverata** disponibilità presenza di un abbeveratoio funzionante a imbocco tazza uno per box o abbeveratoio permanente con rabbocco automatico es sistema a galleggiante accessibile e pulito **fabbisogno idrico** 10 20 kg 20 30 kg 30 50 kg **materiali manipolabili** presenza di più materiali di categoria sub ottimale o una commistione di materiali almeno un marginale e un subottimale complementari in grado di garantire tutte le proprietà dei materiali idonei riferimenti normativi 122/2011 all 1 parte i punto 6 cl min 10 4 122/2011 all 1 parte i punto 4 e parte ii lettera d punto 3 cl min 2 8 e 9 1 e raccomandazione ue 2016/336', 'il suino presenta difficoltà nel processo di termoregolazione a causa della ridotta presenza di ghiandole sudoripare e di una bassa volemia pertanto in condizioni di elevate temperature associate a unalta umidità relativa i suini possono subire stress termico questi animali sono particolarmente sensibili alle alte temperature ambientali e tendono a modificare il loro comportamento per proteggersi in situazioni di caldo infatti adottano una posizione di decubito laterale che massimizza la superficie corporea esposta allaria e al contatto con il pavimento inoltre cercano posizioni isolate lontano dai compagni di box e preferibilmente in aree con maggiori correnti daria riducendo il livello di attività e limitando']","Per modificare una CL (Checklist), segui questi passaggi:

1. Seleziona il questionario di interesse.
2. Clicca su ""Azioni"".
3. Seleziona ""Modifica"".

Se stai lavorando con una checklist salvata in bozza, il processo è simile:

1. Seleziona il questionario da modificare.
2. Clicca su ""Modifica"".

Assicurati di apportare le modifiche necessarie e, se richiesto, giustifica le variazioni nei campi di testo appropriati.",Entro 10 giorni dalla data di caricamento è possibile modificare una CL.,1.0,0.41721071759765405,,0.0,0.1517479693479408,OK,True
Perché non riesco a trovare l’allevamento quando compilo una CL?,"['1. Selezionare l\'allevamento di interesse nella parte superiore sinistra dello schermo.  \nNota Bene: Gli allevamenti visualizzati nel menu a tendina sono quelli associati alla voce ""Selezione Azienda"".  \n\n2. Procedere quindi alla compilazione della checklist.  \n2.1. È possibile inserire il codice dell\'allevamento manualmente oppure selezionarlo dal menu a tendina.  \n\nComunicazione Esito Valutazione.', ""1. Selezionare l'allevamento di interesse nella parte superiore sinistra dello schermo.  \nNota Bene: Gli allevamenti visualizzati nel menu a tendina sono quelli assegnati dall'Organismo di Controllo (OdC).  \n\n2. Procedere quindi alla compilazione della checklist.  \nÈ possibile inserire il codice dell'allevamento manualmente oppure selezionarlo dal menu a tendina.  \n\nCompilazione della Checklist di Valutazione:  \nQuesta operazione consente di ottenere in formato PDF la checklist completamente non compilata."", '1. Selezionare l\'allevamento di interesse nella parte superiore sinistra dello schermo.  \nNota Bene: Gli allevamenti visualizzati nel menu a tendina sono quelli precedentemente associati nella sezione ""Selezione Azienda"".  \n\n2. Procedere quindi alla compilazione del questionario.  \n\n**Compilazione del Questionario**  \nÈ possibile inserire il codice dell\'allevamento manualmente oppure selezionarlo dal menu a tendina.', 'Il sistema integrato ""ClassyFarm"" offre una guida per l\'inserimento della check-list tramite l\'app. Per compilare la check-list, è necessario seguire alcuni passaggi.\n\nInnanzitutto, si deve inserire il codice di allevamento. Successivamente, è necessario cliccare sulla lente d’ingrandimento, che funge da funzione di ricerca, per cercare l\'allevamento nel BDN (Banca Dati Nazionale). Una volta effettuata la ricerca, il sistema restituirà un elenco di allevamenti che corrispondono al codice aziendale inserito. A questo punto, è sufficiente selezionare l\'allevamento desiderato con un click. Il sistema provvederà automaticamente a completare i dati anagrafici dell\'allevamento utilizzando le informazioni disponibili nel BDN. È importante notare che non bisogna inserire il prefisso ""IT"" o eventuali sottocodici, come ad esempio ""/2"".\n\nInfine, si procederà con la compilazione della testata del questionario.', '**www.classyfarm.it**  \n**IL SISTEMA CLASSYFARM**  \n**BIOSICUREZZA RUMINANTI - SINGOLO ALLEVAMENTO**  \n\nLa guida è disponibile per il download cliccando su ""Guida"".  \nSelezionando ""Dettaglio Risposte"", verrà visualizzata la lista delle risposte ottenute per il questionario selezionato. Nella colonna ""Liv."", il pallino verde indica che il requisito ha ottenuto un giudizio ottimale, il giallo un giudizio accettabile e il rosso un giudizio insufficiente. Nella colonna ""Rilev. Leg."", il ""Sì"" indica che il parametro rappresenta un requisito di legge.  \n\nCliccando su ""Risposte INSUFFICIENTI"", verrà mostrata la lista delle risposte insufficienti ottenute nell’allevamento selezionato, contrassegnate nella colonna ""Liv."" da un pallino rosso. Nella colonna ""Rilev. Leg."", il ""Sì"" indica che il parametro rappresenta un requisito di legge.  \n\nCliccando su ""Mappa"", verrà visualizzata l’ubicazione dell’allevamento selezionato, identificato con un pallino nero, e degli allevamenti circostanti, indicati con pallini di colori variabili dal rosso al blu; spostando il cursore sui...', 'www.classyfarm.it  \nSelezionando la voce ""Tabella Allevamenti"", sarà possibile visualizzare l\'elenco degli allevamenti, con dettagli specifici relativi a ciascun allevamento, in base alla selezione della categoria e della quota desiderata (quota regionale, casuale, a rischio e piccole dimensioni).  \n\nCRITERI DI SELEZIONE:  \n- Allevamenti di grandi dimensioni  \n- Quota a rischio  \n- Quota regionale  \n- Quota casuale  \n- Allevamenti di piccole dimensioni  \n- Quota regionale  \n\nRISCHIO-PROGRAMMAZIONE', ""Per associarsi all'allevamento nel sistema integrato «ClassyFarm», seguire questi passaggi:\n\n1. Dopo aver scelto il proprio ruolo, cliccare su «Selezione Azienda».\n2. Procedere cliccando su «Nuovo Allevamento».\n3. Inserire il codice aziendale e poi cliccare su «Verifica».\n4. Cliccando su «Dettagli», è possibile visualizzare le informazioni relative all'allevamento, come la ragione sociale, la partita IVA e l'indirizzo.\n5. Selezionare la checklist che deve essere compilata per l'allevamento scelto. Si noti che, nel caso si disponga di un veterinario aziendale, il passaggio 4 non è necessario."", '**ISTRUZIONI PER L\'ASSOCIAZIONE DI UN ALLEVAMENTO**\n\nPrima di procedere con l\'inserimento della checklist, è fondamentale associare l\'allevamento di interesse.\n\n1. Cliccare sul pulsante ""Nuovo Allevamento"".\n2. Inserire il codice dell\'allevamento, quindi cliccare sul pulsante ""Verifica"" e selezionare l\'allevamento da associare.', '1. Cliccare su ""Nuovo Allevamento"".\n2. Inserire il codice aziendale (es. 001XX001) e fare clic su ""Verifica"".\n   - Il sistema recupererà automaticamente i dati dell\'allevamento.\n3. Selezionare l\'Azienda.', 'Per associarsi all\'allevamento nel sistema integrato ""ClassyFarm"" e procedere con l\'inserimento della check-list per il benessere dei riproduttori, seguire i seguenti passaggi:\n\n1. Dopo aver scelto il proprio ruolo, cliccare su ""Selezione Azienda"".\n2. Selezionare l\'opzione ""Nuovo Allevamento"".\n3. Inserire il codice aziendale e cliccare su ""Verifica"".\n4. Cliccando su ""Dettagli"", sarà possibile visualizzare le informazioni relative all\'allevamento, come la ragione sociale, la partita IVA e l\'indirizzo.\n5. Infine, selezionare la check-list che deve essere compilata per l\'allevamento scelto. Si noti che, nel caso in cui si disponga di un veterinario aziendale, il passaggio 4 non è necessario.', 'Il documento fornisce istruzioni per la compilazione della check-list di benessere per il svezzamento e l\'ingrasso nel sistema integrato ""ClassyFarm"". \n\nPer iniziare, è necessario seguire questi passaggi:\n\n1. **Inserimento del codice di allevamento**: Il primo passo consiste nell\'inserire il codice identificativo dell\'allevamento.\n   \n2. **Ricerca dell\'allevamento**: Successivamente, si deve cliccare sulla lente d’ingrandimento, che funge da funzione di ricerca, per cercare l\'allevamento nel BDN (Banca Dati Nazionale).\n\n3. **Selezione dell\'allevamento**: La ricerca nel BDN restituirà un elenco di allevamenti che corrispondono al codice inserito. A questo punto, è sufficiente selezionare l\'allevamento desiderato con un clic. Il sistema provvederà automaticamente a completare i dati anagrafici dell\'allevamento utilizzando le informazioni disponibili nel BDN. È importante notare che non bisogna inserire il prefisso ""IT"" o eventuali sottocodici, come ad esempio ""/2"".\n\nInfine, si accede alla testata del questionario, dove si proseguirà con la compilazione della check-list.', '**21  \nASSOCIAZIONE DI UN ALLEVAMENTO**  \nQuesta operazione è necessaria esclusivamente per il Veterinario Incaricato e il Veterinario Aziendale.\n\n1. Accedere a ClassyFarm e selezionare l\'opzione ""Selezione Azienda"".\n2. Cliccare sul pulsante ""Nuovo Allevamento"".\n3. Inserire il codice dell\'allevamento, cliccare sul pulsante ""Verifica"" e selezionare l\'allevamento da associare.\n4. Scegliere le tipologie di questionario che si desidera compilare tramite il menu a tendina.\n5. Caricare i documenti richiesti (si consiglia di utilizzare file in formato PDF; il modulo di autorizzazione è scaricabile al seguente link: https://www.classyfarm.it/index.php/register-it) e cliccare sul pulsante ""Conferma"" in fondo alla pagina.', 'quando si valuta la superficie su cui gli animali si coricano è importante considerare che se questa è pulita il giudizio non potrà superare il livello di accettabile questo perché gli animali in ogni caso si trovano costretti a sdraiarsi su una superficie bagnata anche nel caso di animali allevati al pascolo o in paddock esterni dove non hanno accesso a strutture chiuse è fondamentale effettuare una valutazione del loro livello igienico si considera adeguata una situazione in cui ci sia una prevalenza di ambienti asciutti e puliti con aree bagnate o fangose limitate a zone specifiche come quelle vicino ai punti di abbeverata in questo modo gli animali possono scegliere di coricarsi in spazi che siano puliti asciutti e confortevoli al contrario se la maggior parte degli ambienti è molto sporca e paludosa la situazione igienica risulta inadeguata', '**migliorabile** **ottimale** **elemento di verifica** 15 n°20 **tipologia** insufficiente migliorabile ottimale **distribuzione di acqua** razionata o abbeverata non permanente oppure abbeveratoi non accessibili o non puliti riferimenti normativi 146/2001 all mangimi acqua e altre sostanze punto 16 e 122/2011 all 1 parte i punto 7 cl min 10 7 **strutture ed attrezzature acqua di abbeverata** disponibilità presenza di un abbeveratoio funzionante a imbocco tazza uno per box o abbeveratoio permanente con rabbocco automatico es sistema a galleggiante accessibile e pulito **fabbisogno idrico** 10 20 kg 20 30 kg 30 50 kg **materiali manipolabili** presenza di più materiali di categoria sub ottimale o una commistione di materiali almeno un marginale e un subottimale complementari in grado di garantire tutte le proprietà dei materiali idonei riferimenti normativi 122/2011 all 1 parte i punto 6 cl min 10 4 122/2011 all 1 parte i punto 4 e parte ii lettera d punto 3 cl min 2 8 e 9 1 e raccomandazione ue 2016/336', ""Per inserire una check-list sull'app del Sistema Integrato «ClassyFarm», seguire i seguenti passaggi:\n\n1. Iniziare selezionando il TIPO DI ALLEVAMENTO e l’INDIRIZZO PRODUTTIVO dai menù a tendina disponibili.\n2. Per aggiungere le LINEE GENETICHE (RAZZE) presenti nell'allevamento, cliccare su «Apri linee genetiche». Successivamente, selezionare le razze desiderate spostando il cursore su «Attivato» e confermare cliccando su «Aggiorna».\n3. Infine, per salvare i dati inseriti e procedere alla sezione successiva, cliccare su «Salva». \n\nQuesti passaggi consentiranno di completare la compilazione della check-list.""]","Se non riesci a trovare l'allevamento quando compili una checklist (CL), potrebbero esserci diverse ragioni:

1. **Codice Errato**: Assicurati di inserire il codice dell'allevamento correttamente, senza prefissi come ""IT"" o sottocodici (es. ""/2"") [4].

2. **Allevamento Non Associato**: Verifica che l'allevamento sia stato precedentemente associato nella sezione ""Selezione Azienda"". Se non è presente, dovrai cliccare su ""Nuovo Allevamento"" e seguire i passaggi per associarlo [7][10].

3. **Allevamento Non Assegnato**: Se sei un valutatore, assicurati che l'allevamento sia stato assegnato dall'Organismo di Controllo (OdC) [2].

4. **Problemi Tecnici**: Potrebbe esserci un problema tecnico con il sistema. In tal caso, prova a ricaricare la pagina o contattare il supporto tecnico.

Se hai bisogno di ulteriori informazioni, puoi consultare la guida disponibile su [www.classyfarm.it](http://www.classyfarm.it).",Prima di inserire una CL è necessario associare l’azienda; se l’allevamento ha cambiato ragione sociale è necessario effettuare una nuova associazione.,0.7,0.7658277522763801,,0.5,0.1540041479984574,OK,True
A chi devo inviare l’associazione Operatore–Veterinario?,"['VETERINARIO:\n- AZIENDALE\n- INCARICATO\n- UFFICIALE\n(Clicca sulla tua figura per consultare la procedura)\nOPERATORE DELEGATO\n2\nwww.classyfarm.it', ""Il documento è un estratto dalla Gazzetta Ufficiale della Repubblica Italiana, pubblicato il 5 febbraio 2018, e riguarda un allegato che contiene uno schema di designazione. Questo schema è indirizzato sia alla ASL di una specifica località che all'Ordine dei Medici Veterinari della stessa area.\n\nIl testo include una dichiarazione da parte di un operatore, il quale deve fornire le seguenti informazioni:\n\n1. **Identità dell'Operatore**: Il nome e il cognome dell'operatore sono richiesti, insieme alla sua qualifica, che può essere Proprietario, Rappresentante legale o Detentore dell'allevamento.\n\n2. **Informazioni sull'Allevamento**: È necessario indicare la ragione sociale dell'allevamento, il codice aziendale, e il numero di Partita IVA o Codice Fiscale dell'impresa.\n\n3. **Ubicazione**: L'operatore deve specificare il comune e l'indirizzo (via o località) in cui si trova l'allevamento.\n\n4. **Contatti**: Sono richiesti anche un numero di telefono e un indirizzo email.\n\n5. **Tipologia dell'Azienda**: L'operatore deve indicare la tipologia dell'azienda.\n\nInfine, il documento prevede che, ai sensi di un decreto specifico, l'operatore designi un medico veterinario, fornendo il nome del professionista che è iscritto all'albo."", 'Il testo presenta due figure professionali nel campo della veterinaria: il Veterinario Aziendale e il Medico Veterinario Incaricato. Per ciascuna di queste figure, è disponibile un modulo di richiesta di associazione. In particolare, ci sono due moduli distinti: uno per il Medico Veterinario Aziendale e uno per il Medico Veterinario Incaricato.', ""In base al decreto identificato con il numero xxxxxxxx, è stato designato il dott. ……………………………, un medico veterinario regolarmente iscritto all’Ordine dei Veterinari della Provincia di …………………….. con il numero di iscrizione n ………, come veterinario aziendale. Il dottore è consapevole delle conseguenze penali che possono derivare da dichiarazioni false e mendaci, come previsto dal D.P.R. 445/2000.\n\nIn seguito, il veterinario aziendale ha rilasciato una dichiarazione in cui, sempre ai sensi del decreto xxxxxxx, accetta l’incarico di veterinario aziendale per un allevamento identificato con il codice aziendale ... … …IT … … … . Il dott. …………………………………, libero professionista, ha fornito anche il proprio indirizzo email: ……………………. È iscritto all'Albo della Provincia di ………………………… con il numero di iscrizione n …………. Anche in questo caso, il veterinario è consapevole delle conseguenze penali legate a dichiarazioni false e mendaci, come stabilito dal D.P.R. 445/2000.\n\nInfine, sono richieste le firme dell'operatore e del veterinario aziendale, con il riferimento al numero 18A00687."", 'A cura di:  \nIstituto Zooprofilattico Sperimentale della Lombardia e dell’Emilia-Romagna “Bruno Ubertini”  \nIstituto Zooprofilattico Sperimentale della Sardegna “G. Pegreffi”  \nCentro di Referenza Nazionale per il Benessere Animale  \nMinistero della Salute  \n\nTutti i diritti riservati. La riproduzione, totale o parziale, del testo e delle illustrazioni in esso contenute è consentita esclusivamente previa autorizzazione scritta degli Autori e con citazione della fonte.  \n\nIstituto Zooprofilattico Sperimentale della Lombardia e dell’Emilia-Romagna “Bruno Ubertini”  \nCentro di Referenza Nazionale per il Benessere Animale  \nVia Antonio Bianchi, 9 - 25124 Brescia – ITALIA  \nResponsabile CReNBA  \nDr. Luigi Bertocchi  \nE-mail: luigi.bertocchi@izsler.it  \n\nReferente settore ovino  \nIstituto Zooprofilattico Sperimentale della Sardegna “G. Pegreffi”  \nVia Duca Degli Abruzzi, 8 – 07100 - ITALIA  \nDr.ssa Paola Nicolussi  \nE-mail: paola.nicolussi@izs-sardegna.it', ""**Sistema Integrato «ClassyFarm» - Guida per l'Operatore e i suoi Delegati**\n\n**PAGINA DI ACCESSO**\n\nPer accedere al sistema, collegarsi al sito: [https://www.vetinfo.it/](https://www.vetinfo.it/). \n\nCliccare su «ACCEDI all’Area riservata» e, nella pagina che si aprirà, inserire le credenziali d’accesso fornite dal Sistema Veterinario Informativo (credenziali VetINFO). \n\n**22**"", '**21  \nASSOCIAZIONE DI UN ALLEVAMENTO**  \nQuesta operazione è necessaria esclusivamente per il Veterinario Incaricato e il Veterinario Aziendale.\n\n1. Accedere a ClassyFarm e selezionare l\'opzione ""Selezione Azienda"".\n2. Cliccare sul pulsante ""Nuovo Allevamento"".\n3. Inserire il codice dell\'allevamento, cliccare sul pulsante ""Verifica"" e selezionare l\'allevamento da associare.\n4. Scegliere le tipologie di questionario che si desidera compilare tramite il menu a tendina.\n5. Caricare i documenti richiesti (si consiglia di utilizzare file in formato PDF; il modulo di autorizzazione è scaricabile al seguente link: https://www.classyfarm.it/index.php/register-it) e cliccare sul pulsante ""Conferma"" in fondo alla pagina.', ""**Sistema Integrato «ClassyFarm» - Guida per l'Operatore e i suoi Delegati**\n\n**PAG**  \n**LOGIN: Visualizzazione**  \nAccedere al sito: https://www.vetinfo.it/  \nCliccare su «ACCEDI all’Area riservata»; nella pagina che si aprirà, inserire le credenziali d'accesso fornite dal Sistema Veterinario Informativo (credenziali VetINFO).  \n**18**"", ""**Sistema Integrato «ClassyFarm» - Guida per l'Operatore e i suoi Delegati**\n\n**PAG**  \n**LOGIN: Visualizzazione**  \nAccedere al sito: https://www.vetinfo.it/  \nCliccare su «ACCEDI all’Area riservata» e, nella pagina che si aprirà, inserire le credenziali d'accesso fornite dal Sistema Veterinario Informativo (credenziali VetINFO).  \n**12**"", '**PAG**  \nSistema Integrato «ClassyFarm» - Guida per Delegati Operatori - Filiera o Gruppo  \n\nPer selezionare preliminarmente il Veterinario Aziendale o revocare la nomina:  \n1. Accedere a VETINFO  \n2. Selezionare ClassyFarm → ClassyFarm 2.0  \n3. Selezionare il PROFILO  \n   1. Cliccare su ""Selezione Veterinario Aziendale""  \n   2. Nella sezione ""Dottore"", cliccare, cercare e selezionare il professionista abilitato.  \n   **Nota Bene:** Il Veterinario Aziendale dovrà validare e caricare la documentazione come indicato nella guida specifica.  \n   3. Cliccare su ""Conferma"".  \n   **Nota Bene:** Per revocare la nomina, cliccare su [icona di revoca] e poi su ""Conferma"".  \n\n**SCELTA E REVOCA DEL VETERINARIO AZIENDALE**  \n\n1. Consultare la GUIDA AI CRUSCOTTI INTERATTIVI al seguente link: www.classyfarm.it  \n2.  \n3.', ""**Richiesta di Accesso al Sistema ClassyFarm**\n\nIl sottoscritto Dott. __________________________,  \ncodice fiscale __________________________, iscritto all'Ordine dei Medici Veterinari della Provincia di __________________________, n. ________, e-mail __________________________,  \n\nUsername Vetinfo __________________________,  \n\nDICHIARA  \n• di aver frequentato il corso di Veterinario Aziendale ai sensi del D.M. 7 dicembre 2017;  \n• di aver seguito un percorso di formazione specifico;  \n• di essere iscritto all’elenco dei Medici Veterinari Aziendali della FNOVI;  \n• di essere consapevole che i dati personali forniti saranno trattati dal sistema ClassyFarm per:  \n  § le operazioni di accesso e profilazione al sistema;  \n  § l'invio di e-mail:  \n    • contenenti i report delle check-list compilate;  \n    • per comunicazioni di servizio relative al funzionamento del sistema;"", 'V \n\nA cura di:  \nIstituto Zooprofilattico Sperimentale della Lombardia e dell’Emilia-Romagna “Bruno Ubertini”  \nCentro di Referenza Nazionale per il Benessere Animale  \nMinistero della Salute  \n\nCon il contributo del gruppo di lavoro:', 'il codice penale italiano prevede sanzioni severe per il maltrattamento degli animali in particolare chi infligge fatiche o lavori insopportabili agli animali in relazione alle loro caratteristiche etologiche può essere punito con una reclusione che varia da tre a diciotto mesi oppure con una multa che va da 5 000 a 30 000 euro la stessa pena si applica a chi somministra sostanze stupefacenti o vietate agli animali o a chi li sottopone a trattamenti che possano danneggiare la loro salute se da tali atti deriva la morte dellanimale la pena è aumentata della metà in aggiunta il codice penale punisce anche labbandono di animali domestici o di quelli che hanno acquisito abitudini di vita in cattività chi commette questo reato può essere soggetto a un arresto fino a un anno o a unammenda che varia da 1 000 a 10 000 euro la stessa pena si applica a chi detiene animali in condizioni che risultano incompatibili con la loro natura e che causano gravi sofferenze', 'il codice penale italiano prevede sanzioni severe per il maltrattamento degli animali in particolare chi infligge fatiche o lavori insopportabili agli animali in relazione alle loro caratteristiche etologiche può essere punito con una reclusione che varia da tre a diciotto mesi oppure con una multa che va da 5 000 a 30 000 euro la stessa pena si applica a chi somministra sostanze stupefacenti o vietate agli animali o a chi li sottopone a trattamenti che possano danneggiare la loro salute se da tali atti deriva la morte dellanimale la pena è aumentata della metà in aggiunta il codice penale punisce anche labbandono di animali domestici o di quelli che hanno acquisito abitudini di vita in cattività chi commette questo reato può essere soggetto a un arresto fino a un anno o a unammenda che varia da 1 000 a 10 000 euro la stessa pena si applica a chi detiene animali in condizioni che risultano incompatibili con la loro natura e che causano gravi sofferenze', ""**Sistema Integrato «ClassyFarm» - Guida per l'Operatore e i suoi Delegati**\n\n**PAG**  \n**OPERATORE**  \n2  \n\nAi sensi del Regolamento UE 429/2016, l'operatore è definito come:  \nQualsiasi persona fisica o giuridica responsabile della gestione di animali o prodotti, anche per un periodo limitato, ad eccezione dei detentori di animali da compagnia e dei veterinari.""]","Devi inviare l’associazione Operatore–Veterinario alla ASL della tua specifica località e all'Ordine dei Medici Veterinari della stessa area. Assicurati di seguire le procedure indicate nel documento di designazione. Per ulteriori dettagli, puoi consultare il sito [ClassyFarm](https://www.classyfarm.it).","I moduli di associazione Operatore–Veterinario devono essere caricati in ClassyFarm nell’apposita sezione ""Seleziona azienda"" nel momento in cui viene associato l’allevamento.",0.5,0.8188553987869472,,1.0,0.17536703905854584,OK,True
Come devono essere i pavimenti delle stalle dei suini?,"['La condizione di pavimentazione per gli allevamenti suini può essere classificata in tre categorie principali. \n\nLa prima categoria, definita ""condizione non adeguata"", prevede una pavimentazione in calcestruzzo fessurato, caratterizzata da travetti o fessure la cui ampiezza non rispetta le normative vigenti.\n\nLa seconda categoria, ""condizione adeguata"", richiede una pavimentazione in calcestruzzo fessurato con misure conformi, oppure un pavimento pieno, o ancora un pavimento grigliato realizzato in plastica o metallo.\n\nInfine, la terza categoria, che rappresenta il ""requisito superiore"", prevede una pavimentazione piena con lettiera permanente.\n\nPer quanto riguarda le scrofette dopo la fecondazione e le scrofe gravide, è necessario garantire che una parte della superficie libera totale a disposizione per ciascun animale sia costituita da pavimento pieno continuo. In particolare, si richiede un\'area di almeno 0,95 mq per ogni scrofetta e di almeno 1,3 mq per ogni scrofa. È importante notare che una parte di questo pavimento, non superiore al 15%, può essere riservata alle aperture di scarico, come griglie e tombini.\n\nInfine, per i suini allevati in gruppo su pavimenti fessurati in calcestruzzo, le aperture devono rispettare specifiche dimensioni: l\'ampiezza massima delle aperture è di 11 mm per i lattonzoli, 14 mm per i suinetti e 18 mm per i suini all\'ingrasso.', '**B.20 Caratteristiche dei Pavimenti e delle Strutture**\n\nI pavimenti devono essere progettati in modo da essere antisdrucciolevoli e privi di asperità, al fine di prevenire lesioni ai suini. Devono essere realizzati e mantenuti in modo tale da non causare danni o sofferenze agli animali. È fondamentale che i pavimenti siano adeguati alle dimensioni e al peso dei suini e, in assenza di lettiera, devono costituire una superficie rigida, piana e stabile (D.L.vo 122/2011, allegato 1, parte I, punto 5).\n\nLa maggior parte dei suini da ingrasso è ospitata in recinti con pavimenti che presentano fessurazioni, sia complete che parziali (EFSA, 2007a). \n\nLa limitazione dei movimenti può derivare dalla scivolosità del pavimento, causata da materiali inadeguati o usurati, o dalla presenza di escrementi. Le misure preventive includono la selezione e la manutenzione di pavimentazioni appropriate. Le misure correttive consistono nella pulizia dei pavimenti sporchi e nella fornitura di paglia o di altri substrati.', ""Nel contesto della normativa riguardante gli allevamenti suini, si stabiliscono specifiche misure per i pavimenti. In particolare, per i lattonzoli e i suinetti, è previsto uno spessore di 50 mm, mentre per i suini all'ingrasso, le scrofette dopo la fecondazione e le scrofe, lo spessore deve essere di 80 mm, come indicato nel Decreto Legislativo 122/2011, articolo 3, punto 1, lettera c, sottopunto 2.\n\nIn aggiunta, la Circolare Ministeriale 0022766-P-12/12/2012, allegato 2, specifica che il livello di tolleranza per la realizzazione dei pavimenti in calcestruzzo, secondo lo standard europeo EN 12737:2004+A1, è di +/- 3 mm per quanto riguarda aperture e travetti.\n\nPer quanto concerne le tipologie di pavimentazioni ammissibili negli allevamenti di suini da riproduzione, si possono considerare conformi le seguenti soluzioni: \n\n1. Allevamento su pavimento pieno con lettiera, che consiste in un pavimento completamente solido, con una limitata area dedicata allo scarico dei liquidi.\n2. Allevamento per scrofe e scrofette su pavimento parzialmente fessurato, caratterizzato da un'area fessurata delimitata (zona di defecazione) con fessure che possono arrivare fino a 25 mm e travetti di almeno 80 mm. \n\nQueste specifiche sono fondamentali per garantire il benessere degli animali e la conformità alle normative vigenti."", ""La normativa stabilisce che i pavimenti degli spazi destinati ai suini devono rispettare specifiche condizioni per garantire il benessere degli animali. In particolare, i pavimenti devono essere costruiti in modo da non essere sdrucciolevoli e privi di asperità che possano causare lesioni. Inoltre, devono essere progettati e mantenuti in modo da non arrecare sofferenze agli animali, e devono essere adeguati alle dimensioni e al peso dei suini.\n\nNel caso in cui non sia prevista l'uso di una lettiera, i pavimenti devono presentare una superficie rigida, piana e stabile. È fondamentale che gli escrementi, l'urina e i foraggi non mangiati o caduti vengano rimossi regolarmente, al fine di minimizzare odori sgradevoli e la presenza di mosche o roditori.\n\nLa condizione di adeguatezza dei pavimenti è definita dalla presenza di tutti i parametri richiesti, mentre una condizione non adeguata si verifica anche con la mancanza di un solo parametro. In base alle evidenze raccolte, si segnala che non ci sono problematiche per la categoria A e C, mentre si conferma la presenza di condizioni adeguate."", ""Per il benessere animale, la presenza di una superficie solida è fondamentale, sia per garantire il comfort degli animali sia per offrire un materiale manipolabile ottimale, come ad esempio la paglia. I pavimenti completamente fessurati rappresentano un elevato fattore di rischio (EFSA, 2007c). \n\nI suini, di norma, tendono a utilizzare aree distinte per sdraiarsi e per urinare e/o defecare, salvo situazioni di stress causate da temperature elevate, malattie, alte concentrazioni di gas nocivi, ventilazione inadeguata, insufficiente disponibilità di spazio nel sistema di stabulazione, o quando il sistema stesso è progettato o gestito in modo inadeguato (EFSA, 2005). \n\nInoltre, è essenziale che i suini possano alzarsi compiendo movimenti naturali e che non siano presenti pavimenti scivolosi. Il valutatore deve esaminare, prestando particolare attenzione al comportamento dei suini durante il periodo estivo (soprattutto in relazione ai pavimenti solidi), che all'interno del locale di stabulazione sia presente una..."", '**Condizioni microclimatiche idonee per gli animali:** ad esempio, ventilazione naturale o impianti di ventilazione privi di sistemi di controllo.\n\n**Condizioni microclimatiche non adeguate per gli animali:** ad esempio, ambienti chiusi (assenza di aperture) privi di adeguata ventilazione o caratterizzati da elevata polverosità.\n\nRiferimenti normativi:\n- Regolamento 146/2001, Allegato Fabbricati e locali di stabulazione, punto 10. CL Min. 10.a\n- Regolamento 146/2001, Allegato Fabbricati e locali di stabulazione, punti 8-9 e Procedura di allevamento, punto 20\n- Regolamento 122/2011, Allegato 1, parte I, punto 5. CL Min. 18\n\nI pavimenti devono essere progettati in modo da non essere sdrucciolevoli e privi di asperità, al fine di prevenire lesioni ai suini. Devono inoltre essere realizzati e mantenuti in modo da non causare danni o sofferenze agli animali.\n\nÈ fondamentale che i pavimenti non presentino caratteristiche sdrucciolevoli o asperità e che siano adeguati alla categoria di suini allevata.\n\nLa presenza anche di un solo parametro non è considerata sufficiente; è necessario che tutti i parametri siano soddisfatti per garantire il benessere degli animali.', ""La verifica della conformità della pavimentazione nel contesto dell'allevamento suino è regolata dalla normativa specificata nell'articolo 3, punto 1, lettera c, sottopunto 1 e 2 del decreto 122/2011. In particolare, si fa riferimento all'uso di pavimenti fessurati in calcestruzzo per suini allevati in gruppo. \n\nLe specifiche relative alle aperture dei pavimenti sono le seguenti: per i lattonzoli, l'ampiezza massima delle aperture deve essere di 11 mm; per i suinetti, 14 mm; per i suini all'ingrasso, 18 mm; e per le scrofette dopo la fecondazione e le scrofe, 20 mm. Inoltre, l'ampiezza minima dei travetti deve rispettare i seguenti parametri: 50 mm per lattonzoli e suinetti, e 80 mm per suini all'ingrasso, scrofette dopo la fecondazione e scrofe.\n\nÈ altresì previsto che una parte della superficie del box, pari ad almeno 0,95 mq per scrofetta e ad almeno 1,3 mq per scrofa, debba essere costituita da un pavimento pieno e continuo. Le aperture di scarico non possono superare il 15% della superficie totale. \n\nPertanto, è fondamentale verificare il rispetto di queste normative all'interno del box, applicando il range di misure specificato."", ""L'ampiezza degli spazi tra i travetti si rivela adeguata e applicabile. Per tutte le altre pavimentazioni, i materiali indicati dalla normativa (sia per tipo che per quantità) devono essere selezionati e calcolati in base alla tipologia di allevamento e al numero di soggetti, tenendo conto del loro utilizzo (Circolare Ministeriale 0022766-P-12/12/2012, allegato 2).\n\nI materiali di arricchimento devono consentire ai suini di soddisfare i loro bisogni fondamentali senza compromettere la loro salute. A tal fine, i materiali di arricchimento devono essere sicuri e presentare le seguenti caratteristiche:\na) essere commestibili, in modo che i suini possano mangiarli e annusarli, preferibilmente con benefici nutrizionali;\nb) essere masticabili, affinché i suini possano morderli;\nc) essere esplorabili, in modo che i suini possano esplorarli;\nd) essere manipolabili, in modo che i suini possano modificarne la posizione, l'aspetto o la struttura."", '""In particolare, per i pavimenti fessurati, il legno, nella forma di tronchetti o pezzi di dimensioni superiori all\'ampiezza degli spazi tra i travetti, si rivela idoneo e applicabile. Per tutte le altre tipologie di pavimentazione, i materiali indicati dalla normativa (sia per tipo che per quantità) devono essere selezionati e calcolati in base alla tipologia di allevamento e al numero di soggetti, tenendo conto del loro utilizzo"" (Circolare Ministeriale 0022766-P-12/12/2012, allegato 2).\n\n""4. I materiali di arricchimento devono consentire ai suini di soddisfare i loro bisogni fondamentali senza compromettere la loro salute. A tal fine, i materiali di arricchimento devono essere sicuri e presentare le seguenti caratteristiche:\na) essere commestibili, affinché i suini possano mangiarli e annusarli, preferibilmente con benefici nutrizionali;\nb) essere masticabili, in modo che i suini possano morderli;\nc) essere esplorabili, affinché i suini possano esplorarli.""', '""In particolare, per i pavimenti fessurati, il legno, nella forma di tronchetti o pezzi di volume superiore all\'ampiezza degli spazi tra i travetti, si dimostra idoneo e applicabile. Per tutte le altre tipologie di pavimentazione, i materiali indicati dalla normativa (sia per tipo che per quantità) devono essere selezionati e calcolati in base alla tipologia di allevamento e al numero di soggetti, tenendo conto del loro utilizzo"" (Circolare Ministeriale 0022766-P-12/12/2012, allegato 2).\n\n""4. I materiali di arricchimento devono consentire ai suini di soddisfare i loro bisogni fondamentali senza compromettere la loro salute. A tal fine, i materiali di arricchimento devono essere sicuri e presentare le seguenti caratteristiche: \na) essere commestibili, affinché i suini possano mangiarli e annusarli, preferibilmente con benefici nutrizionali; \nb) essere masticabili, in modo che i suini possano morderli; \nc) essere esplorabili, affinché i suini possano esplorarli.""', ""Il testo fornisce indicazioni sulle misure e le condizioni necessarie per la pavimentazione degli spazi destinati ai suini, suddividendo le specifiche in base alla categoria degli animali. \n\nPer i suinetti, la misura dei travetti deve essere di 50 mm, mentre per i suini all'ingrasso, l'ampiezza deve essere di 80 mm. È importante notare che a queste misure deve essere applicato un range di tolleranza di ± 3 mm, come indicato nella Circolare Ministeriale. \n\nIn merito alla pavimentazione, si devono considerare diversi tipi: \n- Pavimentazione in calcestruzzo fessurato con misure idonee.\n- Pavimento pieno.\n- Grigliato in plastica o in metallo.\n- Pavimento pieno con lettiera permanente.\n- Pavimento in calcestruzzo fessurato con ampiezza dei travetti o delle fessure non idonee.\n- Pavimentazione in calcestruzzo fessurato con misure idonee, pavimento pieno o assenza del parchetto.\n\nÈ fondamentale che tutti i parametri siano soddisfatti; la presenza anche di un solo parametro non sufficiente compromette la conformità. Inoltre, si evidenzia che le condizioni microclimatiche devono essere adeguate per gli animali. Situazioni come ambienti chiusi privi di aperture, senza adeguata ventilazione o eccessivamente polverosi, non sono accettabili."", ""Il testo fornisce indicazioni importanti riguardo ai pavimenti per il benessere dei bovini stabulati. Innanzitutto, è fondamentale che i pavimenti siano non scivolosi e progettati per sostenere il peso degli animali, tenendo conto delle dimensioni delle loro unghie. Questo accorgimento è essenziale per ridurre il rischio di incastramenti, disagio, sofferenza e lesioni, sia quando gli animali sono in stazione che mentre camminano.\n\nInoltre, si sottolinea l'importanza di garantire una superficie adeguata per un riposo confortevole. Tutti i bovini dovrebbero avere accesso a un'area di riposo che disponga di lettiera asciutta, ben gestita o ben drenata, permettendo così agli animali di riposare simultaneamente. È raccomandato l'uso di pavimenti solidi in queste aree. Qualora si utilizzassero pavimenti grigliati, è consigliabile rivestirli con gomma o materiali simili per migliorare il comfort degli animali. Infine, si avverte che i pavimenti in grigliato di cemento non dovrebbero essere impiegati su tutta la superficie negli edifici di nuova costruzione."", '**b 23 caratteristiche dei pavimenti e delle strutture** i pavimenti devono essere progettati in modo da essere antisdrucciolevoli e privi di asperità al fine di prevenire lesioni ai suini devono essere realizzati e mantenuti in modo tale da non causare danni o sofferenze agli animali inoltre è fondamentale che siano adeguati alle dimensioni e al peso dei suini in assenza di lettiera devono costituire una superficie rigida piana e stabile d l vo 122/2011 allegato 1 parte i punto 5 **elemento di verifica 23** **pavimenti e strutture** categoria di non conformità pavimentazioni i pavimenti devono essere antisdrucciolevoli e privi di asperità per evitare lesioni ai suini e devono essere progettati costruiti e mantenuti in modo da non arrecare danni o sofferenze agli animali è essenziale che i pavimenti siano adeguati alla categoria di suini allevata la presenza anche di un solo parametro non conforme è considerata insufficiente tutti i parametri devono risultare conformi', 'la sezione b 35 del documento riguarda le caratteristiche dei pavimenti e delle strutture destinate allallevamento dei suini è fondamentale che i pavimenti siano progettati in modo da non essere sdrucciolevoli e privi di asperità al fine di prevenire lesioni ai suini inoltre devono essere costruiti e mantenuti in modo tale da non causare sofferenze o lesioni agli animali i pavimenti devono essere adeguati alle dimensioni e al peso dei suini in assenza di una lettiera è necessario che la superficie sia rigida piana e stabile queste indicazioni sono specificate nel decreto legislativo 122/2011 allegato 1 parte i punto 5 per quanto riguarda lelemento di verifica 35 che si concentra sulle caratteristiche dei pavimenti e delle strutture è importante notare che la categoria di non conformità è relativa alle pavimentazioni è richiesto che i pavimenti non presentino caratteristiche sdrucciolevoli o asperità e che siano adeguati alla categoria di suini allevata la presenza anche di un solo parametro non conforme è considerata insufficiente mentre è necessario che tutti i parametri siano soddisfatti per garantire la conformità', ""La pavimentazione nelle stalle è un elemento cruciale per il benessere degli animali, in particolare delle bovine. Essa comprende le superfici calpestabili utilizzate in diverse aree della stalla, come le corsie di alimentazione, le zone di riposo e di esercizio, e lo spazio disponibile per alzarsi e coricarsi nel caso di stabulazione fissa.\n\nÈ fondamentale che la pavimentazione sia progettata in modo da garantire la sicurezza degli animali. Deve essere sufficientemente rugosa per prevenire scivolamenti durante i movimenti delle bovine, che possono includere corsa, alzarsi, coricarsi o manifestare i calori. Una pavimentazione inadeguata può portare a situazioni di paura e frustrazione per gli animali, oltre a comportare rischi di lesioni in seguito a cadute.\n\nNel caso di pavimentazioni in grigliato, è importante che queste rispettino le stesse esigenze di sicurezza. Le distanze tra i travetti o i diametri dei fori devono essere progettati in modo da evitare che il piede dell'animale si incastri. Inoltre, i bordi dei travetti devono essere smussati e non taglienti, per garantire un ambiente sicuro e confortevole per le bovine.""]","I pavimenti delle stalle dei suini devono rispettare specifiche condizioni per garantire il benessere degli animali. Le pavimentazioni possono essere classificate in tre categorie principali:

1. **Condizione non adeguata**: Pavimentazione in calcestruzzo fessurato con travetti o fessure non conformi alle normative vigenti.

2. **Condizione adeguata**: Pavimentazione in calcestruzzo fessurato con misure conformi, pavimento pieno, o pavimento grigliato realizzato in plastica o metallo.

3. **Requisito superiore**: Pavimentazione piena con lettiera permanente.

In particolare, per le scrofette dopo la fecondazione e le scrofe gravide, è necessario che una parte della superficie libera totale a disposizione per ciascun animale sia costituita da pavimento pieno continuo, con un'area di almeno 0,95 mq per ogni scrofetta e di almeno 1,3 mq per ogni scrofa. È importante notare che una parte di questo pavimento, non superiore al 15%, può essere riservata alle aperture di scarico.

I pavimenti devono essere progettati per essere antisdrucciolevoli e privi di asperità, al fine di prevenire lesioni ai suini. Devono essere realizzati e mantenuti in modo tale da non causare danni o sofferenze agli animali e devono essere adeguati alle dimensioni e al peso dei suini. In assenza di lettiera, i pavimenti devono costituire una superficie rigida, piana e stabile.

Inoltre, per i suini allevati in gruppo su pavimenti fessurati in calcestruzzo, le aperture devono rispettare specifiche dimensioni: l'ampiezza massima delle aperture è di 11 mm per i lattonzoli, 14 mm per i suinetti e 18 mm per i suini all'ingrasso. 

Infine, è fondamentale che gli escrementi, l'urina e i foraggi non mangiati o caduti vengano rimossi regolarmente per minimizzare odori sgradevoli e la presenza di mosche o roditori.","I pavimenti devono essere progettati in modo da essere antisdrucciolevoli e privi di asperità, per prevenire lesioni ai suini. Devono essere mantenuti in modo tale da non causare danni o sofferenze agli animali e devono essere adeguati alle dimensioni e al peso dei suini. Se non è presente una lettiera nel recinto, i pavimenti devono costituire una superficie rigida, piana e stabile. Consulta D.Lgs. 122/2011, allegato 1, parte I, punto 5.",1.0,0.8825441381697086,,1.0,0.4893136213332986,OK,True
Come devo progettare le strutture di stabulazione delle galline?,"[""Le strutture di stabulazione, oltre a non presentare rischi per la salute, devono consentire ai polli di esprimere comportamenti naturali e appropriati per la loro specie. È altresì fondamentale sottolineare che un allevamento deve essere dotato di adeguate strutture suppletive per la gestione di situazioni particolari, come ad esempio un'area dedicata all'infermeria."", ""Per garantire un adeguato livello di benessere per le galline, è fondamentale che i posatoi offrano stabilità sia durante la seduta che il riposo. Questi posatoi non devono essere scivolosi, ma devono essere sufficientemente larghi e progettati in modo tale da permettere una buona presa da parte dei piedi degli animali. \n\nPer valutare se i posatoi soddisfano questi requisiti, è importante considerare la lunghezza dei posatoi all'interno della gabbia in relazione al numero di galline presenti. Inoltre, le indicazioni riguardanti l'ampiezza dei posatoi possono essere utilizzate come ausilio per formulare una valutazione più completa.\n\nIn merito agli edifici e ai locali di stabulazione, è previsto che le gabbie siano dotate di adeguati dispositivi per l'accorciamento delle unghie, contribuendo così al benessere delle galline."", ""Le galline necessitano di stabilità sia durante la seduta che nel riposo. Pertanto, le superfici su cui si trovano non devono essere scivolose. Inoltre, è importante che queste superfici siano sufficientemente larghe e abbiano una forma che consenta una buona presa da parte dei piedi degli animali, come indicato dall'EFSA nel 2015."", 'Per garantire il benessere delle galline ovaiole, è fondamentale che gli allevatori siano attrezzati in modo adeguato. In particolare, è necessario che tutte le galline dispongano di posatoi appropriati. Questi posatoi devono essere privi di bordi aguzzi e offrire almeno 15 cm di spazio per ogni gallina. Inoltre, è importante che i posatoi non sovrastino le aree coperte di lettiera. La distanza orizzontale tra i posatoi deve essere di almeno 30 cm, mentre quella tra i posatoi e le pareti deve essere di almeno 20 cm.\n\nPer valutare se questi requisiti siano rispettati, è necessario verificare che lo spazio disponibile per ciascuna gallina sia sufficiente e che le caratteristiche dei posatoi garantiscano la sicurezza degli animali. I posatoi devono essere progettati in modo da favorire il comportamento naturale di appollaiamento, noto come ""perching"", e devono ridurre al minimo il rischio di lesioni. In sintesi, i posatoi appropriati devono offrire alle galline una percezione di elevazione e essere progettati per massimizzarne l\'uso.', 'Il valutatore deve considerare le dimensioni del fessurato calpestabile dagli animali, assicurandosi che siano adeguate rispetto alle dimensioni delle loro zampe. È fondamentale che la pavimentazione fessurata consenta il passaggio delle deiezioni al di sotto della superficie calpestabile e che possa sostenere adeguatamente le unghie anteriori delle galline.\n\nIn merito ai sistemi alternativi di allevamento, in particolare per le voliere, è stabilito che nei sistemi che permettono alle galline ovaiole di muoversi liberamente tra diversi livelli, il numero massimo di livelli sovrapposti deve essere pari a quattro, come indicato nel Decreto Legislativo 267/2003, allegato B, punto 2.a.1. Questo aspetto è un elemento di verifica importante e rientra nella categoria di non conformità relativa agli edifici e ai locali di stabulazione.', ""Gli spazi all'aperto destinati alle galline devono essere dotati di alcune caratteristiche fondamentali. In primo luogo, è essenziale che questi spazi offrano riparo dalle intemperie e dai predatori, oltre a fornire abbeveratoi adeguati. \n\nLa gestione corretta di queste aree è cruciale per incentivare le galline a sfruttarle appieno. Infatti, le galline tendono a mostrare un atteggiamento di timore nei confronti di potenziali predatori, un comportamento che può essere mitigato dalla presenza di ripari dove possano rifugiarsi. Pertanto, per promuovere l'uso delle aree esterne, è necessario dotarle di ripari e zone d'ombra, che possono essere sia naturali che artificiali.\n\nIn aggiunta, è importante considerare che i predatori rappresentano un reale pericolo per le galline allevate. Per questo motivo, è fondamentale adottare misure di protezione adeguate, come l'installazione di recinzioni per difendere gli animali dai predatori terrestri o l'uso di reti sospese sopra le aree di pascolo per proteggere le galline dai rapaci."", ""Il testo presenta una serie di elementi di verifica relativi agli edifici e ai locali di stabulazione, con particolare attenzione ai sistemi di allevamento delle galline. \n\nIn primo luogo, si sottolinea che i sistemi di allevamento devono essere progettati in modo da prevenire la fuga delle galline. Questo è un aspetto fondamentale per garantire la sicurezza e il benessere degli animali.\n\nIn secondo luogo, si fa riferimento a specifiche normative, come il punto 7 dell'allegato A del regolamento 267/2003, che stabilisce che gli impianti con più piani di gabbie devono essere dotati di dispositivi o misure adeguate. Questi devono permettere un'ispezione diretta e agevole di tutti i piani, facilitando anche il ritiro delle galline.\n\nIn aggiunta, il punto 5 dello stesso regolamento evidenzia l'importanza di progettare le gabbie e le aperture in modo che una gallina adulta possa essere ritirata senza subire inutili sofferenze o ferite. \n\nInfine, si ribadisce che i sistemi di allevamento devono garantire che le galline non possano scappare, sottolineando l'importanza di un ambiente controllato e sicuro per il benessere degli animali."", ""Il sistema di allevamento delle galline prevede strutture a più piani, poiché gli animali tendono a rifugiarsi ai livelli superiori per riposare durante le ore notturne. Questo approccio crea un ambiente complesso, stimolando l'esercizio fisico e il comportamento esplorativo delle galline.\n\nPer garantire una gestione adeguata di questi sistemi di allevamento, in particolare per quanto riguarda lo smaltimento delle deiezioni, la normativa stabilisce che il numero massimo di livelli sovrapposti non possa superare quattro. Inoltre, è compito del veterinario ufficiale verificare il rispetto di questo requisito, eventualmente avvalendosi della planimetria dell'allevamento."", ""Il sistema di allevamento delle galline ovaiole prevede l'installazione di strutture su più livelli, con l'osservazione che talvolta ai piani più alti queste strutture non vengono installate. Questo accade perché le galline tendono a rifugiarsi nei livelli superiori per riposare durante le ore notturne. \n\nL'adozione di un sistema di allevamento a più piani contribuisce a creare un ambiente complesso, il quale stimola l'esercizio fisico e il comportamento esplorativo delle galline. Tuttavia, per garantire una gestione adeguata di tali sistemi, in particolare per quanto riguarda lo smaltimento delle deiezioni, la normativa stabilisce che il numero massimo di livelli sovrapposti non possa superare le quattro unità. È compito del valutatore, eventualmente con l'ausilio della planimetria dell'allevamento, verificare il rispetto di questo requisito.\n\nIn aggiunta, nei sistemi alternativi di allevamento, come le voliere, è previsto che l'altezza libera minima tra i vari livelli sia di 45 cm, come indicato nel Decreto Legislativo 267/2003, allegato B, punto 2.a.2."", 'Per garantire il benessere delle galline, è fondamentale scegliere posatoi realizzati con materiali morbidi, come il legno tenero o quelli rivestiti in gomma. È preferibile optare per posatoi a sezione rotonda piuttosto che per quelli a sezione rettangolare. Secondo le raccomandazioni dell\'EFSA del 2015, la larghezza ideale del posatoio dovrebbe variare tra i 3 e i 6 centimetri, in modo da assicurare il comfort del piede e del cuscinetto plantare delle galline.\n\nÈ importante verificare che lo spazio disponibile per ciascuna ovaiola sia adeguato e che le caratteristiche del posatoio garantiscano la sicurezza degli animali, permettendo loro di esprimere il comportamento naturale di appollaiamento, noto come ""perching"". I posatoi appropriati devono offrire alle galline una sensazione di elevazione e devono essere progettati per ridurre al minimo il rischio di lesioni, massimizzando al contempo il loro utilizzo.\n\nSi deve prestare particolare attenzione all\'assenza di posatoi o alla presenza di posatoi inadeguati, che presentano larghezze inferiori a 1,5 cm o superiori a 10,5 cm, e che non forniscono almeno 15 cm di spazio per ogni ovaiola.', 'Per garantire il benessere delle galline ovaiole, è fondamentale che le attrezzature e le aree destinate alla loro alimentazione siano adeguatamente dimensionate e costruite con materiali idonei. Questo assicura un facile accesso agli animali e consente loro di ingerire la quantità necessaria di alimento per soddisfare i propri fabbisogni, evitando al contempo fenomeni di competizione tra di essi.\n\nUn aspetto cruciale da considerare è che ogni volatile deve avere a disposizione almeno 4 cm di lunghezza nella mangiatoia. Pertanto, è necessario verificare se lo spazio disponibile in ciascuna mangiatoia rispetta questi parametri minimi. È importante notare che le mangiatoie possono essere strutturate in modo adeguato o inadeguato, e il rispetto delle normative è essenziale per garantire un ambiente di alimentazione ottimale.\n\nInoltre, il Decreto Legislativo 267/2003 stabilisce la superficie necessaria per ciascuna gallina ovaia, specificando requisiti per le gabbie modificate e i sistemi alternativi. Per fornire un giudizio accettabile sulla situazione, il valutatore deve accertarsi che tutti questi parametri siano rispettati.', ""Il testo fornisce indicazioni riguardanti l'alimentazione e il benessere delle galline, con particolare attenzione all'ambiente in cui vivono. È fondamentale che i dispositivi di alimentazione e altre attrezzature siano progettati per generare il minimo rumore possibile, al fine di non disturbare gli animali.\n\nIn merito alla gestione dei nidi, si raccomanda di garantire che ci sia almeno un nido ogni cinque galline, affinché possano esprimere il loro comportamento naturale di cova senza interferenze. Per valutare l'adeguatezza dei nidi, si suggerisce di seguire le linee guida del Welfare Quality® (2009). Queste indicano che i nidi devono essere distribuiti uniformemente nello spazio disponibile e che le uova devono essere ripartite in modo omogeneo nella barra di raccolta di fronte al posatoio.\n\nSi considera accettabile avere almeno un nido per gabbia, purché sia coperto su almeno un lato. Tuttavia, un giudizio migliorativo può essere assegnato se il nido è ben separato e utilizzato in modo efficace. Infine, è importante garantire un'illuminazione minima durante il periodo di penombra, per favorire il benessere degli animali."", 'il testo presenta una serie di elementi di verifica relativi agli edifici e ai locali di stabulazione con particolare attenzione ai sistemi di allevamento delle galline in primo luogo si sottolinea che i sistemi di allevamento devono essere progettati in modo da prevenire la fuga delle galline questo è un aspetto fondamentale per garantire la sicurezza e il benessere degli animali in secondo luogo si fa riferimento a specifiche normative come il punto 7 dellallegato a del regolamento 267/2003 che stabilisce che gli impianti con più piani di gabbie devono essere dotati di dispositivi o misure adeguate questi devono permettere unispezione diretta e agevole di tutti i piani facilitando anche il ritiro delle galline in aggiunta il punto 5 dello stesso regolamento evidenzia limportanza di progettare le gabbie e le aperture in modo che una gallina adulta possa essere ritirata senza subire inutili sofferenze o ferite infine si ribadisce che i sistemi di allevamento devono garantire che le galline non possano scappare sottolineando limportanza di un ambiente controllato e sicuro per il benessere degli animali', 'larea b riguarda le strutture e le attrezzature zootecniche che insieme al management e alligiene ambientale possono influenzare il benessere animale nella valutazione del benessere delle galline ovaiole è fondamentale considerare non solo la densità di allevamento ma anche ladeguatezza delle strutture che ospitano gli animali le strutture di stabulazione devono essere progettate in modo da non essere nocive e devono permettere alle galline di esprimere il loro repertorio comportamentale naturale inoltre è essenziale che un allevamento disponga di strutture suppletive adeguate per gestire situazioni particolari come ad esempio uninfermeria è importante sottolineare che tra una corretta condizione ambientale o manageriale e il benessere dellanimale si interpone la capacità di adattamento dellanimale stesso pertanto loperatore che valuta ladeguatezza delle strutture deve prestare particolare attenzione al rischio per il benessere che queste possono rappresentare piuttosto che concentrarsi esclusivamente sullefficienza zootecnica', 'L\'area B riguarda le strutture e le attrezzature zootecniche, che, insieme al management e all\'igiene ambientale, possono influenzare il benessere animale. Nella valutazione del benessere delle galline ovaiole, è fondamentale considerare non solo la densità di allevamento, ma anche l\'adeguatezza delle strutture che ospitano gli animali. \n\nLe strutture di stabulazione devono essere progettate in modo da non essere nocive e devono permettere alle galline di esprimere il loro repertorio comportamentale naturale. Inoltre, è essenziale che un allevamento disponga di strutture suppletive adeguate per gestire situazioni particolari, come ad esempio un\'infermeria.\n\nÈ importante sottolineare che tra una corretta condizione ambientale o manageriale e il benessere dell\'animale si interpone la capacità di adattamento dell\'animale stesso. Pertanto, l\'operatore che valuta l\'adeguatezza delle strutture deve prestare particolare attenzione al ""rischio per il benessere"" che queste possono rappresentare, piuttosto che concentrarsi esclusivamente sull\'efficienza zootecnica.']","Per progettare le strutture di stabulazione delle galline, è fondamentale seguire alcune linee guida specifiche che garantiscano il benessere degli animali e la loro sicurezza. Ecco i passaggi chiave da considerare:

1. **Progettazione delle strutture**: Le strutture devono essere progettate in modo da non presentare rischi per la salute delle galline e devono consentire loro di esprimere comportamenti naturali. È importante che l'allevamento disponga anche di strutture suppletive, come un'area dedicata all'infermeria, per gestire situazioni particolari.

2. **Posatoi**: I posatoi devono offrire stabilità sia durante la seduta che il riposo. Devono essere:
   - Non scivolosi e sufficientemente larghi per garantire una buona presa da parte dei piedi delle galline.
   - Progettati per favorire il comportamento naturale di appollaiamento (""perching"").
   - Privati di bordi aguzzi e offrire almeno 15 cm di spazio per ogni gallina.
   - Disposti con una distanza orizzontale di almeno 30 cm tra di loro e di almeno 20 cm dalle pareti.

3. **Superfici di stabulazione**: Le superfici su cui si trovano le galline devono essere progettate per garantire stabilità e sicurezza. È fondamentale che siano adeguate rispetto alle dimensioni delle zampe degli animali e che permettano il passaggio delle deiezioni al di sotto della superficie calpestabile.

4. **Sistemi di allevamento**: Se si utilizzano sistemi a più piani, è importante che il numero massimo di livelli sovrapposti non superi quattro. Inoltre, l'altezza libera minima tra i vari livelli deve essere di almeno 45 cm.

5. **Spazi all'aperto**: Gli spazi esterni devono offrire riparo dalle intemperie e dai predatori, con la presenza di abbeveratoi adeguati. È necessario dotare queste aree di ripari e zone d'ombra per incentivare le galline a sfruttarle.

6. **Sistemi di alimentazione**: Le attrezzature per l'alimentazione devono essere dimensionate in modo adeguato, garantendo almeno 4 cm di lunghezza nella mangiatoia per ogni gallina, per evitare competizione tra gli animali.

7. **Gestione dei nidi**: È consigliabile avere almeno un nido ogni cinque galline, distribuiti uniformemente nello spazio disponibile, per consentire alle galline di esprimere il loro comportamento naturale di cova.

8. **Illuminazione**: È importante garantire un'illuminazione minima durante il periodo di penombra per favorire il benessere degli animali.

9. **Verifiche e controlli**: È compito del valutatore verificare che tutti questi requisiti siano rispettati, eventualmente avvalendosi della planimetria dell'allevamento.

Seguendo questi passaggi, si può progettare una struttura di stabulazione che non solo soddisfi le normative vigenti, ma che promuova anche il benessere delle galline.","Le strutture di stabulazione devono essere progettate in modo da non essere nocive e devono permettere alle galline di esprimere il loro repertorio comportamentale naturale. È necessario che le strutture presentino condizioni microclimatiche adeguate all'interno, per non compromettere il benessere degli animali; tali condizioni includono temperatura, umidità e qualità dell'aria.",1.0,0.9146352763720247,,0.5,0.2871335659527311,OK,True
Come faccio a salvare la checklist che ho compilato?,"['Riprendere la compilazione di una checklist salvata come bozza.', ""Per inserire una checklist, selezionare l'opzione «Compilazione Checklist (Nuovo)». Procedere con la compilazione della Checklist di Valutazione."", '**Checklist Salvata in Bozza**\n\nSe il questionario è stato salvato come bozza, per riprendere la compilazione seguire i seguenti passaggi:\n\n1. Cliccare su «Compilazione Checklist (Nuovo)».\n2. Individuare il disciplinare di interesse, cliccare su di esso e successivamente selezionare «Storico».', ""Se il Piano di Rientro è stato salvato come bozza, per riprendere la compilazione seguire i seguenti passaggi:\n\n1. Cliccare su «Compilazione Checklist (Nuovo)».\n2. Individuare la specie di interesse, cliccare sull'apposita opzione e successivamente selezionare «Storico».\n\nPiano di Rientro salvato in bozza."", '[DASHBOARD] **Dashboard: Consultazione delle Checklist Compilate**\n\nÈ possibile visualizzare le checklist compilate dal Valutatore direttamente dal cruscotto, in formato tabellare. \n\n1. \n2.', 'Esempio di compilazione\n\nPer completare e inviare, fare clic su ""Completa il questionario"". Si raccomanda di salvare la bozza prima di uscire.', ""Il sistema integrato «ClassyFarm» offre una guida per l'inserimento della check-list tramite un'app. Cliccando sull'icona «Albero di navigazione», gli utenti possono navigare tra le sezioni salvate. Con un semplice clic, è possibile selezionare la sezione desiderata per tornare a essa. Inoltre, si ha la possibilità di tornare alla «Home – Lista questionari compilati» o alla sezione «Testata Questionario».\n\nNella schermata principale, in alto a destra, è anche possibile visualizzare le sezioni compilate sotto la voce «Sezioni». Le sezioni vengono create automaticamente dal sistema durante la compilazione della check-list, e un'icona con una spunta verde indica il completamento di ciascuna sezione."", 'Il sistema integrato ""ClassyFarm"" offre una guida per l\'inserimento della check-list sul benessere dei riproduttori. Una volta completata la compilazione della check-list, è necessario cliccare sul pulsante ""Salva"". A questo punto, apparirà una finestra di avviso che informa che il questionario è completo e può essere caricato. \n\nPer procedere, si deve cliccare su ""Ok"" e successivamente su ""Carica"" per avviare il caricamento del questionario. Una volta completato il caricamento, comparirà un\'altra finestra che conferma che il questionario è stato caricato; anche in questo caso, è necessario cliccare su ""Ok"".\n\nPer uscire dal questionario appena completato e tornare alla home, si deve cliccare sull\'icona ""Albero di navigazione"" e selezionare ""Home"". È importante notare che per tutte le domande è obbligatorio fornire una risposta. Solo quando tutte le sezioni della check-list sono complete, indicate da una spunta verde su ciascuna sezione, sarà possibile caricare il questionario.', 'Il sistema integrato ""ClassyFarm"" offre una guida per l\'inserimento della check-list relativa al benessere durante le fasi di svezzamento e ingrasso. Una volta completata la compilazione della check-list, è necessario cliccare sul pulsante ""Salva"". A questo punto, apparirà una finestra di avviso che conferma il completamento del questionario, con il messaggio ""Questionario Completo – Questo questionario può essere caricato"".\n\nPer procedere, è necessario seguire alcuni passaggi. Innanzitutto, cliccare su ""Ok"" per confermare. Successivamente, si deve cliccare su ""Carica"" per caricare il questionario. Dopo aver effettuato questa operazione, comparirà un\'altra finestra che conferma il caricamento, con il messaggio ""Questo questionario è stato caricato"". Anche in questo caso, è necessario cliccare su ""Ok"".\n\nInfine, per uscire dal questionario appena completato e tornare alla home, si deve cliccare sull\'icona ""Albero di navigazione"" e selezionare l\'opzione ""Home"". Seguendo questi passaggi, si completa il processo di compilazione e caricamento della check-list.', '**22  \nChecklist Salvata in Bozza**  \nIl pulsante «Visualizza» permette esclusivamente di visualizzare le risposte selezionate nel questionario prima del salvataggio.  \n(Per continuare la compilazione, fare clic su «Modifica».)', 'Il sistema integrato ""ClassyFarm"" offre una guida per l\'inserimento della check-list sul benessere dei riproduttori. Utilizzando l\'icona ""Albero di navigazione"", gli utenti possono navigare tra le sezioni salvate. Con un semplice clic, è possibile selezionare la sezione desiderata per tornare a essa. Inoltre, è possibile tornare alla ""Home – Lista questionari compilati"" o alla sezione ""Testata Questionario"".\n\nNella schermata principale, in alto a destra, è presente la voce ""Sezioni"", che consente di visualizzare le sezioni già compilate. Queste sezioni vengono create automaticamente dal sistema durante la compilazione della check-list, e un\'icona con una spunta verde indica il loro completamento.', 'Il sistema integrato «ClassyFarm» offre una guida per l\'inserimento della check-list tramite l\'app. Una volta completata la check-list, è necessario cliccare sul pulsante ""Salva"". A questo punto, apparirà una finestra di avviso che conferma che il questionario è completo e che può essere caricato. Per procedere, si deve cliccare su ""Ok"". Successivamente, si deve selezionare l\'opzione ""Carica"" per avviare il caricamento del questionario. Una volta completato il caricamento, comparirà un\'altra finestra che conferma che il questionario è stato caricato; anche in questo caso, è necessario cliccare su ""Ok"".\n\nPer uscire dal questionario appena completato e tornare alla home, si deve cliccare sull\'icona ""Albero di navigazione"" e poi selezionare ""Home"". È importante notare che per tutte le domande è obbligatorio fornire una risposta. Solo quando tutte le sezioni della check-list sono complete, indicate da una spunta verde su ciascuna sezione, sarà possibile procedere con il caricamento del questionario.', 'la checklist per la valutazione della biosicurezza nei polli da carne secondo il controllo ufficiale previsto per il 2024 include diverse sezioni fondamentali è importante notare che questa checklist è in linea con il decreto ministeriale del 30 maggio 2023 che stabilisce le modalità applicative delle misure di biosicurezza negli allevamenti avicoli una delle sezioni chiave riguarda la gestione della lettiera a fine ciclo in particolare si valutano diversi aspetti 1 **stoccaggio della lettiera a fine ciclo** si verifica se la lettiera viene stoccata correttamente 2 **correttezza della gestione della lettiera** si controlla se la gestione della lettiera a fine ciclo è conforme alle normative vigenti 3 **smaltimento tramite ditta autorizzata** è necessario accertarsi che la lettiera venga smaltita attraverso unazienda autorizzata 4 **smaltimento agronomico autorizzato** si verifica se la lettiera è smaltita in modo agronomico autorizzato in campi di proprietà unaltra sezione importante riguarda i registri è fondamentale che sia presente un registro preferibilmente informatizzato che sia compilato e aggiornato questo registro deve documentare tutti i movimenti in ingresso e in uscita del personale autorizzato degli automezzi degli animali e delle attrezzature questi punti sono essenziali per garantire la biosicurezza negli allevamenti avicoli e per rispettare le normative vigenti', 'assistenza_telefonica la checklist deve essere sempre compilata per garantire una corretta categorizzazione del rischio e fungere da supporto per giustificare una decisione riguardante la conformità o la non conformità è importante notare che la valutazione che può essere classificata come insufficiente accettabile o ottimale non influenzerà direttamente lesito complessivo del controllo in relazione alla condizionalità le attività di osservazione e rilevazione condotte dal veterinario ufficiale riguardanti i parametri basati su misure dirette sugli animali sono principalmente suddivise in tre opzioni di scelta la prima opzione è definita “inaccettabile” o “insufficiente” che si riferisce a condizioni che potrebbero impedire a uno o più animali di soddisfare le proprie esigenze biologiche e di godere delle cinque libertà fondamentali per il benessere animale questo livello di valutazione come indicato nel questionario compilato dal veterinario ufficiale corrisponde a una conferma o meno di una potenziale “non conformità legislativa” qualora prevista nei parametri', 'La guida per l\'inserimento della check-list sul benessere dei riproduttori nel sistema integrato ""ClassyFarm"" prevede una serie di passaggi da seguire per una corretta compilazione. \n\nInnanzitutto, è fondamentale completare l\'intera check-list, selezionando per ciascun item la risposta appropriata. Le opzioni di risposta sono suddivise in tre categorie: ""INSUFFICIENTE"", contrassegnata dal colore rosso; ""MIGLIORABILE"", indicata con il colore arancione; e ""OTTIMALE"", rappresentata dal colore verde. È importante notare che è necessario fornire una risposta a tutti gli item presenti nella check-list.\n\nUna volta che la compilazione di un\'area è stata completata, per procedere alla successiva, è sufficiente cliccare su ""SALVA"" e poi su ""PROSSIMA"". Infine, la presenza di una ""spunta verde"" indica che l\'area è stata compilata in modo completo.']","Per salvare la checklist che hai compilato, segui questi passaggi:

1. Completa l'intera checklist, assicurandoti di fornire una risposta a tutti gli item presenti. Le opzioni di risposta sono suddivise in tre categorie: ""INSUFFICIENTE"" (rosso), ""MIGLIORABILE"" (arancione) e ""OTTIMALE"" (verde).
   
2. Una volta completata la compilazione di un'area, clicca sul pulsante ""Salva"".

3. Dopo aver salvato, apparirà una finestra di avviso che conferma che il questionario è completo e può essere caricato. Clicca su ""Ok"" per confermare.

4. Successivamente, seleziona l'opzione ""Carica"" per avviare il caricamento del questionario.

5. Una volta completato il caricamento, comparirà un'altra finestra che conferma che il questionario è stato caricato; anche in questo caso, clicca su ""Ok"".

6. Per uscire dal questionario appena completato e tornare alla home, clicca sull'icona ""Albero di navigazione"" e seleziona ""Home"".

Ricorda che è importante che tutte le sezioni della checklist siano complete, indicate da una spunta verde su ciascuna sezione, prima di poter procedere con il caricamento del questionario.","Una volta completata la compilazione della checklist, è necessario cliccare sul pulsante ""Salva"". A questo punto appare una finestra di avviso che conferma il completamento del questionario con il messaggio ""Questionario Completo – Questo questionario può essere caricato""; per confermare cliccare su ""Ok"". Successivamente cliccare su ""Carica"" per caricare il questionario. Verrà visualizzata una finestra di avviso che conferma il caricamento del questionario con il messaggio ""Questo questionario è stato caricato""; cliccare su ""Ok"" per confermare.",0.9090909090909091,0.886666270335369,,1.0,0.7512591295284698,OK,True
In che strutture è consentito l'utilizzo di educatori elettrici?,"[""Il testo discute l'uso degli educatori elettrici nelle strutture per animali, evidenziando che tali dispositivi dovrebbero essere impiegati solo in strutture già progettate per il loro utilizzo e che dipendono da essi per garantire l'igiene e il benessere degli animali. È importante notare che gli educatori elettrici non devono essere posizionati a meno di 5 cm dagli animali in stazione eretta e non devono essere utilizzati sugli animali nell'ultimo mese di gravidanza. \n\nL'autorità competente che autorizza l'uso di questi dispositivi deve stabilire limiti riguardanti l'intensità delle scariche elettriche, il motivo e la durata delle stesse, nonché le procedure operative, che devono essere limitate al minimo necessario per ottenere l'effetto desiderato. \n\nIn aggiunta, l'EFSA nel 2012 ha raccomandato di non utilizzare affatto gli educatori elettrici. Infine, si menziona un elemento di verifica relativo alla presenza di educatori elettrici nella stabulazione fissa."", ""Il testo discute l'uso degli educatori elettrici nelle strutture per animali, evidenziando alcune linee guida e restrizioni. \n\nIn primo luogo, si sottolinea che gli educatori elettrici dovrebbero essere impiegati esclusivamente in strutture già progettate per il loro utilizzo, dove sono fondamentali per garantire l'igiene e il benessere degli animali. È specificato che non devono essere utilizzati quando si trovano a meno di 5 cm dagli animali in stazione eretta. \n\nInoltre, l'autorità competente che concede l'autorizzazione per l'uso di educatori elettrici deve stabilire dei limiti riguardanti diversi aspetti: l'intensità delle scariche elettriche, il motivo e la durata delle stesse, nonché le procedure operative. Queste ultime devono essere limitate al minimo necessario per ottenere l'effetto desiderato.\n\nInfine, si menziona che le griglie elettrificate, posizionate sopra gli animali, sono talvolta utilizzate per prevenire comportamenti indesiderati, come la monta tra tori stabulati in gruppi sovraffollati, ma si avverte che tali pratiche potrebbero causare problemi."", 'La figura 18 mostra la presenza di educatori in relazione al campo elettrico, come riportato nel documento CReNBA del 2018.', ""La conformità delle apparecchiature e degli impianti elettrici è un aspetto cruciale da considerare, specialmente fino all'adozione di regole comunitarie specifiche. Secondo il Decreto Legislativo 126/2011, allegato I, punto 2, l'installazione di apparecchiature e circuiti elettrici deve rispettare la normativa nazionale vigente, la quale ha come obiettivo principale quello di prevenire qualsiasi rischio di scossa elettrica.\n\nIn particolare, nel caso in cui i vitelli siano ospitati in ambienti dotati di impianti elettrici, è fondamentale assicurarsi che tali impianti, insieme ai materiali e alle apparecchiature utilizzate, siano progettati, costruiti, installati, utilizzati e mantenuti in conformità con le normative attuali. Questo è essenziale per evitare diversi rischi, tra cui:\n\n1. Contatti elettrici diretti o indiretti con gli animali.\n2. Innesco e propagazione di incendi.\n3. Ustioni causate da sovratemperature pericolose.\n4. Archi elettrici e radiazioni.\n5. Innesco di esplosioni.\n6. Fulminazione, sia diretta che indiretta.\n\nÈ importante notare che la normativa tecnica pertinente è piuttosto complessa e specialistica, e non rientra nelle competenze di tutti."", ""Nella Parte 7 del documento, intitolata “Ambienti ed applicazioni particolari”, sono fornite alcune indicazioni fondamentali riguardo alle caratteristiche degli impianti, in particolare nel paragrafo 705, che si concentra sulle strutture destinate all'uso agricolo o zootecnico. \n\nTra le prescrizioni specifiche, si evidenziano i seguenti punti:\n\n1. È necessaria la predisposizione di un sistema di collegamento a terra efficace, realizzato secondo criteri di equipotenzialità. Questo sistema deve includere collegamenti supplementari, in modo da poter scaricare verso terra le correnti che potrebbero derivare da eventuali guasti, garantendo così la protezione di uomini e animali contro i contatti indiretti.\n\n2. È obbligatoria la presenza di un interruttore differenziale, comunemente noto come salvavita, con una corrente differenziale massima di 0,03 A, per la protezione dei circuiti terminali.\n\n3. Per motivi di sicurezza contro gli incendi, è richiesta l'installazione di un ulteriore interruttore differenziale, con una taratura massima di Idn 0,5 A, a protezione di tutte le linee situate nei luoghi considerati a maggior rischio di incendio. \n\nQueste misure sono essenziali per garantire la sicurezza e la protezione degli impianti in contesti agricoli e zootecnici."", ""Il quadro normativo attuale riguardante gli impianti elettrici si basa principalmente su due normative fondamentali. La prima è il Decreto Legislativo del 9 aprile 2008, n. 81, che attua l'articolo 1 della Legge del 3 agosto 2007, n. 123, e si occupa della tutela della salute e della sicurezza nei luoghi di lavoro. La seconda normativa è il DPR del 22 ottobre 2001, n. 462, che stabilisce un regolamento per semplificare il procedimento di denuncia delle installazioni e dei dispositivi di protezione contro le scariche atmosferiche, nonché dei dispositivi di messa a terra degli impianti elettrici e degli impianti elettrici considerati pericolosi.\n\nIn merito alle attrezzature di lavoro, il Decreto Legislativo 81/2008 e le sue successive modifiche e integrazioni (s.m.i.) impongono a tutti i lavoratori, siano essi dipendenti, assimilati o autonomi, l'obbligo di utilizzare attrezzature conformi alle normative vigenti. Questo obbligo si estende anche ai lavoratori autonomi e ai titolari di aziende a carattere familiare, incluse le aziende agricole e le società semplici."", ""La sezione B.53 riguarda la stabilizzazione fissa e include un elemento di verifica relativo alla presenza di educatori elettrici. È importante assegnare un giudizio negativo se si riscontra la presenza di educatori elettrici in qualsiasi gruppo di animali, che può includere bovine in lattazione, in asciutta o in rimonta. \n\nLa presenza di questi dispositivi, utilizzati per prevenire l'imbrattamento della posta e delle lettiere, è sempre considerata in modo negativo. Questo perché tali strumenti limitano la libertà di espressione dei comportamenti naturali delle bovine, causando frustrazione negli animali. Al contrario, l'assenza di educatori elettrici è vista in modo positivo, poiché consente una maggiore libertà di movimento e comportamento."", 'Il testo discute l\'importanza della conformità alle normative nazionali per prevenire scosse elettriche e garantire la sicurezza degli impianti elettrici. I materiali, le apparecchiature e gli impianti devono essere progettati, costruiti, installati, utilizzati e mantenuti in conformità con le disposizioni vigenti. È fondamentale evitare situazioni pericolose come contatti elettrici diretti o indiretti, incendi, ustioni dovute a sovratemperature, archi elettrici, radiazioni, esplosioni e fulminazioni.\n\nIn merito alla presenza di impianti elettrici nelle aree di stabulazione dei vitelli, si pone una domanda con due possibili risposte: ""Sì"" o ""No"". Inoltre, si richiede di verificare se esiste una dichiarazione di conformità per tali impianti, con le stesse opzioni di risposta. Se la risposta è affermativa e la dichiarazione di conformità non è presente, si specifica che ciò potrebbe essere dovuto al fatto che l\'impianto è stato costruito prima del 1990 e non ha subito interventi di manutenzione straordinaria, ampliamenti o modifiche.', ""Il testo discute l'applicazione delle normative relative alla sicurezza degli impianti elettrici in vari contesti lavorativi e di vita. In particolare, si sottolinea che tali normative si applicano indipendentemente dalla destinazione d'uso degli edifici e degli impianti, siano essi civili, industriali o agricoli. Le caratteristiche di sicurezza degli impianti elettrici sono disciplinate anche negli allevamenti e nelle aziende zootecniche, dove operano lavoratori autonomi o soggetti inclusi nell'articolo 21 del D.Lgs. 81/2008.\n\nInoltre, l'articolo 6 del DM 37/2008 stabilisce che le imprese installatrici devono realizzare gli impianti seguendo la regola dell'arte e in conformità con la normativa vigente. Esse sono responsabili della corretta esecuzione degli impianti. Gli impianti che vengono realizzati secondo le norme del Comitato Elettrotecnico Italiano (CEI) sono considerati eseguiti secondo la regola dell'arte.\n\nInfine, l'articolo 7 del DM 37/2008 prevede che, al termine dei lavori sull'impianto, debbano essere effettuate opportune prove per garantire la sicurezza e il corretto funzionamento degli impianti stessi."", ""Il testo fornisce indicazioni riguardanti la gestione degli animali in relazione alla presenza di educatori elettrici e alla somministrazione di alimenti e acqua. In particolare, si stabilisce che, in presenza di educatori elettrici, è necessario assegnare un giudizio negativo. \n\nPer quanto riguarda l'alimentazione, l'abbeveraggio e la somministrazione di altre sostanze, si fa riferimento a un documento specifico (146/2001 All. Mangimi, acqua e altre sostanze, Punto 17) che stabilisce che le attrezzature utilizzate per la somministrazione di mangimi e acqua devono essere progettate e installate in modo da minimizzare il rischio di contaminazione degli alimenti e dell'acqua, nonché le conseguenze negative derivanti da rivalità tra gli animali.\n\nÈ importante verificare quanti animali possono accedere contemporaneamente alla mangiatoia, tenendo conto degli spazi lineari necessari per ciascun animale in base al loro peso vivo. Le specifiche sono le seguenti: per animali con un peso inferiore a 200 kg, è richiesto uno spazio di almeno 0,4 metri per capo; per animali tra 200 e 300 kg, almeno 0,5 metri per capo; per animali tra 300 e 400 kg, almeno 0,6 metri per capo; per animali tra 400 e 500 kg, almeno 0,65 metri per capo; e per animali oltre 600 kg, almeno 0,7 metri per capo."", ""Il testo riguarda le anomalie non registrate secondo il D.Lgs. 5 agosto 2022, n. 136, e stabilisce alcune linee guida relative all'installazione di apparecchiature e circuiti elettrici. Fino all'adozione di regole comunitarie specifiche, è necessario che tali installazioni siano conformi alla regolamentazione nazionale vigente, che ha l'obiettivo di prevenire qualsiasi rischio di scossa elettrica.\n\nIn merito alla somministrazione di sostanze illecite, si definisce che:\n\n- Si considera non adeguato il caso in cui ci sia evidenza di somministrazione di sostanze illecite.\n- Si considera adeguato il caso in cui non ci sia alcuna evidenza di somministrazione di sostanze illecite.\n\nIn base a queste valutazioni, si conclude che la condizione non è soddisfatta.\n\nInfine, il testo menziona gli edifici e i locali di stabulazione, specificando che le apparecchiature e gli impianti elettrici devono rispettare le normative indicate. L'ente coinvolto in queste valutazioni è l'Istituto Zooprofilattico Sperimentale della Lombardia e dell'Emilia Romagna."", ""La normativa tecnica di riferimento per la valutazione degli impianti elettrici è complessa e specialistica, e non rientra nelle competenze veterinarie. Pertanto, si suggerisce che il controllore ufficiale non si addentri in un'analisi approfondita della questione. Invece, è consigliabile che si concentri su alcuni elementi fondamentali, che verranno specificati in seguito. \n\nIl controllore dovrebbe acquisire documenti e certificazioni che gli permettano di valutare la conformità degli impianti elettrici. In caso di dubbi, è possibile richiedere informazioni specialistiche. Inoltre, se si riscontrano evidenti carenze, è opportuno inviare una segnalazione ai Servizi competenti in materia, come la Prevenzione e Sicurezza negli Ambienti di Lavoro (SPSAL) o l'Impiantistico e Antinfortunistico (UOIA). \n\nIn conclusione, il giudizio finale sulla conformità o non conformità degli impianti, se presenti, deve essere basato su questi elementi e procedure."", 'il testo discute luso degli educatori elettrici nelle strutture per animali evidenziando che tali dispositivi dovrebbero essere impiegati solo in strutture già progettate per il loro utilizzo e che dipendono da essi per garantire ligiene e il benessere degli animali è importante notare che gli educatori elettrici non devono essere posizionati a meno di 5 cm dagli animali in stazione eretta e non devono essere utilizzati sugli animali nellultimo mese di gravidanza lautorità competente che autorizza luso di questi dispositivi deve stabilire limiti riguardanti lintensità delle scariche elettriche il motivo e la durata delle stesse nonché le procedure operative che devono essere limitate al minimo necessario per ottenere leffetto desiderato in aggiunta lefsa nel 2012 ha raccomandato di non utilizzare affatto gli educatori elettrici infine si menziona un elemento di verifica relativo alla presenza di educatori elettrici nella stabulazione fissa', 'il testo discute luso degli educatori elettrici nelle strutture per animali evidenziando alcune linee guida e restrizioni in primo luogo si sottolinea che gli educatori elettrici dovrebbero essere impiegati esclusivamente in strutture già progettate per il loro utilizzo dove sono fondamentali per garantire ligiene e il benessere degli animali è specificato che non devono essere utilizzati quando si trovano a meno di 5 cm dagli animali in stazione eretta inoltre lautorità competente che concede lautorizzazione per luso di educatori elettrici deve stabilire dei limiti riguardanti diversi aspetti lintensità delle scariche elettriche il motivo e la durata delle stesse nonché le procedure operative queste ultime devono essere limitate al minimo necessario per ottenere leffetto desiderato infine si menziona che le griglie elettrificate posizionate sopra gli animali sono talvolta utilizzate per prevenire comportamenti indesiderati come la monta tra tori stabulati in gruppi sovraffollati ma si avverte che tali pratiche potrebbero causare problemi', ""La taratura massima dell'impianto è fissata a 0,5 A, con l'obiettivo di proteggere tutte le linee situate nei luoghi a maggior rischio di incendio. È fondamentale installare gli impianti in modo tale da prevenire danni e rotture causati da mezzi di trasporto e animali. Inoltre, gli impianti e i componenti devono essere realizzati con un grado di protezione adeguato contro la penetrazione di polvere e umidità.\n\nPer quanto riguarda l'alimentazione degli utensili mobili, è necessario utilizzare prolunghe e cavi dotati di un rivestimento idoneo e di prese adeguate, limitando il loro utilizzo al tempo strettamente necessario. I dispositivi di comando e i quadri elettrici devono essere installati in posizioni facilmente accessibili per gli operatori, ma sempre lontano dalle zone di transito e ricovero degli animali.\n\nIn merito alla documentazione dell'impianto, si specifica che per gli impianti realizzati dopo il 13 marzo 1990 e prima del 27 marzo 2008, è obbligatoria la presenza di una dichiarazione di conformità (Di.Co.) accompagnata dai relativi allegati obbligatori.""]","L'uso degli educatori elettrici è consentito esclusivamente in strutture già progettate per il loro utilizzo, dove sono fondamentali per garantire l'igiene e il benessere degli animali. È importante che tali dispositivi non siano posizionati a meno di 5 cm dagli animali in stazione eretta e non siano utilizzati sugli animali nell'ultimo mese di gravidanza. Inoltre, l'autorità competente deve stabilire limiti riguardanti l'intensità delle scariche elettriche, il motivo e la durata delle stesse, nonché le procedure operative, che devono essere limitate al minimo necessario per ottenere l'effetto desiderato.","Gli educatori elettrici dovrebbero essere impiegati esclusivamente in strutture già progettate per il loro utilizzo, dove sono fondamentali per garantire l’igiene e il benessere degli animali. In ogni caso, l'autorità competente che concede l'autorizzazione per l'uso di educatori elettrici deve stabilire dei limiti.",1.0,0.7415786540248162,,1.0,0.4663955870435272,OK,True
Qual è la definizione di operatore ai sensi del Regolamento UE 429/2016?,"[""**Sistema Integrato «ClassyFarm» - Guida per l'Operatore e i suoi Delegati**\n\n**PAG**  \n**OPERATORE**  \n2  \n\nAi sensi del Regolamento UE 429/2016, l'operatore è definito come:  \nQualsiasi persona fisica o giuridica responsabile della gestione di animali o prodotti, anche per un periodo limitato, ad eccezione dei detentori di animali da compagnia e dei veterinari."", ""Il testo fa riferimento a due documenti normativi. Il primo è l'ufficiale n. L 125, datato 23 maggio 1996. Il secondo è il Decreto Legislativo n. 134, emanato il 5 agosto 2022, il quale contiene disposizioni relative al sistema di identificazione e registrazione degli operatori, degli stabilimenti e degli animali. Questo decreto è stato adottato per adeguare la normativa nazionale alle disposizioni del regolamento (UE) 2016/429, in conformità con quanto previsto dall'articolo 14, comma 2, lettere a), b), g), h), i) e p) della legge 22 aprile 2021, n. 53."", ""Durante il controllo, è fondamentale valutare la congruenza dei dati, provvedendo, se necessario, alla loro correzione. Per quanto riguarda le attività di apicoltura, il codice aziendale viene assegnato alla sede legale dell’apicoltore, che per i non professionisti corrisponde alla residenza. \n\nSecondo il regolamento (UE) 2016/429, all'articolo 4(24), l'operatore è definito come l'apicoltore. Gli orientamenti produttivi, che possono essere di tipo familiare o ordinario, sono descritti nel capitolo 2.4 (1 A e C) dell'allegato al DM 07.03.2023. Questi orientamenti rappresentano un attributo di tutto lo stabilimento e sono quindi associati al codice aziendale, piuttosto che a singoli apiari all'interno dello stesso stabilimento.\n\nLa capacità è riferita all'operatore a cui è stato attribuito il codice aziendale e si estende a tutti i suoi apiari, in base alle consistenze rilevabili nel BDN per l'anno di riferimento, che è determinato dalla dichiarazione di inizio attività aggiornata dai censimenti annuali. Infine, l'operatore di apicoltura è tenuto a registrare nel BDN, tra il 1° novembre e il 31 dicembre di ogni anno, le informazioni necessarie."", 'Il testo riguarda l\'immissione sul mercato e l\'utilizzo di mangimi medicati, introducendo modifiche al regolamento (CE) n. 183/2005 del Parlamento europeo e del Consiglio. Inoltre, abroga la direttiva 90/167/CEE del Consiglio, in conformità con l\'articolo 16 della legge 4 agosto 2022, n. 127. \n\nSi fa riferimento al Regolamento (UE) 2019/6 del Parlamento Europeo e del Consiglio, datato 11 dicembre 2018, che tratta dei medicinali veterinari e abroga la direttiva 2001/82/CE. \n\nInoltre, viene definita la figura del detentore, come stabilito nell\'articolo 108 del regolamento (UE) 2019/6. Questa figura corrisponde all\'operatore, come descritto nell\'articolo 4(24) del regolamento (UE) 2016/429. L\'operatore è definito come ""qualsiasi persona fisica o giuridica responsabile di animali o prodotti, anche per un periodo limitato"", con l\'eccezione dei detentori di animali da compagnia e dei veterinari.', ""Durante il controllo, è fondamentale valutare la congruenza dei dati e, se necessario, procedere con la loro correzione. Per quanto riguarda le attività di apicoltura, il codice aziendale viene assegnato alla sede legale dell’apicoltore, che per i non professionisti corrisponde alla residenza. \n\nSecondo il regolamento (UE) 2016/429, all'articolo 4(24), l'operatore è definito come l'apicoltore. Gli orientamenti produttivi, sia familiare che ordinario, sono descritti nel capitolo 2.4 (1 A e C) dell'allegato al DM 07.03.2023. Questi orientamenti rappresentano un attributo dell'intero stabilimento e sono quindi associati al codice aziendale, piuttosto che a singoli apiari all'interno dello stesso stabilimento.\n\nLa capacità è riferita all'operatore a cui è stato attribuito il codice aziendale e si estende a tutti i suoi apiari, in base alle consistenze rilevabili nel BDN per l'anno di riferimento, che è determinato dalla dichiarazione di inizio attività aggiornata dai censimenti annuali. Infine, l'operatore di apicoltura è tenuto a registrare nel BDN, tra il 1° novembre e il 31 dicembre di ogni anno, le informazioni necessarie."", ""Il testo fa riferimento a normative specifiche riguardanti l'uso di sostanze farmacologicamente attive nei mangimi e ai residui di queste sostanze. In particolare, si menziona il Regolamento (UE) 2016/429, adottato dal Parlamento Europeo e dal Consiglio il 9 marzo 2016. Questo regolamento è relativo alle malattie animali trasmissibili e apporta modifiche e abrogazioni a taluni atti precedenti in materia di sanità animale. La pubblicazione ufficiale di questo regolamento è avvenuta nella Gazzetta ufficiale dell'Unione europea il 31 marzo 2016, con il riferimento L 84/1."", ""Nel contesto della gestione degli allevamenti, si stabiliscono specifiche indicazioni riguardo al numero di operatori necessari in base alla tipologia e al numero di animali. \n\nPer quanto riguarda i riproduttori, è previsto un operatore per un numero di animali compreso tra 500 e 800. Invece, per gli animali all’ingrasso, è necessario un operatore per un numero di animali inferiore a 5000. Per i riproduttori, la situazione cambia ulteriormente: è richiesto un operatore per meno di 500 animali.\n\nGli addetti, che possono essere il proprietario, il detentore o il custode degli animali, sono definiti come le persone responsabili della cura e dell'alimentazione degli animali e degli ambienti in cui vivono. Questi addetti possono lavorare a tempo pieno, corrispondente a una persona, oppure a tempo parziale, con un minimo di mezza giornata, che equivale a mezza persona. È importante notare che non si considerano come addetti coloro che operano esclusivamente nei campi o i tecnici, nel caso di filiere integrate.\n\nInfine, il numero di addetti può variare in base a diversi fattori, tra cui la fase di allevamento, il livello di meccanizzazione e l'organizzazione dell'azienda, come ad esempio se si opera in ciclo aperto o chiuso e il numero di capannoni disponibili."", ""Il Decreto Legislativo n. 136 del 5 agosto 2022 ha come obiettivo l'attuazione dell'articolo 14, comma 2, lettere a), b), e), f), h), i), l), n), o) e p) della legge 22 aprile 2021, n. 53. Questo decreto si propone di adeguare e raccordare la normativa nazionale riguardante la prevenzione e il controllo delle malattie animali trasmissibili agli animali o all'uomo, in conformità con le disposizioni del Regolamento (UE) 2016/429 del Parlamento europeo e del Consiglio, datato 9 marzo 2016.\n\nIn aggiunta, è presente il Regolamento (CE) n. 1099/2009 del Consiglio, emanato il 24 settembre 2009, che si occupa della protezione degli animali durante l'abbattimento. \n\nInfine, il Regolamento (UE) 2016/429 del Parlamento Europeo e del Consiglio, anch'esso del 9 marzo 2016, tratta delle malattie animali trasmissibili e apporta modifiche e abrogazioni a taluni atti in materia di sanità animale, definendo così la normativa in questo ambito. \n\nUn ulteriore riferimento è il Regolamento (UE) 2017/625 del Parlamento Europeo e del Consiglio, datato 15 marzo 2017, che si inserisce nel contesto delle normative europee relative alla salute animale."", 'Il testo riguarda l\'impiego sicuro ed efficace dei medicinali veterinari autorizzati e prescritti per la somministrazione orale, specificando che tali medicinali devono essere somministrati attraverso vie diverse dai mangimi medicati e solo ad animali destinati alla produzione di alimenti, da parte del detentore degli animali.\n\nIn particolare, si fa riferimento al Regolamento (UE) 2016/429 del Parlamento Europeo e del Consiglio, datato 9 marzo 2016, che tratta delle malattie animali trasmissibili e modifica e abroga alcuni atti in materia di sanità animale, definito come ""normativa in materia di sanità animale"".\n\nIn aggiunta, viene citato il decreto legislativo del 5 agosto 2022, n. 134, che stabilisce disposizioni relative al sistema di identificazione e registrazione degli operatori, degli stabilimenti e degli animali. Questo decreto è stato adottato per adeguare la normativa nazionale alle disposizioni del Regolamento (UE) 2016/429, in conformità con l\'articolo 14, comma 2, lettere a), b), g), h), i) e p) della legge 22 aprile 2021, n. 53.\n\nInfine, si menziona la Circolare del Ministero della Salute del 4 marzo 2013, che fornisce linee guida applicative relative al Decreto Legislativo del 16.', ""**MODULO DI RICHIESTA DI ACCESSO AL SISTEMA CLASSYFARM CON RUOLO DI OPERATORE**\n\nIl sottoscritto, Signor (Cognome e Nome): ______________________________________,  \nin possesso del seguente Codice Fiscale: ____________________,  \nin qualità di operatore ai sensi del Regolamento (UE) 2016/429 dell'Azienda ____________________,  \ncon sede in _____________________, con attuale codice fiscale/partita IVA _______________________  \ne codice aziendale BDN: ______________,  \n\nDICHIARA  \n\n- di essere in possesso e di fornire i seguenti recapiti:  \n  - e-mail (NO PEC): ____________________________________,  \n  - telefono cellulare: ___________________.  \n\n- di essere in possesso della seguente Username Vetinfo: _______________, oppure di non essere in possesso della Username di Vetinfo e di richiederla contestualmente (barrare la parte non necessaria).  \n\n- di accettare le condizioni del servizio.  \n\n- di essere consapevole che i dati personali appena comunicati saranno trattati in conformità alla normativa vigente."", 'Il testo fornisce informazioni riguardanti la gestione degli operatori e degli animali in un contesto di allevamento, con particolare attenzione ai riproduttori e agli animali da ingrasso.\n\nPer quanto riguarda i riproduttori, è previsto un operatore per un numero di animali compreso tra 500 e 800. Tuttavia, il livello di non conformità in questo caso è segnalato come ""Sì"". Invece, per gli animali all\'ingrasso, è richiesto un operatore per un numero di animali inferiore a 5000, mentre per i riproduttori, un operatore è necessario per meno di 500 animali. In questo secondo caso, il livello di non conformità è considerato ""Ottimale"".\n\nÈ importante indicare il numero degli addetti, poiché si evidenzia che gli animali devono essere accuditi da un numero sufficiente di operatori. Le evidenze raccolte mostrano che non ci sono problematiche per la categoria A, mentre per la categoria C si segnala una conformità. Per la categoria B, invece, non ci sono dati disponibili.\n\nIn merito alla formazione degli addetti, si fa riferimento alla normativa 146/2001, Allegato Personale Punto 1, che stabilisce che gli operatori devono possedere capacità e conoscenze adeguate. È fondamentale valutare le competenze complessive del personale addetto agli animali, considerando sia l\'esperienza pratica accumulata nel settore, sia le conoscenze teoriche, come ad esempio i titoli di studio. Si considera accettabile una lunga esperienza pratica, oppure, in assenza di essa, il conseguimento di una formazione adeguata da parte di giovani allevatori.', 'Secondo il regolamento (UE) 2016/429, articolo 4, paragrafo 27, si definiscono ""locali e strutture"" come qualsiasi tipo di spazio o, nel caso specifico dell\'allevamento all\'aria aperta, qualsiasi ambiente o luogo in cui siano detenuti animali o materiale germinale. Questa definizione si applica sia a situazioni di detenzione temporanea che permanente.', '**sistema integrato classyfarm guida per loperatore e i suoi delegati** **pag** **operatore** 2 ai sensi del regolamento ue 429/2016 loperatore è definito come qualsiasi persona fisica o giuridica responsabile della gestione di animali o prodotti anche per un periodo limitato ad eccezione dei detentori di animali da compagnia e dei veterinari', '**carta intestata azienda** spettabile ministero della salute ………… spettabile classyfarm c/o izsler brescia info@classyfarm i il sottoscritto signor ______________________________________ codice fiscale ________________ in qualità di operatore ai sensi del regolamento ue 2016/429 dellazienda _______________ con sede in ___________________ con attuale codice fiscale/partita iva _____________________ codice bdn __________ specie __________ consapevole delle conseguenze legali derivanti da dichiarazioni false e mendaci ai sensi del d p r 445/2000 delega il signor __________________________ codice fiscale ____________________ user vetinfo _______________ alla consultazione dei dati della propria azienda presenti in classyfarm in fede _____________li ____________ firma del delegante firma del delegato si allegano copia dei documenti di identità del delegante e del delegato', 'Il periodo di attesa prescritto è regolato dal Decreto Legislativo 158 del 2006 e successive modifiche, in particolare all\'articolo 14, comma 2. Questo tempo di attesa è una delle registrazioni che i proprietari e i detentori di animali destinati alla produzione di alimenti devono conservare, come stabilito dall\'articolo 108 del regolamento (UE) 2019/6, anche nel caso in cui il periodo di attesa sia pari a zero.\n\nInoltre, il tempo di attesa è definito dal regolamento (UE) 2019/6 all\'articolo 4, paragrafo 34. È importante notare che, secondo l\'articolo 4, paragrafo 27 del regolamento (UE) 2016/429, si fa riferimento agli stabilimenti. Infine, si utilizza il termine ""movimentare"" per indicare le operazioni relative agli animali.']","Ai sensi del Regolamento UE 429/2016, l'operatore è definito come ""qualsiasi persona fisica o giuridica responsabile della gestione di animali o prodotti, anche per un periodo limitato, ad eccezione dei detentori di animali da compagnia e dei veterinari"" [1].","Ai sensi del Regolamento UE 429/2016, l'operatore è definito come qualsiasi persona fisica o giuridica responsabile della gestione di animali o prodotti, anche per un periodo limitato, ad eccezione dei detentori di animali da compagnia e dei veterinari.",1.0,0.9226194735499867,0.6397445147374065,1.0,0.9965445319796571,OK,True
Dove trovo la sezione dell'operatore e dei suoi delegati?,"[""**Sistema Integrato «ClassyFarm» - Guida per l'Operatore e i suoi Delegati**\n\nL'operatore ha la possibilità di delegare un referente per la visualizzazione delle informazioni presenti nei cruscotti e nei report.\n\n1. **SITO WWW.CLASSYFARM.IT – SEZIONE OPERATORE E SUOI DELEGATI**: In questa sezione sono forniti dettagli sul percorso da seguire e sui documenti da compilare e caricare su ClassyFarm per ottenere l'autorizzazione all'accesso.\n   \n2. **ACCESSO AL SISTEMA CLASSYFARM (da VetInfo)**: L'accesso è suddiviso in tre aree distinte:\n   1. AREA OPERATORE\n   2. AREA DELEGATO DA SINGOLO OPERATORE\n   3. AREA DELEGATO DA PIÙ OPERATORI\n\n**PERCORSO**"", ""Sistema Integrato «ClassyFarm» - Guida per l'Operatore e i suoi Delegati  \nPAG. 1  \nSITO WWW.CLASSYFARM.IT  \n5  \nOPERATORE E I SUOI DELEGATI"", '**Sistema Integrato «ClassyFarm» - Guida per l\'Operatore e i suoi Delegati**\n\n**RICHIESTA DI PROFILO**  \n**Delegato da Singolo Operatore**  \n\nLa richiesta di accesso con la qualifica di Delegato da singolo operatore deve essere redatta e inviata al Ministero della Salute, con copia conoscenza all\'indirizzo info@classyfarm.it. Le modalità e la documentazione necessaria sono disponibili nella sezione ""OPERATORE E SUOI DELEGATI"" sul sito www.classyfarm.it. \n\nIl Delegato da singolo operatore è tenuto a comunicare, attraverso i canali sopra indicati, la cessazione della delega.', ""**Sistema Integrato «ClassyFarm» - Guida per l'Operatore e i suoi Delegati**\n\n**PAG**\n\n**GUIDA ILLUSTRATA PER L'OPERATORE E IL DELEGATO**\n\n- Richiesta di Profilo per l'Operatore\n- Nomina del Ruolo di Delegato da parte di un Singolo Operatore\n- Nomina del Ruolo di Delegato da parte di più Operatori\n- Accesso al Ruolo di Operatore\n- Accesso al Ruolo di Delegato da parte di un Singolo Operatore\n- Accesso e Caricamento delle Autorizzazioni per il Ruolo di Delegato da parte di più Operatori\n\n**7**"", '**Sistema Integrato «ClassyFarm» - Guida per l\'Operatore e i suoi Delegati**\n\n**Delegato da più operatori**  \n**Pagina 24**\n\n1. Selezionare ""ClassyFarm 2.0"".\n2. Cliccare su ""Delegato da più operatori"".\n\n**Nota Bene:** In caso di attesa prolungata, si prega di cliccare su ""Aggiorna pagina"".', '**Sistema Integrato «ClassyFarm» - Guida per l\'Operatore e i suoi Delegati**\n\n**Pagina**  \nDelegato da singolo operatore  \n19  \n\n1. Selezionare ""ClassyFarm 2.0"".  \n2. Scegliere il ruolo di ""Delegato da singolo operatore"".  \n\n**Nota Bene:** In caso di attesa prolungata, si consiglia di cliccare su ""Aggiorna pagina"".', '**Sistema Integrato «ClassyFarm» - Guida per l\'Operatore e i suoi Delegati**\n\n**RICHIESTA DI PROFILO**\n\nLa richiesta di accesso con la qualifica di Delegato da parte di più operatori deve essere redatta e inviata al Ministero della Salute, con copia conoscenza all\'indirizzo email info@classyfarm.it. Le modalità e la documentazione necessaria sono disponibili nella sezione ""OPERATORE E SUOI DELEGATI"" sul sito www.classyfarm.it.\n\nSuccessivamente, il Delegato da parte di più operatori sarà responsabile della raccolta, del caricamento e dell\'aggiornamento delle singole adesioni dei vari operatori attraverso il pannello predisposto, selezionando l\'opzione ""Selezione azienda"".', ""Sistema Integrato «ClassyFarm» - Guida per l'Operatore e i suoi Delegati\n\nDelegato dell'Operatore: figura designata dall'operatore responsabile degli animali, con la sola facoltà di visualizzare i cruscotti degli allevamenti associati allo stesso operatore."", '**Sistema Integrato «ClassyFarm» - Guida per l\'Operatore e i suoi Delegati**\n\n**RICHIESTA DI PROFILO**  \n**Operatore**  \nLa richiesta di accesso con la qualifica di Operatore deve essere redatta e inviata direttamente all\'indirizzo email info@classyfarm.it, seguendo le modalità e i documenti indicati nella sezione ""OPERATORE E SUOI DELEGATI"" presente sul sito www.classyfarm.it.', '**ISTRUZIONI PER LA DELEGA**\n\n1. Scaricare, compilare e firmare il modello di delega disponibile al seguente link.\n2. Inviare la delega e i documenti di identità (sia dell\'allevatore che del delegato) al Ministero della Salute, utilizzando uno degli indirizzi sottostanti, e in copia conoscenza (CC) a ClassyFarm.\n\n- **Delegato da singolo operatore**: Attendere l\'e-mail di avvenuta abilitazione.\n- **Delegato da più operatori**: Caricare nel sistema i documenti di identità e le deleghe nella sezione ""Seleziona azienda"".\n\nPer ulteriori informazioni, visitare il sito: www.classyfarm.it.', '**Sistema Integrato «ClassyFarm» - Guida per l\'Operatore e i suoi Delegati**\n\n**Operatore**  \n**Pagina 14**\n\n1. Selezionare ""ClassyFarm 2.0"".\n2. Scegliere il ruolo di Operatore.\n\n**Nota Bene:** In caso di attesa prolungata, si consiglia di cliccare su ""Aggiorna Pagina"".', '**PAG**  \nSistema Integrato «ClassyFarm» - Guida per il Delegato da Operatore - Filiera o Gruppo  \n\n**PRIMA DI INIZIARE**  \nPer visualizzare i dati relativi al Delegato da Operatore, è necessario disporre dei seguenti documenti (foto o scansione) per ogni singolo allevamento che abbia conferito formale delega:  \n• Documento di identità del Delegato  \n• Documento di identità dell’Operatore Responsabile degli Animali  \n• Modulo di delega compilato in tutte le sue parti e firmato dall’Operatore Responsabile degli Animali. (N.B. La scansione originale firmata deve essere fornita in un unico file)  \n\nIl modulo è scaricabile dal sito www.classyfarm.it  \n**PAG 26**', 'sistema integrato classyfarm guida per loperatore e i suoi delegati delegato delloperatore figura designata dalloperatore responsabile degli animali con la sola facoltà di visualizzare i cruscotti degli allevamenti associati allo stesso operatore', '**sistema integrato classyfarm guida per loperatore e i suoi delegati** **richiesta di profilo** **operatore** la richiesta di accesso con la qualifica di operatore deve essere redatta e inviata direttamente allindirizzo email info@classyfarm it seguendo le modalità e i documenti indicati nella sezione operatore e suoi delegati presente sul sito www classyfarm it', ""[ASSISTENZA_TELEFONICA] **Sistema Integrato «ClassyFarm» - Guida per l'Operatore e i suoi Delegati**\n\n**Contatti**\n\n**Indirizzo E-mail Assistenza:**  \ninfo@classyfarm.it  \n*Risposta garantita entro 3 giorni lavorativi.*\n\n**Numero Telefonico Assistenza:**  \n800-082280  \n*Si prega di seguire la procedura guidata.*  \n*Orari di disponibilità: Lunedì – Venerdì, dalle 10:00 alle 16:00.*""]",Puoi trovare la sezione dedicata all'operatore e ai suoi delegati sul sito [www.classyfarm.it](http://www.classyfarm.it). In questa sezione sono forniti dettagli sul percorso da seguire e sui documenti da compilare per ottenere l'autorizzazione all'accesso.,"La sezione è disponibile sul sito www.classyfarm.it alla voce ""Operatore e i suoi Delegati"".",1.0,0.903969833761773,0.8974681883691205,1.0,0.49793118855563034,OK,True
Come si accede ai cruscotti interattivi di ClassyFarm?,"[""Selezionare ClassyFarm 2.0  \n5  \nISTRUZIONI PER L'ACCESSO A CLASSYFARM"", '[DASHBOARD] **PAG**  \nSistema Integrato «ClassyFarm» - Guida per Delegati Operatori - Filiera o Gruppo  \n**CRUSCOTTI - RISULTATI**  \n29  \n\nPer accedere ai cruscotti interattivi:  \n- Accedere a VETINFO  \n- Selezionare ClassyFarm → ClassyFarm 2.0  \n- Scegliere il profilo  \n- Cliccare su Dashboard  \n\n1. Consultare la GUIDA AI CRUSCOTTI INTERATTIVI al seguente link: www.classyfarm.it', '[DASHBOARD] **PAG**  \nSistema Integrato «ClassyFarm» - Guida per Delegati Operatori - Filiera o Gruppo  \n**CRUSCOTTI - RISULTATI**  \n16  \n\nPer accedere ai cruscotti interattivi:  \n- Accedere a VETINFO  \n- Selezionare ClassyFarm → ClassyFarm 2.0  \n- Selezionare il PROFILO  \n- Cliccare su Dashboard  \n\n1. Consultare la GUIDA AI CRUSCOTTI INTERATTIVI al seguente link: www.classyfarm.it', '[DASHBOARD] **PAG**  \nSistema Integrato «ClassyFarm» - Guida per Delegati Operatori - Filiera o Gruppo  \n**CRUSCOTTI - RISULTATI**  \n21  \n\nPer accedere ai cruscotti interattivi:  \n- Accedere a VETINFO  \n- Selezionare ClassyFarm → ClassyFarm 2.0  \n- Selezionare il PROFILO  \n- Cliccare su Dashboard  \n\n1. Consultare la GUIDA AI CRUSCOTTI INTERATTIVI al seguente link: www.classyfarm.it', '**4. PROCEDURA DI ACCESSO A CLASSYFARM**\n\n1. Accedere all\'area riservata di VETINFO (www.vetinfo.it) utilizzando le credenziali di accesso, ovvero username e password, SPID o CNS, attraverso il browser Google Chrome.\n2. Selezionare l\'opzione ""ClassyFarm"".', ""**ISTRUZIONI PER L'ACCESSO A CLASSYFARM**\n\nSelezionare l'opzione «ClassyFarm 2.0».  \n4"", 'Per accedere al Sistema Integrato «ClassyFarm» e inserire la check-list sull\'app, segui questi passaggi:\n\n1. Accedi all\'area riservata di VETINFO visitando il sito www.vetinfo.it. Utilizza le tue credenziali, ovvero il tuo Username e Password. Si consiglia di utilizzare il browser Chrome per una migliore esperienza.\n   \n2. Una volta effettuato l\'accesso, clicca su ""ClassyFarm"" per procedere.', 'Il sistema integrato ""ClassyFarm"" offre una guida per l\'inserimento della check-list relativa al benessere dei riproduttori. Nella sezione dedicata ai risultati, è possibile visualizzare i cruscotti. Se necessario, è importante abilitare il plugin Flash cliccando sul pulsante indicato dalla freccia e attendere il caricamento dei cruscotti. Questa operazione è fondamentale per accedere alle informazioni desiderate. La pagina di riferimento per queste informazioni è la numero 30.', 'Il ""Sistema Integrato ClassyFarm"" offre una guida per l\'inserimento della check-list relativa al benessere durante le fasi di svezzamento e ingrasso degli animali. Nella sezione dedicata ai risultati, è possibile visualizzare i cruscotti informativi. Se necessario, per accedere a queste informazioni, è richiesto di abilitare il plugin Flash. Per farlo, è sufficiente cliccare sul pulsante indicato dalla freccia e attendere il caricamento dei cruscotti. La pagina di riferimento per queste operazioni è la numero 38.', 'dashboard **pag** sistema integrato classyfarm guida per delegati operatori filiera o gruppo **cruscotti risultati** 29 per accedere ai cruscotti interattivi accedere a vetinfo selezionare classyfarm → classyfarm 2 0 scegliere il profilo cliccare su dashboard 1 consultare la guida ai cruscotti interattivi al seguente link www classyfarm it', 'dashboard **pag** sistema integrato classyfarm guida per delegati operatori filiera o gruppo **cruscotti risultati** 21 per accedere ai cruscotti interattivi accedere a vetinfo selezionare classyfarm → classyfarm 2 0 selezionare il profilo cliccare su dashboard 1 consultare la guida ai cruscotti interattivi al seguente link www classyfarm it', 'dashboard **pag** sistema integrato classyfarm guida per delegati operatori filiera o gruppo **cruscotti risultati** 16 per accedere ai cruscotti interattivi accedere a vetinfo selezionare classyfarm → classyfarm 2 0 selezionare il profilo cliccare su dashboard 1 consultare la guida ai cruscotti interattivi al seguente link www classyfarm it', '**ISTRUZIONI PER L\'ACCESSO A CLASSYFARM**\n\nPer accedere all\'area riservata di VETINFO (www.vetinfo.it), utilizzare le credenziali di accesso consuete (Username e Password). \n\nSuccessivamente, selezionare l\'opzione ""ClassyFarm"".', ""**5. MODALITÀ DI ACCESSO A CLASSYFARM**  \nSelezionare l'opzione «ClassyFarm 2.0»."", '**pag** sistema integrato classyfarm guida per delegati operatori filiera o gruppo per selezionare preliminarmente il veterinario aziendale o revocare la nomina 1 accedere a vetinfo 2 selezionare classyfarm → classyfarm 2 0 3 selezionare il profilo 1 cliccare su selezione veterinario aziendale 2 nella sezione dottore cliccare cercare e selezionare il professionista abilitato **nota bene ** il veterinario aziendale dovrà validare e caricare la documentazione come indicato nella guida specifica 3 cliccare su conferma **nota bene ** per revocare la nomina cliccare su icona di revoca e poi su conferma **scelta e revoca del veterinario aziendale** 1 consultare la guida ai cruscotti interattivi al seguente link www classyfarm it 2 3']","Per accedere ai cruscotti interattivi di ClassyFarm, segui questi passaggi:

1. Accedi all'area riservata di VETINFO visitando il sito www.vetinfo.it. Utilizza le tue credenziali di accesso, ovvero username e password, SPID o CNS. Si consiglia di utilizzare il browser Google Chrome per una migliore esperienza.

2. Una volta effettuato l'accesso, seleziona l'opzione ""ClassyFarm"".

3. Seleziona ""ClassyFarm 2.0"".

4. Scegli il profilo desiderato.

5. Clicca su ""Dashboard"" per visualizzare i cruscotti interattivi.

6. Se necessario, consulta la GUIDA AI CRUSCOTTI INTERATTIVI al seguente link: www.classyfarm.it.

Assicurati di abilitare il plugin Flash se richiesto, per garantire il corretto caricamento dei cruscotti.","Per accedere ai cruscotti interattivi è necessario: 1) accedere a Vetinfo, 2) selezionare ClassyFarm → ClassyFarm 2.0, 3) selezionare il proprio profilo, 4) cliccare su ""Dashboard"".",1.0,0.6090543502805581,0.9999999999933333,1.0,0.8017468082362107,OK,True
Cosa devo fare per nominare un delegato da singolo operatore?,"[""**Sistema Integrato «ClassyFarm» - Guida per l'Operatore e i suoi Delegati**\n\n**PAG**\n\n**GUIDA ILLUSTRATA PER L'OPERATORE E IL DELEGATO**\n\n- Richiesta di Profilo per l'Operatore\n- Nomina del Ruolo di Delegato da parte di un Singolo Operatore\n- Nomina del Ruolo di Delegato da parte di più Operatori\n- Accesso al Ruolo di Operatore\n- Accesso al Ruolo di Delegato da parte di un Singolo Operatore\n- Accesso e Caricamento delle Autorizzazioni per il Ruolo di Delegato da parte di più Operatori\n\n**7**"", '**Sistema Integrato «ClassyFarm» - Guida per l\'Operatore e i suoi Delegati**\n\n**RICHIESTA DI PROFILO**  \n**Delegato da Singolo Operatore**  \n\nLa richiesta di accesso con la qualifica di Delegato da singolo operatore deve essere redatta e inviata al Ministero della Salute, con copia conoscenza all\'indirizzo info@classyfarm.it. Le modalità e la documentazione necessaria sono disponibili nella sezione ""OPERATORE E SUOI DELEGATI"" sul sito www.classyfarm.it. \n\nIl Delegato da singolo operatore è tenuto a comunicare, attraverso i canali sopra indicati, la cessazione della delega.', '**ISTRUZIONI PER LA DELEGA**\n\n1. Scaricare, compilare e firmare il modello di delega disponibile al seguente link.\n2. Inviare la delega e i documenti di identità (sia dell\'allevatore che del delegato) al Ministero della Salute, utilizzando uno degli indirizzi sottostanti, e in copia conoscenza (CC) a ClassyFarm.\n\n- **Delegato da singolo operatore**: Attendere l\'e-mail di avvenuta abilitazione.\n- **Delegato da più operatori**: Caricare nel sistema i documenti di identità e le deleghe nella sezione ""Seleziona azienda"".\n\nPer ulteriori informazioni, visitare il sito: www.classyfarm.it.', ""**Sistema Integrato «ClassyFarm» - Guida per l'Operatore e i suoi Delegati**\n\nL'operatore ha la possibilità di delegare un referente per la visualizzazione delle informazioni presenti nei cruscotti e nei report.\n\n1. **SITO WWW.CLASSYFARM.IT – SEZIONE OPERATORE E SUOI DELEGATI**: In questa sezione sono forniti dettagli sul percorso da seguire e sui documenti da compilare e caricare su ClassyFarm per ottenere l'autorizzazione all'accesso.\n   \n2. **ACCESSO AL SISTEMA CLASSYFARM (da VetInfo)**: L'accesso è suddiviso in tre aree distinte:\n   1. AREA OPERATORE\n   2. AREA DELEGATO DA SINGOLO OPERATORE\n   3. AREA DELEGATO DA PIÙ OPERATORI\n\n**PERCORSO**"", ""**PAG**  \nSistema Integrato «ClassyFarm» - Guida per il Delegato da Operatore - Filiera o Gruppo  \n\n2. Cliccare su «Conferma» (Nota Bene: il pulsante si colorerà in amaranto «Attivo» una volta che tutti i documenti richiesti sono stati caricati).  \n\n**Procedura per l'abbinamento all'allevamento:**  \n1. Caricare tutti i documenti richiesti:  \n   - Documento di identità del Delegato Operatore  \n   - Documento di identità dell'Operatore Responsabile degli Animali  \n   - Modulo di autorizzazione («Modulo di delega dell'Operatore Responsabile degli Animali al Delegato Operatore»)  \n\n**CARICAMENTO DELEGA**"", '**Sistema Integrato «ClassyFarm» - Guida per l\'Operatore e i suoi Delegati**\n\n**Pagina**  \nDelegato da singolo operatore  \n19  \n\n1. Selezionare ""ClassyFarm 2.0"".  \n2. Scegliere il ruolo di ""Delegato da singolo operatore"".  \n\n**Nota Bene:** In caso di attesa prolungata, si consiglia di cliccare su ""Aggiorna pagina"".', '**Sistema Integrato «ClassyFarm» - Guida per l\'Operatore e i suoi Delegati**\n\n**Operatore**  \n**Pagina 14**\n\n1. Selezionare ""ClassyFarm 2.0"".\n2. Scegliere il ruolo di Operatore.\n\n**Nota Bene:** In caso di attesa prolungata, si consiglia di cliccare su ""Aggiorna Pagina"".', '**Sistema Integrato «ClassyFarm» - Guida per l\'Operatore e i suoi Delegati**\n\n**Delegato da più operatori**  \n**Pagina 24**\n\n1. Selezionare ""ClassyFarm 2.0"".\n2. Cliccare su ""Delegato da più operatori"".\n\n**Nota Bene:** In caso di attesa prolungata, si prega di cliccare su ""Aggiorna pagina"".', '**PAG**  \nSistema Integrato «ClassyFarm» - Guida per il Delegato da Operatore - Filiera o Gruppo  \n\n**PRIMA DI INIZIARE**  \nPer visualizzare i dati relativi al Delegato da Operatore, è necessario disporre dei seguenti documenti (foto o scansione) per ogni singolo allevamento che abbia conferito formale delega:  \n• Documento di identità del Delegato  \n• Documento di identità dell’Operatore Responsabile degli Animali  \n• Modulo di delega compilato in tutte le sue parti e firmato dall’Operatore Responsabile degli Animali. (N.B. La scansione originale firmata deve essere fornita in un unico file)  \n\nIl modulo è scaricabile dal sito www.classyfarm.it  \n**PAG 26**', '**Sistema Integrato «ClassyFarm» - Guida per l\'Operatore e i suoi Delegati**\n\n**RICHIESTA DI PROFILO**\n\nLa richiesta di accesso con la qualifica di Delegato da parte di più operatori deve essere redatta e inviata al Ministero della Salute, con copia conoscenza all\'indirizzo email info@classyfarm.it. Le modalità e la documentazione necessaria sono disponibili nella sezione ""OPERATORE E SUOI DELEGATI"" sul sito www.classyfarm.it.\n\nSuccessivamente, il Delegato da parte di più operatori sarà responsabile della raccolta, del caricamento e dell\'aggiornamento delle singole adesioni dei vari operatori attraverso il pannello predisposto, selezionando l\'opzione ""Selezione azienda"".', '**Sistema Integrato «ClassyFarm» - Guida per l\'Operatore e i suoi Delegati**\n\n**RICHIESTA DI PROFILO**  \n**Operatore**  \nLa richiesta di accesso con la qualifica di Operatore deve essere redatta e inviata direttamente all\'indirizzo email info@classyfarm.it, seguendo le modalità e i documenti indicati nella sezione ""OPERATORE E SUOI DELEGATI"" presente sul sito www.classyfarm.it.', 'VETERINARIO:\n- AZIENDALE\n- INCARICATO\n- UFFICIALE\n(Clicca sulla tua figura per consultare la procedura)\nOPERATORE DELEGATO\n2\nwww.classyfarm.it', '**sistema integrato classyfarm guida per loperatore e i suoi delegati** **pag** **guida illustrata per loperatore e il delegato** richiesta di profilo per loperatore nomina del ruolo di delegato da parte di un singolo operatore nomina del ruolo di delegato da parte di più operatori accesso al ruolo di operatore accesso al ruolo di delegato da parte di un singolo operatore accesso e caricamento delle autorizzazioni per il ruolo di delegato da parte di più operatori **7**', '**sistema integrato classyfarm guida per loperatore e i suoi delegati** **pagina** delegato da singolo operatore 19 1 selezionare classyfarm 2 0 2 scegliere il ruolo di delegato da singolo operatore **nota bene ** in caso di attesa prolungata si consiglia di cliccare su aggiorna pagina', ""Sistema Integrato «ClassyFarm» - Guida per l'Operatore e i suoi Delegati\n\nDelegato dell'Operatore: figura designata dall'operatore responsabile degli animali, con la sola facoltà di visualizzare i cruscotti degli allevamenti associati allo stesso operatore.""]","Per nominare un delegato da singolo operatore, devi seguire questi passaggi:

1. **Compilare la richiesta di accesso**: Redigi la richiesta di accesso con la qualifica di Delegato da singolo operatore.
2. **Invio della richiesta**: Invia la richiesta al Ministero della Salute, con copia conoscenza all'indirizzo [[EMAIL_RIMOSSO]](mailto:[EMAIL_RIMOSSO]).
3. **Documentazione necessaria**: Assicurati di includere la documentazione richiesta, che puoi trovare nella sezione ""OPERATORE E SUOI DELEGATI"" sul sito [www.classyfarm.it](http://www.classyfarm.it).
4. **Comunicazione di cessazione**: Se necessario, il Delegato deve comunicare la cessazione della delega attraverso i canali indicati.

Per ulteriori dettagli, visita il sito [www.classyfarm.it](http://www.classyfarm.it).","Devi compilare la richiesta di accesso con la qualifica di Delegato da singolo operatore e inviarla al Ministero della Salute, con copia conoscenza a info@classyfarm.it, seguendo le modalità e la documentazione descritte nella sezione ""Operatore e i suoi Delegati"" sul sito www.classyfarm.it.",0.6,0.907567472118336,0.8333866133782796,1.0,0.7070563080064864,EMAIL_MISMATCH,True
Come posso selezionare il veterinario aziendale in ClassyFarm?,"[""[DASHBOARD] **Sistema Integrato «ClassyFarm» - Guida per l'Operatore e i suoi Delegati**\n\n**PAG**  \n**SCELTA DELL'AMBIENTE**  \n15  \n\n1. Cliccare su «Dashboard» per accedere alla consultazione dei cruscotti.\n2. Per selezionare preliminarmente il Veterinario aziendale o revocare la nomina:\n\n   1. Nome utente e profilo selezionato; cliccare qui per modificare il profilo.  \n   2."", '**PAG**  \nSistema Integrato «ClassyFarm» - Guida per Delegati Operatori - Filiera o Gruppo  \n\nPer selezionare preliminarmente il Veterinario Aziendale o revocare la nomina:  \n1. Accedere a VETINFO  \n2. Selezionare ClassyFarm → ClassyFarm 2.0  \n3. Selezionare il PROFILO  \n   1. Cliccare su ""Selezione Veterinario Aziendale""  \n   2. Nella sezione ""Dottore"", cliccare, cercare e selezionare il professionista abilitato.  \n   **Nota Bene:** Il Veterinario Aziendale dovrà validare e caricare la documentazione come indicato nella guida specifica.  \n   3. Cliccare su ""Conferma"".  \n   **Nota Bene:** Per revocare la nomina, cliccare su [icona di revoca] e poi su ""Conferma"".  \n\n**SCELTA E REVOCA DEL VETERINARIO AZIENDALE**  \n\n1. Consultare la GUIDA AI CRUSCOTTI INTERATTIVI al seguente link: www.classyfarm.it  \n2.  \n3.', ""**ISTRUZIONI PER L'ACCESSO A CLASSYFARM**\n\n1. Selezionare il ruolo: Veterinari incaricati (o Veterinari Aziendali).  \n5"", ""L'accesso al programma di elaborazione dei dati rilevati è riservato esclusivamente ai veterinari. Tuttavia, per poter accedere a questo programma, è necessario che i veterinari abbiano completato e superato un corso specifico per veterinario aziendale. Questo corso include anche un modulo dedicato all'utilizzo del sistema ClassyFarm."", ""[ASSISTENZA_TELEFONICA] **Sistema Integrato «ClassyFarm» - GUIDA ALL'INSERIMENTO DEL CONTROLLO REMOTO DEL BENESSERE SUINO**\n\n**FAQ**  \n**Pagina 28**\n\n1. Per l'abilitazione al sistema ClassyFarm da parte dei veterinari ufficiali, è necessario contattare il Referente Regionale.\n2. Gli utenti ufficiali sono autorizzati a effettuare la compilazione per il proprio territorio di competenza. Qualora si inserisca un codice aziendale di competenza e non venga visualizzato alcun risultato, si prega di contattare l'assistenza inviando un'email a info@classyfarm.it, specificando il codice allevamento, l'username di vetinfo e l'ASL di appartenenza."", 'VETERINARIO:\n- AZIENDALE\n- INCARICATO\n- UFFICIALE\n(Clicca sulla tua figura per consultare la procedura)\nOPERATORE DELEGATO\n2\nwww.classyfarm.it', ""Per associarsi all'allevamento nel sistema integrato «ClassyFarm», seguire questi passaggi:\n\n1. Dopo aver scelto il proprio ruolo, cliccare su «Selezione Azienda».\n2. Procedere cliccando su «Nuovo Allevamento».\n3. Inserire il codice aziendale e poi cliccare su «Verifica».\n4. Cliccando su «Dettagli», è possibile visualizzare le informazioni relative all'allevamento, come la ragione sociale, la partita IVA e l'indirizzo.\n5. Selezionare la checklist che deve essere compilata per l'allevamento scelto. Si noti che, nel caso si disponga di un veterinario aziendale, il passaggio 4 non è necessario."", ""**RICHIESTA DI ACCESSO AL SISTEMA CLASSYFARM**\n\nIl sottoscritto Dott. ...................................................................................................................................,  \ncodice fiscale ......................................................., iscritto all'Ordine dei Medici Veterinari della  \nProvincia di ......................... n. ......., e-mail ..........................................................................................,  \nUsername Vetinfo ................................................................................................................................,  \n\nDICHIARA  \n• di aver frequentato il corso di veterinario aziendale ai sensi del D.M. 7 dicembre 2017;  \n• di aver seguito un percorso di formazione dedicato;  \n• di essere consapevole che:  \n  o i dati personali forniti saranno trattati dal sistema ClassyFarm per:  \n    - le operazioni di accesso e profilazione al sistema;  \n  o per l’invio di comunicazioni via e-mail."", ""**RICHIESTA DI ACCESSO AL SISTEMA CLASSYFARM**\n\nIl sottoscritto Dott. ...................................................................................................................................,  \ncodice fiscale ......................................................., iscritto all'Ordine dei Medici Veterinari della  \nProvincia di ......................... n. ......., e-mail ..........................................................................................,  \nUsername Vetinfo ................................................................................................................................,  \n\nDICHIARA\n\n- di aver frequentato il corso di veterinario aziendale ai sensi del D.M. 7 dicembre 2017;  \n- di aver seguito un percorso di formazione dedicato;  \n- di essere consapevole che i dati personali forniti saranno trattati dal sistema ClassyFarm per:  \n  - le operazioni di accesso e profilazione al sistema;  \n  - l'invio di comunicazioni via e-mail."", 'Il sistema integrato ""ClassyFarm"" offre una guida per l\'inserimento della check-list tramite l\'app. All\'interno di questo sistema, è possibile accedere con diversi ruoli, tra cui:\n\n1. **Medico Veterinario**: Si tratta di un Medico Veterinario Aziendale che è iscritto all\'Elenco Pubblico Nazionale dei Veterinari Aziendali (FNOVI). Questo professionista ha la responsabilità di garantire il benessere degli animali e la biosicurezza nelle aziende agricole.\n\n2. **Medico Veterinario Incaricato**: Questo ruolo è riservato a veterinari che hanno completato specifici corsi di formazione. In particolare, devono aver frequentato:\n   - Il corso di veterinario aziendale, come previsto dal Decreto Ministeriale del 7 dicembre 2017.\n   - Un corso specialistico tenuto da docenti delle Istituzioni Zooprofilattiche Sperimentali (IIZZSS), focalizzato sulla valutazione del rischio applicata al benessere animale e alla biosicurezza per la popolazione animale in esame.\n\nIl Medico Veterinario Incaricato è temporaneamente designato dall\'allevatore per eseguire la valutazione del rischio in allevamento, con particolare attenzione al benessere animale e alla biosicurezza.\n\nInfine, è necessario selezionare il ruolo appropriato per procedere con l\'inserimento della check-list.', ""L'elaborazione dei dati rilevati è riservata esclusivamente ai veterinari che soddisfano due requisiti fondamentali. In primo luogo, devono aver frequentato e superato un corso specifico per veterinari aziendali. In secondo luogo, è necessario che abbiano completato un corso dedicato all'utilizzo del sistema ClassyFarm, il quale è relativo al benessere animale."", 'Per associarsi all\'allevamento nel sistema integrato ""ClassyFarm"" e procedere con l\'inserimento della check-list per il benessere dei riproduttori, seguire i seguenti passaggi:\n\n1. Dopo aver scelto il proprio ruolo, cliccare su ""Selezione Azienda"".\n2. Selezionare l\'opzione ""Nuovo Allevamento"".\n3. Inserire il codice aziendale e cliccare su ""Verifica"".\n4. Cliccando su ""Dettagli"", sarà possibile visualizzare le informazioni relative all\'allevamento, come la ragione sociale, la partita IVA e l\'indirizzo.\n5. Infine, selezionare la check-list che deve essere compilata per l\'allevamento scelto. Si noti che, nel caso in cui si disponga di un veterinario aziendale, il passaggio 4 non è necessario.', '**pag** sistema integrato classyfarm guida per delegati operatori filiera o gruppo per selezionare preliminarmente il veterinario aziendale o revocare la nomina 1 accedere a vetinfo 2 selezionare classyfarm → classyfarm 2 0 3 selezionare il profilo 1 cliccare su selezione veterinario aziendale 2 nella sezione dottore cliccare cercare e selezionare il professionista abilitato **nota bene ** il veterinario aziendale dovrà validare e caricare la documentazione come indicato nella guida specifica 3 cliccare su conferma **nota bene ** per revocare la nomina cliccare su icona di revoca e poi su conferma **scelta e revoca del veterinario aziendale** 1 consultare la guida ai cruscotti interattivi al seguente link www classyfarm it 2 3', '**21 associazione di un allevamento** questa operazione è necessaria esclusivamente per il veterinario incaricato e il veterinario aziendale 1 accedere a classyfarm e selezionare lopzione selezione azienda 2 cliccare sul pulsante nuovo allevamento 3 inserire il codice dellallevamento cliccare sul pulsante verifica e selezionare lallevamento da associare 4 scegliere le tipologie di questionario che si desidera compilare tramite il menu a tendina 5 caricare i documenti richiesti si consiglia di utilizzare file in formato pdf il modulo di autorizzazione è scaricabile al seguente link https //www classyfarm it/index php/register it e cliccare sul pulsante conferma in fondo alla pagina', ""L'elaborazione dei dati rilevati è riservata esclusivamente ai veterinari che hanno completato con successo un corso specifico per veterinari aziendali, nonché un corso dedicato all'utilizzo del sistema ClassyFarm, relativo al benessere animale.""]","Per selezionare il veterinario aziendale in ClassyFarm, segui questi passaggi:

1. **Accedi a VETINFO**: Inizia accedendo al sistema VETINFO.
2. **Seleziona ClassyFarm**: Vai su ClassyFarm e seleziona ""ClassyFarm 2.0"".
3. **Seleziona il Profilo**: Scegli il profilo appropriato.
4. **Clicca su ""Selezione Veterinario Aziendale""**: Troverai questa opzione nel menu.
5. **Cerca e Seleziona il Professionista**: Nella sezione ""Dottore"", clicca per cercare e selezionare il veterinario aziendale abilitato.
6. **Conferma la Selezione**: Dopo aver selezionato il veterinario, clicca su ""Conferma"".

**Nota Bene**: Il veterinario aziendale dovrà validare e caricare la documentazione come indicato nella guida specifica.

Se desideri revocare la nomina del veterinario aziendale, clicca sull'icona di revoca e poi su ""Conferma"".","Dopo aver effettuato l'accesso a ClassyFarm (o ClassyFarm 2.0) e selezionato il profilo, clicca su ""Selezione Veterinario Aziendale"", quindi cerca e seleziona il professionista abilitato nella sezione ""Dottore"" e conferma. Il veterinario aziendale dovrà poi validare e caricare la documentazione richiesta.",1.0,0.8899197942783249,0.8959087209012552,1.0,0.8873705070277607,OK,True
Come accedo all'area riservata di Vetinfo?,"['**4. PROCEDURA DI ACCESSO A CLASSYFARM**\n\n1. Accedere all\'area riservata di VETINFO (www.vetinfo.it) utilizzando le credenziali di accesso, ovvero username e password, SPID o CNS, attraverso il browser Google Chrome.\n2. Selezionare l\'opzione ""ClassyFarm"".', '**ISTRUZIONI PER L\'ACCESSO A CLASSYFARM**\n\nPer accedere all\'area riservata di VETINFO (www.vetinfo.it), utilizzare le credenziali di accesso consuete (Username e Password). \n\nSuccessivamente, selezionare l\'opzione ""ClassyFarm"".', '**4. PROCEDURA DI ACCESSO A CLASSYFARM**\n\nPer accedere all\'area riservata di VETINFO (www.vetinfo.it), utilizzare le credenziali di accesso consuete, ovvero il nome utente e la password. Successivamente, selezionare l\'opzione ""ClassyFarm"".', '**4. PROCEDURA DI ACCESSO A CLASSYFARM**\n\nPer accedere all\'area riservata di VETINFO (www.vetinfo.it), è necessario utilizzare le credenziali di accesso consuete, ovvero il nome utente e la password. Una volta effettuato l\'accesso, selezionare l\'opzione ""ClassyFarm"".', 'L\'immagine presenta una guida per l\'accesso al ""Sistema Informativo Veterinario"" del Ministero della Salute. Di seguito è fornita un\'analisi dettagliata:\n\n### Titolo della Pagina\n- **Sistema Informativo Veterinario**\n\n### Numeri e Frecce\n1. **Punto 1**: Indica il pulsante ""ACCEDI all\'Area riservata"" presente nella homepage del sito. Questo rappresenta il primo passo per accedere al sistema.\n2. **Punto 2**: Indica la sezione di login in cui è necessario inserire le credenziali. Questa sezione richiede l\'immissione di ""Username"" e ""Password"".\n\n### Procedura Logica\n1. **Collegamento al Sito**: L\'utente deve inizialmente collegarsi al sito web indicato: [https://www.vetinfo.it/](https://www.vetinfo.it/).\n2. **Accesso all\'Area Riservata**: Una volta sul sito, l\'utente deve cliccare sul pulsante ""ACCEDI all\'Area riservata"" per procedere alla pagina di login.\n3. **Inserimento Credenziali**: Nella pagina di login, l\'utente deve inserire le credenziali fornite dal Sistema Informativo Veterinario, specificamente l\'username e la password.\n4. **Conferma Accesso**: Dopo aver inserito le credenziali, l\'utente deve cliccare sul pulsante ""ACCEDI"" per entrare nel sistema.\n\n### Testo Rilevante\n- **Collegarsi al sito**: https://www.vetinfo.it/\n- **Inserire le credenziali d’accesso fornite dal Sistema Informativo Veterinario (credenziali VetInfo)**\n\nQuesta procedura guida l\'utente passo dopo passo nell\'accesso al sistema, assicurando che vengano utilizzate le credenziali corrette per garantire un accesso sicuro e autorizzato.', 'Per accedere al Sistema Integrato «ClassyFarm» e inserire la check-list sull\'app, segui questi passaggi:\n\n1. Accedi all\'area riservata di VETINFO visitando il sito www.vetinfo.it. Utilizza le tue credenziali, ovvero il tuo Username e Password. Si consiglia di utilizzare il browser Chrome per una migliore esperienza.\n   \n2. Una volta effettuato l\'accesso, clicca su ""ClassyFarm"" per procedere.', ""**Sistema Integrato «ClassyFarm» - Guida per l'Operatore e i suoi Delegati**\n\n**PAGINA DI ACCESSO**\n\nPer accedere al sistema, collegarsi al sito: [https://www.vetinfo.it/](https://www.vetinfo.it/). \n\nCliccare su «ACCEDI all’Area riservata» e, nella pagina che si aprirà, inserire le credenziali d’accesso fornite dal Sistema Veterinario Informativo (credenziali VetINFO). \n\n**22**"", ""**Sistema Integrato «ClassyFarm» - Guida per l'Operatore e i suoi Delegati**\n\n**PAG**  \n**LOGIN: Visualizzazione**  \nAccedere al sito: https://www.vetinfo.it/  \nCliccare su «ACCEDI all’Area riservata» e, nella pagina che si aprirà, inserire le credenziali d'accesso fornite dal Sistema Veterinario Informativo (credenziali VetINFO).  \n**12**"", '**istruzioni per laccesso a classyfarm** per accedere allarea riservata di vetinfo www vetinfo it utilizzare le credenziali di accesso consuete username e password successivamente selezionare lopzione classyfarm', ""**Sistema Integrato «ClassyFarm» - Guida per l'Operatore e i suoi Delegati**\n\n**PAG**  \n**LOGIN: Visualizzazione**  \nAccedere al sito: https://www.vetinfo.it/  \nCliccare su «ACCEDI all’Area riservata»; nella pagina che si aprirà, inserire le credenziali d'accesso fornite dal Sistema Veterinario Informativo (credenziali VetINFO).  \n**18**"", '**4 procedura di accesso a classyfarm** per accedere allarea riservata di vetinfo www vetinfo it utilizzare le credenziali di accesso consuete ovvero il nome utente e la password successivamente selezionare lopzione classyfarm', '**4 procedura di accesso a classyfarm** 1 accedere allarea riservata di vetinfo www vetinfo it utilizzando le credenziali di accesso ovvero username e password spid o cns attraverso il browser google chrome 2 selezionare lopzione classyfarm', 'I veterinari ufficiali hanno la possibilità di accedere al programma di elaborazione dei dati rilevati. Questa funzionalità è disponibile nella sezione cruscotti di ClassyFarm, che può essere raggiunta attraverso il portale Vetinfo. È importante notare che l\'elaborazione dei dati sarà accessibile a partire dal giorno successivo all\'invio dei dati da parte del sistema informativo veterinario nazionale, che si trova nella sezione ""controlli"".', '**4 procedura di accesso a classyfarm** 1 accedere allarea riservata di vetinfo www vetinfo it utilizzando le credenziali di accesso ovvero username e password spid o cns attraverso il browser google chrome 2 selezionare lopzione classyfarm', ""L'accesso al programma di elaborazione dei dati rilevati è riservato esclusivamente ai veterinari. Tuttavia, per poter accedere a questo programma, è necessario che i veterinari abbiano completato e superato un corso specifico per veterinario aziendale. Questo corso include anche un modulo dedicato all'utilizzo del sistema ClassyFarm.""]","Per accedere all'area riservata di Vetinfo, segui questi passaggi:

1. **Collegati al sito**: Vai su [www.vetinfo.it](https://www.vetinfo.it/).
2. **Clicca su ""ACCEDI all'Area riservata""**: Trova e seleziona il pulsante per accedere all'area riservata.
3. **Inserisci le credenziali**: Nella pagina di login, inserisci il tuo username e password. Puoi anche utilizzare SPID o CNS se disponibili.
4. **Clicca su ""ACCEDI""**: Dopo aver inserito le credenziali, premi il pulsante per confermare l'accesso.
5. **Seleziona ""ClassyFarm""**: Una volta effettuato l'accesso, cerca e seleziona l'opzione ""ClassyFarm"" per procedere.

Si consiglia di utilizzare il browser Google Chrome per una migliore esperienza di accesso.","Per accedere all'area riservata di Vetinfo devi collegarti al sito https://www.vetinfo.it/, cliccare su ""ACCEDI all’Area riservata"" e inserire le credenziali di accesso rilasciate dal Sistema Veterinario Informativo (credenziali Vetinfo).",0.9166666666666666,0.9130317800975283,0.7496326905349666,1.0,0.5916570593323263,OK,True
