user_input,retrieved_contexts,response,reference,faithfulness,answer_relevancy,context_precision,context_recall,answer_correctness
Qual è la definizione di operatore?,"[""Sistema Integrato «ClassyFarm» - Guida per l'Operatore e i suoi Delegati\n\nDelegato dell'Operatore: figura designata dall'operatore responsabile degli animali, con la sola facoltà di visualizzare i cruscotti degli allevamenti associati allo stesso operatore."", '**categoria** definizioni **contesto** indicatori di consumo antimicrobici **domanda** qual è l’obiettivo del sistema dddait **risposta** l’obiettivo del sistema dddait è fornire uno strumento standardizzato per la misurazione e il confronto del consumo di antimicrobici negli allevamenti italiani contribuendo così alla riduzione delluso eccessivo e alla prevenzione dellantimicrobico resistenza **categoria** definizioni **contesto** scopo della metodologia **domanda** qual è la fonte dei dati utilizzati per il calcolo del consumo di antimicrobici **risposta** i dati sono estratti dal sistema informatizzato di tracciabilità dei medicinali veterinari e dei mangimi medicati il quale comprende la ricetta veterinaria elettronica e il registro dei trattamenti in assenza di tali registri si ricorre ai dati relativi agli scarichi di scorte autorizzate di medicinali veterinari **categoria** procedure', 'ecco la riscrittura del testo in italiano professionale mantenendo i dati tecnici json categoria procedure contesto prodotti intramammari domanda qual è la gestione dei prodotti intrauterini nel sistema di calcolo risposta per i prodotti intrauterini la dddait corrisponde alla quantità di principio attivo per ciascun trattamento in questo caso non si applica il peso vivo standard ma si considera il numero di somministrazioni registrate nel periodo di riferimento categoria procedure contesto prodotti intrauterini domanda qual è il metodo di calcolo della dddait per i medicinali a uso orale e iniettabile risposta per i medicinali orali e iniettabili la dddait è calcolata sulla base della posologia media giornaliera indicata nel rcp espressa in mg/kg di peso vivo il sistema classyfarm applica la dose standardizzata nazionale per ciascun principio attivo categoria procedure contesto vie di somministrazione', 'la gestione degli animali richiede unadeguata presenza di operatori in base al numero totale di animali presenti in particolare si stabiliscono le seguenti linee guida 1 **presenza di un operatore per animali non in mungitura a mano** è considerata accettabile la presenza di un operatore per un numero di animali compreso tra 100 e 150 è ottimale avere un operatore per un numero di animali inferiore a 100 è insufficiente avere un solo operatore per un numero di animali superiore a 150 2 **presenza di un operatore per animali in mungitura a mano** è considerata accettabile la presenza di un operatore per un numero di animali compreso tra 60 e 100 è ottimale avere un operatore per un numero di animali inferiore a 60 è insufficiente avere un solo operatore per un numero di animali superiore a 100 inoltre nel valutare la situazione è importante considerare il livello di automazione degli impianti dedicati alla gestione degli animali come la mungitura il rabbocco della lettiera e la distribuzione dellalimento poiché un buon livello di automazione può facilitare il lavoro delloperatore', 'la gestione della mungitura richiede la presenza di uno o più operatori dedicati esclusivamente a questa attività tuttavia il numero di addetti necessari varia in base a diversi fattori come il numero totale di animali e il metodo di mungitura utilizzato in situazioni in cui il numero di addetti è insufficiente si osservano le seguenti condizioni se la mungitura è eseguita da altri è necessario avere un operatore per più di 300 animali totali se la stessa persona si occupa anche della mungitura il limite scende a un operatore per più di 150 animali infine nel caso in cui la mungitura venga effettuata a mano dalla stessa persona è richiesto un operatore per più di 100 animali totali un numero accettabile di addetti prevede un operatore per 200 300 animali totali se la mungitura è eseguita da altri se la stessa persona svolge anche la mungitura il rapporto ottimale è di un operatore per 100 150 animali per la mungitura a mano si considera indicativamente un operatore per 60 100 animali totali infine il numero ottimale di addetti è rappresentato da un operatore per meno di 200 animali totali nel caso in cui la mungitura sia eseguita da altri questo approccio garantisce una gestione più efficiente e sostenibile dellattività di mungitura', 'il testo analizza il numero di addetti necessari per un allevamento di animali specificando le condizioni in cui si trovano in primo luogo viene evidenziato che un numero insufficiente di addetti è rappresentato da diverse situazioni un operatore per più di 300 animali totali nel caso in cui la mungitura sia eseguita da altri o se si tratta di allevamenti non orientati alla produzione di latte un operatore per più di 150 animali totali se la stessa persona si occupa anche della mungitura un operatore per più di 100 animali totali se la mungitura è effettuata a mano dalla stessa persona in queste circostanze la risposta è negativa riguardo alla sufficienza del personale daltra parte viene definito un numero accettabile di addetti un operatore per 200 300 animali totali se la mungitura è eseguita da altri o se si tratta di allevamenti non da latte un operatore per 100 150 animali totali se la stessa persona svolge anche la mungitura un operatore per 60 100 animali totali se la mungitura è effettuata a mano dalla stessa persona in questo caso la risposta è positiva indicando che il numero di addetti è considerato adeguato', 'il testo fornisce indicazioni sul numero di addetti necessari per la gestione di animali suddivisi in diverse categorie e situazioni per quanto riguarda la mungitura si stabilisce che il numero accettabile di addetti è di un operatore per 200 300 animali nel caso in cui la mungitura sia eseguita da altri se la stessa persona si occupa anche della mungitura di circa 50 capi in lattazione il numero accettabile scende a un operatore per 100 120 animali tuttavia il numero ottimale di addetti è inferiore si consiglia un operatore per meno di 200 animali se la mungitura è eseguita da altri e un operatore per meno di 100 animali se la mungitura è svolta dalla stessa persona passando alla linea vacca vitello si evidenziano diverse situazioni un numero non sufficiente di addetti è rappresentato da un operatore per più di 70 animali nella stalla e per più di 120 animali al pascolo in questo caso la risposta è negativa al contrario un numero sufficiente di addetti prevede un operatore per 30 70 animali nella stalla e per 80 120 animali al pascolo il che è considerato accettabile infine il numero ottimale di addetti è di un operatore per meno di 30 animali nella stalla e per meno di 80 animali al pascolo queste indicazioni sono particolarmente rilevanti per la gestione del bovino da carne dove la corretta distribuzione del personale è fondamentale per garantire il benessere degli animali e lefficienza operativa', 'il numero ottimale di addetti per la gestione delle bufale da latte varia in base al numero di animali e al metodo di mungitura utilizzato in particolare si raccomanda un operatore per meno di 80 animali se la mungitura è eseguita da altri se la mungitura avviene tramite lattodotto è consigliato avere un operatore per meno di 50 animali totali considerando che 25 di questi siano in lattazione in alternativa nel caso di mungitura a secchio è opportuno avere un operatore per meno di 40 animali totali con 20 capi in lattazione il livello di non conformità per queste situazioni è considerato ottimale daltra parte si riscontra una situazione di insufficienza di addetti quando un operatore è responsabile di più di 300 animali sempre nel caso in cui la mungitura sia eseguita da altri inoltre se la stessa persona si occupa della mungitura di circa 60 capi in lattazione è necessario un operatore per più di 120 animali in questo caso il livello di non conformità è indicato come no infine il numero accettabile di addetti è stabilito in un operatore per un intervallo di 200 300 animali sempre nel caso in cui la mungitura sia eseguita da altri', ""Nel contesto della gestione degli allevamenti, si stabiliscono specifiche indicazioni riguardo al numero di operatori necessari in base alla tipologia e al numero di animali. \n\nPer quanto riguarda i riproduttori, è previsto un operatore per un numero di animali compreso tra 500 e 800. Invece, per gli animali all’ingrasso, è necessario un operatore per un numero di animali inferiore a 5000. Per i riproduttori, la situazione cambia ulteriormente: è richiesto un operatore per meno di 500 animali.\n\nGli addetti, che possono essere il proprietario, il detentore o il custode degli animali, sono definiti come le persone responsabili della cura e dell'alimentazione degli animali e degli ambienti in cui vivono. Questi addetti possono lavorare a tempo pieno, corrispondente a una persona, oppure a tempo parziale, con un minimo di mezza giornata, che equivale a mezza persona. È importante notare che non si considerano come addetti coloro che operano esclusivamente nei campi o i tecnici, nel caso di filiere integrate.\n\nInfine, il numero di addetti può variare in base a diversi fattori, tra cui la fase di allevamento, il livello di meccanizzazione e l'organizzazione dell'azienda, come ad esempio se si opera in ciclo aperto o chiuso e il numero di capannoni disponibili."", 'nel contesto degli allevamenti la gestione del personale è fondamentale e varia in base al numero di animali e al metodo di mungitura in particolare si possono identificare tre categorie di operatori in relazione al numero di animali 1 **situazione non accettabile** un operatore per più di 150 animali totali se la stessa persona si occupa anche della mungitura un operatore per più di 100 animali totali se la mungitura è effettuata a mano 2 **numero accettabile di addetti** un operatore per 200 300 animali totali nel caso in cui la mungitura sia eseguita da altri o se si tratta di allevamenti non orientati alla produzione di latte un operatore per 100 150 animali totali se la stessa persona svolge anche la mungitura un operatore per 60 100 animali totali se la mungitura è effettuata a mano 3 **numero ottimale di addetti** un operatore per meno di 200 animali totali se la mungitura è eseguita da altri o se si tratta di allevamenti non da latte un operatore per meno di 100 animali totali se la mungitura è effettuata dalla stessa persona queste linee guida aiutano a garantire una gestione efficiente e sostenibile degli allevamenti tenendo conto delle diverse modalità di mungitura e delle caratteristiche degli animali']","L'operatore è definito come la persona responsabile della cura e dell'alimentazione degli animali e degli ambienti in cui vivono. Gli addetti possono essere il proprietario, il detentore o il custode degli animali e possono lavorare a tempo pieno o a tempo parziale, con un minimo di mezza giornata, che equivale a mezza persona. Non si considerano come addetti coloro che operano esclusivamente nei campi o i tecnici, nel caso di filiere integrate [9].",Per operatore si intende una persona fisica o giuridica che ha la responsabilità di animali o prodotti. Non sono considerati operatori i detentori di animali da compagnia e i veterinari.,1.0,0.5693993474885217,0.15555555554777778,1.0,0.32380216566701087
Qual è la definizione di delegato?,"['**categoria** definizioni **contesto** indicatori di consumo antimicrobici **domanda** qual è l’obiettivo del sistema dddait **risposta** l’obiettivo del sistema dddait è fornire uno strumento standardizzato per la misurazione e il confronto del consumo di antimicrobici negli allevamenti italiani contribuendo così alla riduzione delluso eccessivo e alla prevenzione dellantimicrobico resistenza **categoria** definizioni **contesto** scopo della metodologia **domanda** qual è la fonte dei dati utilizzati per il calcolo del consumo di antimicrobici **risposta** i dati sono estratti dal sistema informatizzato di tracciabilità dei medicinali veterinari e dei mangimi medicati il quale comprende la ricetta veterinaria elettronica e il registro dei trattamenti in assenza di tali registri si ricorre ai dati relativi agli scarichi di scorte autorizzate di medicinali veterinari **categoria** procedure', 'ecco la riscrittura del testo in italiano professionale mantenendo i dati tecnici json categoria procedure contesto prodotti intramammari domanda qual è la gestione dei prodotti intrauterini nel sistema di calcolo risposta per i prodotti intrauterini la dddait corrisponde alla quantità di principio attivo per ciascun trattamento in questo caso non si applica il peso vivo standard ma si considera il numero di somministrazioni registrate nel periodo di riferimento categoria procedure contesto prodotti intrauterini domanda qual è il metodo di calcolo della dddait per i medicinali a uso orale e iniettabile risposta per i medicinali orali e iniettabili la dddait è calcolata sulla base della posologia media giornaliera indicata nel rcp espressa in mg/kg di peso vivo il sistema classyfarm applica la dose standardizzata nazionale per ciascun principio attivo categoria procedure contesto vie di somministrazione', '**pag** sistema integrato classyfarm guida per il delegato da operatore filiera o gruppo **prima di iniziare** per visualizzare i dati relativi al delegato da operatore è necessario disporre dei seguenti documenti foto o scansione per ogni singolo allevamento che abbia conferito formale delega • documento di identità del delegato • documento di identità dell’operatore responsabile degli animali • modulo di delega compilato in tutte le sue parti e firmato dall’operatore responsabile degli animali n b la scansione originale firmata deve essere fornita in un unico file il modulo è scaricabile dal sito www classyfarm it **pag 26**', '**sistema integrato classyfarm guida per loperatore e i suoi delegati** **richiesta di profilo** **delegato da singolo operatore** la richiesta di accesso con la qualifica di delegato da singolo operatore deve essere redatta e inviata al ministero della salute con copia conoscenza allindirizzo info@classyfarm it le modalità e la documentazione necessaria sono disponibili nella sezione operatore e suoi delegati sul sito www classyfarm it il delegato da singolo operatore è tenuto a comunicare attraverso i canali sopra indicati la cessazione della delega', '**contesto** formula di calcolo dddait 1 **domanda** qual è la formula generale per calcolare il consumo di antimicrobici **risposta** il consumo di antimicrobici è calcolato mediante la seguente formula quantità di principio attivo utilizzato in mg / dddait × biomassa animale esposta questo valore consente di stimare lintensità di utilizzo dei medicinali veterinari in relazione al peso totale degli animali trattati **categoria** comandi operativi **contesto** calcolo del consumo di antimicrobici 2 **domanda** che cosa rappresenta la biomassa animale esposta nel calcolo dddait **risposta** la biomassa animale esposta rappresenta il peso totale espresso in chilogrammi degli animali potenzialmente trattati in un determinato periodo tale valore è stimato sulla base dei dati anagrafici produttivi e di movimentazione registrati nella banca dati nazionale bdn **categoria** definizioni **contesto** parametri di calcolo', 'la valutazione della formazione del personale è un aspetto cruciale per garantire la qualità e il benessere degli animali la formazione è considerata adeguata quando tutti i membri del personale hanno ricevuto istruzioni pratiche inoltre è fondamentale che il detentore o un suo delegato abbia almeno 10 anni di esperienza nel settore o possieda un titolo di studio pertinente un requisito basilare è la partecipazione a un corso di formazione specifico sul benessere del suino che deve essere frequentato sia dal detentore che dal suo delegato nonché dal proprietario daltra parte si identificano situazioni in cui le capacità e le conoscenze del personale non sono adeguate queste si verificano quando lesperienza è inferiore a 10 anni non ci sono titoli formativi non è stato frequentato alcun corso di formazione pertinente oppure è presente anche solo un addetto agli animali che non ha ricevuto istruzioni pratiche infine le capacità e le conoscenze sono considerate ottimali quando il personale ha almeno 10 anni di esperienza possiede un titolo di studio e ha partecipato a un corso di formazione pertinente negli ultimi tre anni con la presenza di istruzioni pratiche per tutti gli addetti', '**categoria** risoluzione problemi **contesto** controllo qualità dati classyfarm **domanda** come si calcola il valore di dddait per un trattamento veterinario **risposta** il valore dddait si determina dividendo la quantità totale di principio attivo somministrato espressa in milligrammi per la dose giornaliera stabilita in base alla specie e alla via di somministrazione moltiplicata per il peso vivo medio standard della categoria animale trattata il risultato rappresenta il numero di dosi giornaliere definite per ciascun animale trattato **categoria** procedure **contesto** formula di calcolo dddait **domanda** qual è la formula generale per calcolare il consumo di antimicrobici', '**ISTRUZIONI PER LA DELEGA**\n\n1. Scaricare, compilare e firmare il modello di delega disponibile al seguente link.\n2. Inviare la delega e i documenti di identità (sia dell\'allevatore che del delegato) al Ministero della Salute, utilizzando uno degli indirizzi sottostanti, e in copia conoscenza (CC) a ClassyFarm.\n\n- **Delegato da singolo operatore**: Attendere l\'e-mail di avvenuta abilitazione.\n- **Delegato da più operatori**: Caricare nel sistema i documenti di identità e le deleghe nella sezione ""Seleziona azienda"".\n\nPer ulteriori informazioni, visitare il sito: www.classyfarm.it.', 'per garantire il benessere degli animali è fondamentale che gli addetti ai suini possiedano capacità e conoscenze adeguate ogni persona che assume o impiega personale addetto deve assicurarsi che questi abbiano ricevuto istruzioni pratiche in conformità con le disposizioni dellarticolo 3 e dellallegato i del d lgs 122/2011 la valutazione della formazione del personale è cruciale essa è considerata adeguata quando tutti gli addetti hanno ricevuto le necessarie istruzioni pratiche inoltre è essenziale che almeno il detentore o un suo delegato abbia accumulato unesperienza di almeno 5 anni nel settore specificamente nei reparti di svezzamento e ingrasso per i reproduttori lesperienza richiesta sale a 10 anni in alternativa il detentore o il suo delegato deve possedere un titolo di studio pertinente un requisito basilare è anche la partecipazione a un corso di formazione specifico sul benessere del suino che deve essere frequentato sia dal detentore che dal proprietario o da un loro delegato al contrario si considerano inadeguate le capacità e le conoscenze di coloro che hanno unesperienza inferiore a 5 anni nel settore dello svezzamento e ingrasso o meno di 10 anni per i riproduttori', '**Sistema Integrato «ClassyFarm» - Guida per l\'Operatore e i suoi Delegati**\n\n**RICHIESTA DI PROFILO**  \n**Delegato da Singolo Operatore**  \n\nLa richiesta di accesso con la qualifica di Delegato da singolo operatore deve essere redatta e inviata al Ministero della Salute, con copia conoscenza all\'indirizzo info@classyfarm.it. Le modalità e la documentazione necessaria sono disponibili nella sezione ""OPERATORE E SUOI DELEGATI"" sul sito www.classyfarm.it. \n\nIl Delegato da singolo operatore è tenuto a comunicare, attraverso i canali sopra indicati, la cessazione della delega.']",Dai documenti: i moduli devono essere caricati in ClassyFarm nella sezione ‘Seleziona azienda’ al momento dell’associazione.,Il delegato è una figura delegata da un operatore che ha solo la possibilità di visualizzare i cruscotti degli allevamenti afferenti all'operatore delegante.,0.3333333333333333,0.22565635367469658,0.4305555555469444,1.0,0.09235603495833611
Come richiedo il profilo da operatore?,"['**sistema integrato classyfarm guida per loperatore e i suoi delegati** **pag** **guida illustrata per loperatore e il delegato** richiesta di profilo per loperatore nomina del ruolo di delegato da parte di un singolo operatore nomina del ruolo di delegato da parte di più operatori accesso al ruolo di operatore accesso al ruolo di delegato da parte di un singolo operatore accesso e caricamento delle autorizzazioni per il ruolo di delegato da parte di più operatori **7**', 'dashboard **sistema integrato classyfarm guida per loperatore e i suoi delegati** **pag** **scelta dellambiente** 25 1 selezionare lopzione selezione azienda per associare il proprio profilo allallevamento 2 cliccare su dashboard per accedere alla consultazione dei cruscotti **nome utente e profilo selezionato cliccare qui per modificare il profilo **', 'il testo fornisce informazioni sui requisiti di personale per la gestione di animali in stalla e al pascolo suddivisi per bovini da carne per quanto riguarda il numero sufficiente di addetti in stalla è richiesto un operatore per gestire un numero compreso tra 30 e 70 animali mentre al pascolo è necessario un operatore per un numero di animali che varia da 80 a 120 in entrambi i casi il livello di non conformità è considerato sì passando al numero ottimale di addetti in stalla si raccomanda un operatore per meno di 30 animali mentre al pascolo si suggerisce un operatore per meno di 80 animali in questa situazione il livello di non conformità è definito ottimale per quanto riguarda i bovini da carne il numero non sufficiente di addetti è rappresentato da un operatore per più di 800 animali con un livello di non conformità che è no un numero accettabile di addetti è di un operatore per un intervallo di 400 800 animali ma in questo caso il livello di non conformità è sì infine il numero ottimale di addetti per i bovini da carne è di un operatore per meno di 400 animali con un livello di non conformità che è considerato ottimale', 'la gestione della mungitura richiede la presenza di uno o più operatori dedicati esclusivamente a questa attività tuttavia il numero di addetti necessari varia in base a diversi fattori come il numero totale di animali e il metodo di mungitura utilizzato in situazioni in cui il numero di addetti è insufficiente si osservano le seguenti condizioni se la mungitura è eseguita da altri è necessario avere un operatore per più di 300 animali totali se la stessa persona si occupa anche della mungitura il limite scende a un operatore per più di 150 animali infine nel caso in cui la mungitura venga effettuata a mano dalla stessa persona è richiesto un operatore per più di 100 animali totali un numero accettabile di addetti prevede un operatore per 200 300 animali totali se la mungitura è eseguita da altri se la stessa persona svolge anche la mungitura il rapporto ottimale è di un operatore per 100 150 animali per la mungitura a mano si considera indicativamente un operatore per 60 100 animali totali infine il numero ottimale di addetti è rappresentato da un operatore per meno di 200 animali totali nel caso in cui la mungitura sia eseguita da altri questo approccio garantisce una gestione più efficiente e sostenibile dellattività di mungitura', 'il testo fornisce informazioni sui requisiti relativi al numero di addetti per la gestione degli animali in base a diverse modalità di mungitura in primo luogo si evidenzia che un numero non sufficiente di addetti si verifica quando un operatore è responsabile di più di 120 animali totali nel caso in cui la mungitura sia eseguita da altri in alternativa si considera non sufficiente un operatore per più di 100 animali totali con mungitura tramite lattodotto per 50 capi in lattazione oppure un operatore per più di 80 animali totali con mungitura a secchio per 40 capi in lattazione in questa situazione il livello di non conformità è indicato come no daltra parte il numero accettabile di addetti è definito come un operatore per un intervallo di 80 120 animali sempre nel caso in cui la mungitura sia eseguita da altri inoltre è accettabile un operatore per circa 50 100 animali totali con mungitura tramite lattodotto per 25 50 capi in lattazione oppure un operatore per circa 40 80 animali totali con mungitura a secchio per 20 40 capi in lattazione in questo caso il livello di non conformità è indicato come sì infine il numero ottimale di addetti è rappresentato da un operatore per meno di 80 animali nel caso in cui la mungitura sia eseguita da altri', 'dashboard **sistema integrato classyfarm guida per loperatore e i suoi delegati** **pag** **scelta dellambiente** 15 1 cliccare su dashboard per accedere alla consultazione dei cruscotti 2 per selezionare preliminarmente il veterinario aziendale o revocare la nomina 1 nome utente e profilo selezionato cliccare qui per modificare il profilo 2', 'il numero di addetti necessari per la gestione degli animali varia in base a diversi fattori tra cui il metodo di mungitura e il numero totale di animali in primo luogo si può considerare un numero non sufficiente di addetti che si verifica quando un operatore si occupa di più di 120 animali totali nel caso in cui la mungitura sia eseguita da altri in alternativa si ha un numero non sufficiente anche se un operatore gestisce più di 100 animali totali e si occupa della mungitura con lattodotto per 50 capi in lattazione oppure se un operatore si occupa di più di 80 animali totali e utilizza il metodo di mungitura a secchio per 40 capi in lattazione daltra parte un numero accettabile di addetti è rappresentato da un operatore per un intervallo di 80 120 animali sempre nel caso in cui la mungitura sia eseguita da altri inoltre si considera accettabile un operatore per circa 50 100 animali totali con mungitura con lattodotto per 25 50 capi in lattazione oppure un operatore per circa 40 80 animali totali e mungitura a secchio per 20 40 capi in lattazione infine il numero ottimale di addetti è definito come un operatore per meno di 80 animali nel caso in cui la mungitura sia eseguita da altri inoltre si considera ottimale un operatore per meno di 50 animali totali con mungitura con lattodotto', '**Sistema Integrato «ClassyFarm» - Guida per l\'Operatore e i suoi Delegati**\n\n**RICHIESTA DI PROFILO**  \n**Operatore**  \nLa richiesta di accesso con la qualifica di Operatore deve essere redatta e inviata direttamente all\'indirizzo email info@classyfarm.it, seguendo le modalità e i documenti indicati nella sezione ""OPERATORE E SUOI DELEGATI"" presente sul sito www.classyfarm.it.', 'dashboard **sistema integrato classyfarm guida per loperatore e i suoi delegati** **pag** **selezione dellambiente** 20 1 cliccare su dashboard per accedere alla consultazione dei cruscotti 1 nome utente e profilo selezionato cliccare qui per modificare il profilo', ""**MODULO DI RICHIESTA DI ACCESSO AL SISTEMA CLASSYFARM CON RUOLO DI OPERATORE**\n\nIl sottoscritto, Signor (Cognome e Nome): ______________________________________,  \nin possesso del seguente Codice Fiscale: ____________________,  \nin qualità di operatore ai sensi del Regolamento (UE) 2016/429 dell'Azienda ____________________,  \ncon sede in _____________________, con attuale codice fiscale/partita IVA _______________________  \ne codice aziendale BDN: ______________,  \n\nDICHIARA  \n\n- di essere in possesso e di fornire i seguenti recapiti:  \n  - e-mail (NO PEC): ____________________________________,  \n  - telefono cellulare: ___________________.  \n\n- di essere in possesso della seguente Username Vetinfo: _______________, oppure di non essere in possesso della Username di Vetinfo e di richiederla contestualmente (barrare la parte non necessaria).  \n\n- di accettare le condizioni del servizio.  \n\n- di essere consapevole che i dati personali appena comunicati saranno trattati in conformità alla normativa vigente.""]","Per richiedere il profilo da operatore nel sistema ClassyFarm, segui questi passaggi:

1. **Redazione della Richiesta**: Compila il modulo di richiesta di accesso al sistema ClassyFarm con le seguenti informazioni:
   - Cognome e Nome
   - Codice Fiscale
   - Nome dell'Azienda
   - Indirizzo dell'Azienda
   - Codice Fiscale/Partita IVA dell'Azienda
   - Codice aziendale BDN
   - Recapiti (e-mail e telefono cellulare)
   - Username Vetinfo (se disponibile) o indicazione di richiesta della Username.

2. **Invio della Richiesta**: Invia la richiesta redatta all'indirizzo email info@classyfarm.it.

3. **Accettazione delle Condizioni**: Assicurati di dichiarare di accettare le condizioni del servizio e di essere consapevole del trattamento dei dati personali secondo la normativa vigente.

Per ulteriori dettagli, puoi consultare la sezione ""OPERATORE E SUOI DELEGATI"" presente sul sito www.classyfarm.it.","Per richiedere il profilo da operatore è necessario redigere una richiesta e inviarla a info@classyfarm.it. Le modalità dettagliate e i documenti da allegare sono disponibili nella sezione ""operatore e delegato"" del sito classyfarm.it.",1.0,0.7480828960775597,0.62499999996875,1.0,0.8769087497012126
Come seleziono l'azienda?,"[""**Selezione Azienda**  \nPer associare un'azienda, selezionare l'opzione: «Selezione Azienda»  \n6"", ""**7. Selezione dell'Azienda**  \nPer associare un'azienda, selezionare l'opzione: «Selezione Azienda»."", 'Il Valutatore può essere associato all\'azienda immediatamente oppure in un secondo momento. \n\n6. Cliccare su ""Conferma""; successivamente apparirà una finestra in cui sarà necessario confermare nuovamente (7).\n\n**Selezione Azienda**\n\nNota Bene: I Valutatori visualizzati nel menu a tendina sono quelli precedentemente associati nella sezione ""Selezione Valutatore"".', '1. Cliccare su ""Nuovo Allevamento"".\n2. Inserire il codice aziendale (es. 001XX001) e fare clic su ""Verifica"".\n   - Il sistema recupererà automaticamente i dati dell\'allevamento.\n3. Selezionare l\'Azienda.', '1. Selezionare l\'allevamento di interesse nella parte superiore sinistra dello schermo.  \nNota Bene: Gli allevamenti visualizzati nel menu a tendina sono quelli associati alla voce ""Selezione Azienda"".  \n\n2. Procedere quindi alla compilazione della checklist.  \n2.1. È possibile inserire il codice dell\'allevamento manualmente oppure selezionarlo dal menu a tendina.  \n\nComunicazione Esito Valutazione.', '1. Selezionare l\'allevamento di interesse nella parte superiore sinistra dello schermo.  \nNota Bene: Gli allevamenti visualizzati nel menu a tendina sono quelli precedentemente associati nella sezione ""Selezione Azienda"".  \n\n2. Procedere quindi alla compilazione del questionario.  \n\n**Compilazione del Questionario**  \nÈ possibile inserire il codice dell\'allevamento manualmente oppure selezionarlo dal menu a tendina.', ""**11  \nSelezione Azienda**  \nPossibilità di scaricare un file CSV contenente un riepilogo delle aziende associate all'Ordine dei Commercialisti (OdC)."", ""Per associarsi all'allevamento nel sistema integrato «ClassyFarm», seguire questi passaggi:\n\n1. Dopo aver scelto il proprio ruolo, cliccare su «Selezione Azienda».\n2. Procedere cliccando su «Nuovo Allevamento».\n3. Inserire il codice aziendale e poi cliccare su «Verifica».\n4. Cliccando su «Dettagli», è possibile visualizzare le informazioni relative all'allevamento, come la ragione sociale, la partita IVA e l'indirizzo.\n5. Selezionare la checklist che deve essere compilata per l'allevamento scelto. Si noti che, nel caso si disponga di un veterinario aziendale, il passaggio 4 non è necessario."", 'Per associarsi all\'allevamento nel sistema integrato ""ClassyFarm"" e procedere con l\'inserimento della check-list per il benessere dei riproduttori, seguire i seguenti passaggi:\n\n1. Dopo aver scelto il proprio ruolo, cliccare su ""Selezione Azienda"".\n2. Selezionare l\'opzione ""Nuovo Allevamento"".\n3. Inserire il codice aziendale e cliccare su ""Verifica"".\n4. Cliccando su ""Dettagli"", sarà possibile visualizzare le informazioni relative all\'allevamento, come la ragione sociale, la partita IVA e l\'indirizzo.\n5. Infine, selezionare la check-list che deve essere compilata per l\'allevamento scelto. Si noti che, nel caso in cui si disponga di un veterinario aziendale, il passaggio 4 non è necessario.', ""[DASHBOARD] **Sistema Integrato «ClassyFarm» - Guida per l'Operatore e i suoi Delegati**\n\n**PAG**  \n**SCELTA DELL'AMBIENTE**  \n25  \n\n1. Selezionare l'opzione «Selezione Azienda» per associare il proprio profilo all'allevamento.  \n2. Cliccare su «Dashboard» per accedere alla consultazione dei cruscotti.  \n\n**Nome utente e profilo selezionato; cliccare qui per modificare il profilo.**""]","Per selezionare un'azienda, segui questi passaggi:

1. Dopo aver scelto il tuo ruolo, clicca su «Selezione Azienda».
2. Seleziona l'opzione «Nuovo Allevamento».
3. Inserisci il codice aziendale (ad esempio, 001XX001) e clicca su «Verifica». 
   - Il sistema recupererà automaticamente i dati dell'allevamento.
4. Clicca su «Dettagli» per visualizzare le informazioni relative all'allevamento, come la ragione sociale, la partita IVA e l'indirizzo (questo passaggio non è necessario se hai un veterinario aziendale).
5. Infine, seleziona l'Azienda.

Dopo aver completato questi passaggi, puoi procedere con la compilazione della checklist o del questionario associato all'allevamento selezionato.","Per selezionare l'azienda occorre aver effettuato l'accesso come organismo di certificazione, selezionare ""Selezione azienda"", cliccare su ""Nuovo allevamento"", inserire il codice aziendale e cliccare ""Verifica"". Quindi selezionare uno o più disciplinari, inserire la data di presentazione della domanda, caricare il PDF della ""Domanda di certificazione"" e cliccare su ""Conferma"" e poi nuovamente su ""Conferma"" nella finestra che appare.",0.8,0.7753232952130595,0.7972222222122569,0.5,0.7087405556518693
"Non riesco a visualizzare il cruscotto, cosa devo fare?","['[DASHBOARD] **12  \nCruscotto di Visualizzazione**  \nDopo 48 ore, sarà possibile accedere al cruscotto interattivo: selezionare ""Dashboard"".', ""[DASHBOARD] **8  \nDashboard: Cruscotto per la verifica dei prerequisiti**  \nPer accedere al cruscotto interattivo, selezionare l'opzione «Dashboard»."", '[DASHBOARD] **16**  \nVisualizzazione a schermo intero della tabella  \nDashboard: Cruscotto di Visualizzazione  \nPossibilità di esportare i dati in Excel.', '[DASHBOARD] **www.classyfarm.it**  \n**Andamento storico dei controlli e relativi esiti**  \n- Modifica delle schermate del cruscotto  \n- Ripristino dei filtri applicati  \n- Accesso alla guida del cruscotto in formato PDF  \n- Data di aggiornamento del cruscotto  \n- Variazione degli indicatori Heatmap: forniscono una visione complessiva e di confronto tra le regioni  \n- Indicatori nazionali per specie e area: consentono il confronto a livello nazionale con la regione/ASL selezionata  \n- Rischio-programmazione', '[DASHBOARD] **14  \nDashboard: Cruscotto di Visualizzazione**  \nAzienda già associata al Valutatore.  \nSarà possibile visualizzare, tramite il cruscotto, tutti gli allevamenti associati nella sezione ""Selezione Azienda"".  \nÈ prevista la possibilità di visualizzare la tabella a schermo intero cliccando sull\'icona corrispondente.  \nFiltri di Selezione: Azienda non ancora associata al Valutatore.', '[DASHBOARD] Per scegliere l\'ambiente, è necessario seguire alcuni passaggi specifici. Innanzitutto, si deve cliccare su ""Selezione Azienda"" per associarsi all\'allevamento desiderato. In secondo luogo, è possibile cliccare su ""Trasmissione Checklist"" per accedere alla compilazione del controllo. Infine, per consultare i cruscotti, si deve cliccare su ""Dashboard"". \n\nIn aggiunta, è importante notare che è possibile cambiare il nome utente e il ruolo scelto, cliccando sull\'apposito link.', ""[DASHBOARD] **Sistema Integrato «ClassyFarm» - Guida per l'Operatore e i suoi Delegati**\n\n**PAG**  \n**SELEZIONE DELL'AMBIENTE**  \n20  \n\n1. Cliccare su «Dashboard» per accedere alla consultazione dei cruscotti.  \n1. Nome utente e profilo selezionato; cliccare qui per modificare il profilo."", ""[DASHBOARD] **Dashboard: Cruscotto di Visualizzazione**  \nSelezionando l'opzione «Sì», verranno visualizzati gli allevamenti che soddisfano i Prerequisiti Verdi e i Requisiti Verdi/Gialli."", '[DASHBOARD] **Report**\n\nAl termine della compilazione, per visualizzare il report, è necessario seguire i seguenti passaggi:\n\n1. Accedere a «Trasmissione Checklist (Nuovo)».\n2. Cliccare su «Azioni» e successivamente su «Storico».\n3. Selezionare il controllo di interesse e cliccare su «Azioni».\n4. Scorrere fino in fondo alla pagina e cliccare su «Salva PDF».\n\n**Nota Bene:** Questa modalità di download del report è temporanea; in futuro, il report sarà nuovamente scaricabile dal cruscotto.', '[DASHBOARD] **Dashboard: Consultazione delle Checklist Compilate**\n\nÈ possibile visualizzare le checklist compilate dal Valutatore direttamente dal cruscotto, in formato tabellare. \n\n1. \n2.']","Per visualizzare il cruscotto interattivo, assicurati di seguire questi passaggi:

1. Attendi 48 ore dall'ultima operazione effettuata, poiché il cruscotto sarà accessibile solo dopo questo intervallo.
2. Seleziona l'opzione «Dashboard» per accedere al cruscotto.

Se hai bisogno di ulteriori informazioni, consulta la guida specifica [Guida_Organismo_di_Certificatore_02-10-25.pdf](1).","Per visualizzare il cruscotto è necessario cliccare su ""Dashboard"". Il cruscotto interattivo è visibile dopo 48 ore dall'associazione.",0.8,0.6998256128345686,0.7634920634793386,1.0,0.5700394661098787
Come faccio ad associare un valutatore?,"[""Selezione del Valutatore  \nPer associare un Valutatore, selezionare l'opzione «Selezione Valutatore»."", ""**ISTRUZIONI PER L'ASSOCIAZIONE DEL VALUTATORE**\n\n1. Inserire il codice fiscale del Valutatore che si desidera associare.\n2. Cliccare su «Cerca».\n\nSe il Valutatore è già abilitato in ClassyFarm, il sistema troverà una corrispondenza e sarà sufficiente selezionarlo dal menu a tendina.\n\nSe il Valutatore non è abilitato in ClassyFarm, sarà comunque possibile associarlo creando un'utenza.\n\n**Selezione Valutatore**  \nValutatori già associati dall'Odc."", 'Il Valutatore può essere associato all\'azienda immediatamente oppure in un secondo momento. \n\n6. Cliccare su ""Conferma""; successivamente apparirà una finestra in cui sarà necessario confermare nuovamente (7).\n\n**Selezione Azienda**\n\nNota Bene: I Valutatori visualizzati nel menu a tendina sono quelli precedentemente associati nella sezione ""Selezione Valutatore"".', ""Selezionare il questionario di interesse, fare clic sull'icona e successivamente su «Compila». \n\nPiani di Controllo disponibili: \nOgni Valutatore avrà accesso esclusivamente ai Piani di Controllo associati al disciplinare attribuito dall'Organismo di Controllo. \n\nProcedere con la compilazione della Checklist di Valutazione."", ""25  \n2.  \n3. Selezionare l'esito della valutazione da modificare, cliccare su «Modifica» e successivamente salvare l'esito della valutazione in bozza."", '[DASHBOARD] **14  \nDashboard: Cruscotto di Visualizzazione**  \nAzienda già associata al Valutatore.  \nSarà possibile visualizzare, tramite il cruscotto, tutti gli allevamenti associati nella sezione ""Selezione Azienda"".  \nÈ prevista la possibilità di visualizzare la tabella a schermo intero cliccando sull\'icona corrispondente.  \nFiltri di Selezione: Azienda non ancora associata al Valutatore.', ""Per inserire una checklist, selezionare l'opzione «Compilazione Checklist (Nuovo)». Procedere con la compilazione della Checklist di Valutazione."", 'Per registrare l\'esito della valutazione, selezionare l\'opzione ""Esito valutazione"". Comunicazione dell\'esito della valutazione.', ""Il processo di valutazione prevede due fasi principali. \n\nIn primo luogo, è necessario effettuare registrazioni nel sistema di farmacosorveglianza di Vetinfo. \n\nIn secondo luogo, è fondamentale consultare un veterinario. In questa fase, si deve verificare se è presente e documentata la figura del veterinario aziendale oppure quella di un veterinario libero professionista o privato che segua l'azienda. \n\nÈ importante sottolineare che per poter assegnare un giudizio conforme, tutte le condizioni sopra menzionate devono essere soddisfatte."", 'La valutazione di questo item deve essere effettuata per tutti i gruppi. In situazioni miste, è necessario applicare la media ponderata delle condizioni rilevate. In alternativa, si può considerare la condizione in cui vive la maggioranza dei soggetti. Per esprimere il giudizio, è possibile fare riferimento alle risposte degli item 10, 11, 12, 13, 22 e 23.']","Per associare un Valutatore, segui questi passaggi:

1. Seleziona l'opzione «Selezione Valutatore».
2. Inserisci il codice fiscale del Valutatore che desideri associare.
3. Clicca su «Cerca».

   - Se il Valutatore è già abilitato in ClassyFarm, il sistema troverà una corrispondenza e potrai selezionarlo dal menu a tendina.
   - Se il Valutatore non è abilitato in ClassyFarm, potrai comunque associarlo creando un'utenza.

4. Una volta selezionato il Valutatore, puoi associarlo all'azienda immediatamente oppure in un secondo momento.
5. Clicca su ""Conferma""; successivamente apparirà una finestra in cui sarà necessario confermare nuovamente.

Assicurati di seguire questi passaggi per completare l'associazione del Valutatore.","Per associare un valutatore bisogna aver effettuato l'accesso come organismo di certificazione, cliccare su ""Selezione Valutatore"", inserire il codice fiscale del valutatore da associare e cliccare su ""Cerca"". Se il valutatore è già abilitato in ClassyFarm il sistema lo restituisce e va selezionato dal menu a tendina; se non è ancora abilitato è possibile associarlo creandogli un'utenza.",1.0,0.8781549148451812,0.8611111110895834,1.0,0.7191899323371692
Come faccio a finire un esito di valutazione che non avevo terminato?,"['Riprendere la compilazione di un Esito di Valutazione salvato in bozza.  \n23', ""25  \n2.  \n3. Selezionare l'esito della valutazione da modificare, cliccare su «Modifica» e successivamente salvare l'esito della valutazione in bozza."", 'Per registrare l\'esito della valutazione, selezionare l\'opzione ""Esito valutazione"". Comunicazione dell\'esito della valutazione.', 'Esempio di compilazione\n\nPer completare e inviare, fare clic su ""Completa il questionario"". Si raccomanda di salvare la bozza prima di uscire.', ""Se l'esito della valutazione è stato salvato come bozza, per riprendere la compilazione seguire i seguenti passaggi:\n\n1. Cliccare su «Esito Valutazione».\n2. Individuare la specie di interesse, cliccare su di essa e successivamente selezionare «Storico».\n\nEsito della valutazione salvato in bozza: 24."", 'Il pulsante ""Visualizza"" consente esclusivamente di visualizzare le risposte selezionate nel questionario prima del salvataggio.  \nPer continuare la compilazione, fare clic su ""Modifica"".  \nEsito della valutazione salvato come bozza.', ""Selezionare il questionario di interesse, fare clic sull'icona e successivamente su «Compila». \n\nPiani di Controllo disponibili: \nOgni Valutatore avrà accesso esclusivamente ai Piani di Controllo associati al disciplinare attribuito dall'Organismo di Controllo. \n\nProcedere con la compilazione della Checklist di Valutazione."", '**Esempio di compilazione**\n\nPer completare e inviare il questionario, fare clic su ""Completa il questionario"". Si raccomanda di salvare la bozza prima di uscire.', 'Il pulsante ""Visualizza"" consente esclusivamente di visualizzare il questionario.  \nPer continuare la compilazione, è necessario cliccare su ""Modifica"".  \nPiano di Rientro salvato come bozza.', 'Il sistema di valutazione prevede tre categorie di giudizio in base alla media dei risultati. \n\n1. **Giudizio insufficiente**: Questo giudizio viene assegnato quando la media è inferiore a 1,5.\n2. **Giudizio accettabile**: Si attribuisce questo giudizio per una media compresa tra 1,5 e 2,5.\n3. **Giudizio ottimale**: Infine, per una media superiore a 2,5 si assegna il giudizio ottimale.']","Per riprendere la compilazione di un esito di valutazione salvato in bozza, segui questi passaggi:

1. Clicca su «Esito Valutazione».
2. Individua la specie di interesse e clicca su di essa.
3. Seleziona l'opzione «Storico».
4. Trova l'esito della valutazione salvato in bozza.
5. Clicca su «Modifica» per continuare la compilazione.
6. Procedi con la compilazione della Checklist di Valutazione.
7. Una volta completato, per inviare il questionario, fai clic su ""Completa il questionario"". 

Si raccomanda di salvare la bozza prima di uscire.","Se l'esito di valutazione è stato salvato in bozza, per riprendere la compilazione bisogna cliccare su ""Esito valutazione"", individuare la specie di interesse, cliccare il relativo tasto e poi ""Storico"". Quindi individuare l'esito da modificare, cliccare ""Modifica"" e, per completare e inviare, cliccare su ""Completa il questionario"".",0.7777777777777778,0.6881707845104013,0.9999999999888889,1.0,0.7734143569817109
Come faccio a continuare una compilazione di checklist di valutazione salvata in bozza?,"['Riprendere la compilazione di una checklist salvata come bozza.', '**Checklist Salvata in Bozza**\n\nSe il questionario è stato salvato come bozza, per riprendere la compilazione seguire i seguenti passaggi:\n\n1. Cliccare su «Compilazione Checklist (Nuovo)».\n2. Individuare il disciplinare di interesse, cliccare su di esso e successivamente selezionare «Storico».', 'Riprendere la compilazione di un Esito di Valutazione salvato in bozza.  \n23', ""Per inserire una checklist, selezionare l'opzione «Compilazione Checklist (Nuovo)». Procedere con la compilazione della Checklist di Valutazione."", 'Esempio di compilazione\n\nPer completare e inviare, fare clic su ""Completa il questionario"". Si raccomanda di salvare la bozza prima di uscire.', '**Esempio di compilazione**\n\nPer completare e inviare il questionario, fare clic su ""Completa il questionario"". Si raccomanda di salvare la bozza prima di uscire.', ""Se l'esito della valutazione è stato salvato come bozza, per riprendere la compilazione seguire i seguenti passaggi:\n\n1. Cliccare su «Esito Valutazione».\n2. Individuare la specie di interesse, cliccare su di essa e successivamente selezionare «Storico».\n\nEsito della valutazione salvato in bozza: 24."", ""**Questionario Salvato in Bozza**\n\nQualora il questionario sia stato salvato come bozza, per riprendere la compilazione è necessario selezionare l'opzione «Storico» e successivamente «Modifica».  \n1.  \n2.  \n13"", 'Riprendere la compilazione di un Piano di Rientro precedentemente salvato come bozza.', 'dashboard **indice** • accesso a classyfarm pagina 3 • cruscotto per la verifica dei prerequisiti dashboard pagina 7 • compilazione della checklist di valutazione pagina 11 • ripresa della compilazione di una checklist salvata in bozza pagina 19 • consultazione delle checklist compilate pagina 23 • report pagina 25']","Per riprendere la compilazione di una checklist di valutazione salvata in bozza, segui questi passaggi:

1. Clicca su «Compilazione Checklist (Nuovo)».
2. Individua il disciplinare di interesse e clicca su di esso.
3. Seleziona l'opzione «Storico».

In questo modo potrai accedere alla checklist salvata in bozza e continuare la compilazione. Assicurati di salvare nuovamente la bozza se necessario prima di uscire.","Se la checklist di valutazione è stata salvata in bozza, per riprendere la compilazione è necessario cliccare su ""Compilazione Checklist (nuovo)"", individuare il disciplinare di interesse e cliccare ""Storico"". Poi individuare il questionario da modificare, cliccare ""Modifica"", completare la bozza e infine cliccare su ""Completa il questionario"" per terminare e inviare.",1.0,0.9523805866080076,,1.0,0.7858347299307131
Come faccio a scaricare il report SQNBA?,"['[DASHBOARD] **SISTEMA QUESTIONARI**\n\nÈ possibile caricare un nuovo questionario selezionando l\'opzione ""Azioni"" e successivamente ""Carica"". Un questionario si considera caricato quando la data di completamento è valorizzata.\n\n**CARICAMENTO DI UN QUESTIONARIO**\n\nI report relativi ai questionari caricati saranno disponibili esclusivamente 48 ore dopo il caricamento, nella sezione ""Dashboard"".', '[DASHBOARD] Dopo aver completato la compilazione del questionario, per scaricare il report, fare clic su «Report SQNBA». Procedere con il download del report.', '[DASHBOARD] **Report**\n\nAl termine della compilazione, per visualizzare il report, è necessario seguire i seguenti passaggi:\n\n1. Accedere a «Trasmissione Checklist (Nuovo)».\n2. Cliccare su «Azioni» e successivamente su «Storico».\n3. Selezionare il controllo di interesse e cliccare su «Azioni».\n4. Scorrere fino in fondo alla pagina e cliccare su «Salva PDF».\n\n**Nota Bene:** Questa modalità di download del report è temporanea; in futuro, il report sarà nuovamente scaricabile dal cruscotto.', '[DASHBOARD] **14  \nSISTEMA QUESTIONARI**  \n**CARICARE UN QUESTIONARIO**  \nUna volta che il questionario è stato compilato correttamente in tutte le sue parti e si è cliccato sul tasto ""Salva"" situato in fondo alla pagina, apparirà un pulsante giallo per la verifica in alto a destra. Dopo aver selezionato il pulsante giallo, sarà possibile visualizzare il tasto per procedere con il caricamento.  \nI report dei questionari caricati saranno disponibili esclusivamente 48 ore dopo il caricamento nella sezione ""Dashboard"".', '[DASHBOARD] **14  \nSISTEMA QUESTIONARI**  \n**CARICAMENTO DI UN QUESTIONARIO**  \nUna volta che il questionario è stato compilato correttamente in tutte le sue sezioni e si è cliccato sul tasto ""Salva"" situato in fondo alla pagina, apparirà un pulsante giallo per la verifica in alto a destra. Dopo aver selezionato il pulsante giallo, sarà possibile visualizzare il tasto per procedere con il caricamento. I report dei questionari caricati saranno disponibili esclusivamente 48 ore dopo il caricamento nella sezione ""Dashboard"".', '[DASHBOARD] **16**  \nVisualizzazione a schermo intero della tabella  \nDashboard: Cruscotto di Visualizzazione  \nPossibilità di esportare i dati in Excel.', '**www.classyfarm.it**\n\nI filtri a tendina permettono di selezionare il questionario desiderato in base all\'Allevamento (tramite il codice BDN) e all\'Anno/Quest. (anno di compilazione o codice del questionario). \n\nPer ottenere il report, è necessario cliccare su ""Report"". \n\nNella sezione ""Dati Anagrafici"" sono riportate le principali informazioni e la localizzazione dell\'allevamento selezionato. \n\nÈ possibile confrontare il Punteggio di Biosicurezza Complessivo del proprio allevamento (indicato in blu) con la media Nazionale, Regionale o dell\'ATS/ASL, cliccando sui rispettivi riquadri. \n\nIl confronto include il Punteggio di Biosicurezza Complessivo storico dell\'allevamento selezionato (in blu) e il Punteggio di Biosicurezza Complessivo Nazionale (in grigio). \n\nSono fornite informazioni riassuntive sull\'Allevamento, Data Visita, Data di Completamento (ovvero la data dell\'ultimo caricamento della checklist), Codice Questionario, Veterinario, Indicatore (Punteggio di Biosicurezza Complessivo) e Posizionamento nei Quartili. \n\nNella sezione ""Confronto Quartili"" è possibile visualizzare...', '[DASHBOARD] **Dashboard: Consultazione delle Checklist Compilate**\n\nÈ possibile visualizzare le checklist compilate dal Valutatore direttamente dal cruscotto, in formato tabellare. \n\n1. \n2.', 'dashboard dopo aver completato la compilazione del questionario per scaricare il report fare clic su report sqnba procedere con il download del report', '**Report**\n\nAl termine della compilazione, per visualizzare il report è necessario seguire i seguenti passaggi:\n\n1. Accedere a «Trasmissione Checklist (Nuovo)».\n2. Cliccare su «Azioni» e successivamente su «Storico».\n3. Selezionare il controllo di interesse, cliccare su «Azioni» e poi su «Visualizza».\n4. Scorrere fino in fondo alla pagina e cliccare su «Salva PDF».']","Per scaricare il report SQNBA, segui questi passaggi:

1. Completa la compilazione del questionario.
2. Dopo aver completato il questionario, vai alla sezione ""Dashboard"".
3. Clicca su «Report SQNBA».
4. Procedi con il download del report.

Ricorda che i report relativi ai questionari caricati saranno disponibili esclusivamente 48 ore dopo il caricamento. Assicurati quindi di attendere questo periodo se hai appena caricato il questionario.","Per scaricare il report SQNBA di un questionario compilato bisogna cliccare su ""Report SQNBA"", scegliere il questionario di interesse e quindi scaricare il report desiderato: per le sole risposte non conformi cliccare ""Download PDF risposte non conformi"", per tutte le risposte cliccare ""Download PDF con tutte le risposte"". Se il questionario contiene file allegati viene creato uno zip, altrimenti viene scaricato un PDF.",0.8571428571428571,0.9891995832815123,,0.3333333333333333,0.31121690777455935
Cosa si intende per OdC?,"[""La DCDAit del principio attivo di un determinato farmaco si ottiene moltiplicando la DDDAit per i giorni di trattamento. \n\n**DDDAit**  \nDefined Daily Dose Animal for Italy - rappresenta la dose in milligrammi di principio attivo utilizzata per mantenere in trattamento un chilogrammo di peso vivo nell'arco di ventiquattro ore. Questa dose non corrisponde a quella realmente somministrata in campo, ma piuttosto alla posologia corretta, come definita dal riassunto delle caratteristiche del prodotto (RCP). Tale dose è identificata e distinta per ciascun principio attivo presente nei farmaci antimicrobici veterinari utilizzabili nelle specie incluse nel sistema di monitoraggio.\n\n**EMA**  \nEuropean Medicines Agency\n\n**ESVAC**  \nEuropean Surveillance of Veterinary Antimicrobial Consumption\n\n**OMS**  \nOrganizzazione Mondiale della Sanità\n\n**PA**  \nPrincipio attivo\n\n**PCU**  \nPopulation Correction Unit\n\n**PNCAR**  \n[Nota: il significato di PNCAR non è fornito nel testo originale e potrebbe necessitare di una definizione specifica.]"", ""(ESVAC)  \nOMS  \nOrganizzazione Mondiale della Sanità  \nPA  \nPrincipio Attivo  \nPCU  \nUnità di Correzione della Popolazione  \nPNCAR  \nPiano Nazionale di Contrasto all'Antimicrobico-Resistenza  \nRCP  \nRiassunto delle Caratteristiche del Prodotto"", ""**11  \nSelezione Azienda**  \nPossibilità di scaricare un file CSV contenente un riepilogo delle aziende associate all'Ordine dei Commercialisti (OdC)."", 'Ogni animale è potenzialmente soggetto a esposizione. Questo indicatore, basato sulle DCDAit (Defined Course Dose Animal for Italy), viene attualmente calcolato per motivi statistici e non è considerato direttamente nella valutazione dei consumi aziendali. Pertanto, il presente documento si concentrerà sulla spiegazione dei ""giorni/animale"". Il significato degli indicatori basati sulle DCD e il loro rapporto con le DDD potranno essere oggetto di discussione in future revisioni o aggiornamenti del presente documento.\n\nIntegrazione con la Banca Dati Nazionale (BDN) e il Sistema Informativo della Farmacosorveglianza\n\nI dati di consumo aziendale vengono attualmente acquisiti retrospettivamente su base annuale o semestrale. Le informazioni inserite nel sistema ClassyFarm per il calcolo del consumo di antimicrobici provengono da fonti ufficiali, quali registri di carico/scarico, prescrizioni e registri dei trattamenti, ecc.', ""Per garantire la conformità degli impianti elettrici, è necessario disporre di una dichiarazione di conformità, nota come Di.Co., rilasciata dall'installatore in conformità alla Legge 46/90. Questa dichiarazione deve essere accompagnata da allegati obbligatori. Nei casi specificati dall'articolo 6 della Legge, e dettagliati nell'articolo 4 del DPR 447/1991, è richiesta anche la presentazione di un progetto.\n\nPer gli impianti realizzati dopo il 27 marzo 2008, la situazione cambia leggermente. In questo caso, l'impianto deve avere una dichiarazione di conformità – Di.C.o., rilasciata dall'installatore secondo le disposizioni del DM 37/2008. Anche in questa circostanza, il progetto è considerato un allegato obbligatorio e deve essere redatto da un professionista iscritto negli albi professionali, in base alla competenza tecnica specifica richiesta. Un esempio di applicazione di queste norme si può riscontrare in un'azienda agricola che utilizza un impianto alimentato in bassa tensione (230 o 400 Volt) con una potenza impegnata di almeno 6 kW, oppure in locali simili."", '**Contesto**: ""Base di calcolo ClassyFarm""\n\n1. **Termine**: RCP (Riassunto delle Caratteristiche del Prodotto)  \n   **Definizione**: Documento ufficiale approvato per ciascun medicinale veterinario, contenente informazioni su dosi, posologie, durata del trattamento e specie target. Rappresenta la base tecnica per la definizione delle DDDAit.  \n   **Categoria**: Regolamentazione farmaci  \n   **Contesto**: Definizione dei parametri nazionali  \n\n2. **Termine**: BDN (Banca Dati Nazionale)  \n   **Definizione**: Sistema informativo nazionale che raccoglie i dati anagrafici e produttivi degli allevamenti. Fornisce informazioni sulla biomassa animale utilizzate per i calcoli delle DDDAit e DCDAit.  \n   **Categoria**: Banche dati  \n   **Contesto**: Riferimento per ClassyFarm e farmacovigilanza  \n\n3. **Termine**: ClassyFarm  \n   **Definizione**: [Definizione da completare]  \n   **Categoria**: [Categoria da completare]  \n   **Contesto**: [Contesto da completare]', '**Categoria**: Indicatori di consumo  \n**Contesto**: Monitoraggio dei farmaci veterinari  \n\n---\n\n**Termine**: PCU  \n**Definizione**: Population Correction Unit. Unità di misura utilizzata da ESVAC per confrontare i consumi di antimicrobici tra i Paesi europei, basata sul rapporto tra la quantità di antimicrobico venduto e la biomassa animale a rischio (1 PCU = 1 kg di peso vivo).  \n**Categoria**: Indicatori internazionali  \n**Contesto**: Confronti ESVAC UE  \n\n---\n\n**Termine**: Principio attivo (PA)  \n**Definizione**: Sostanza chimica che produce l’effetto terapeutico di un medicinale veterinario. Nei sistemi di sorveglianza, il consumo viene calcolato sulla base dei milligrammi di principio attivo contenuti nei prodotti utilizzati.  \n**Categoria**: Farmaci veterinari  \n**Contesto**: Tracciabilità e calcolo DDDAit  \n\n---\n\n**Termine**: Animali a rischio', 'Il documento descrive i criteri di valutazione per i requisiti del controllo ufficiale, evidenziando le attività di osservazione e rilevazione svolte dal veterinario ufficiale in base a parametri stabiliti dalle normative. Queste attività sono classificate in diverse categorie di non conformità, come indicato nella Tabella 1.\n\nIn primo luogo, si distingue tra conformità e non conformità. Se un\'azienda è considerata conforme, non vengono intraprese azioni da parte dell\'autorità competente. \n\nNel caso di non conformità, le categorie sono suddivise come segue:\n\n1. **Categoria A (Non conformità minore)**: Se viene riscontrata una non conformità minore, l\'autorità competente richiede di rimediare entro un termine inferiore a tre mesi, senza applicare sanzioni amministrative o penali immediate.\n\n2. **Categoria B (Non conformità minore)**: Analogamente alla categoria A, ma in questo caso il termine per rimediare è superiore a tre mesi, mantenendo l\'assenza di sanzioni immediate.\n\n3. **Categoria C (Non conformità maggiore)**: In presenza di una non conformità maggiore, l\'autorità competente applica sanzioni amministrative o penali immediate.\n\n4. **Non applicabile (NA)**: Questa categoria indica situazioni in cui i requisiti non sono applicabili.\n\nInfine, è presente una categoria ""Ottimale"", che si riferisce a situazioni in cui i requisiti sono superati. In questo caso, le evidenze sono facoltative e possono essere aggiunte a quelle di conformità.', '**Categoria**: Procedure  \n**Contesto**: Raccolta dati ClassyFarm e BDN  \n\n**Domanda**: Cosa si intende per ""animali a rischio"" nel contesto del calcolo DDDAit?  \n**Risposta**: Gli ""animali a rischio"" sono definiti come quegli animali che possono essere esposti ai medicinali antimicrobici in un determinato periodo. La loro biomassa viene impiegata per normalizzare i consumi di antimicrobici e costituisce la base di calcolo per gli indicatori di consumo.  \n**Categoria**: Definizioni  \n**Contesto**: Classificazione degli animali a rischio  \n\n**Domanda**: Per quale motivo è fondamentale monitorare il consumo di antimicrobici negli allevamenti?  \n**Risposta**: Il monitoraggio del consumo di antimicrobici è essenziale per valutare l\'esposizione reale degli animali, analizzare le tendenze di utilizzo e prevenire la diffusione dell\'antimicrobico-resistenza, in conformità con il Piano Nazionale di Contrasto dell\'Antimicrobico-Resistenza (PNCAR).  \n**Categoria**: Avvertenze  \n**Contesto**: Obiettivi del monitoraggio', ""Il testo presenta i criteri di ammissibilità per l'intervento PD05-ECO1.2, suddivisi in due punti principali. \n\nIn primo luogo, i valori DDD devono essere uguali o inferiori alla mediana. In secondo luogo, se i valori DDD superano la mediana, è necessario che questi valori siano ridotti del 10% rispetto all'anno precedente.\n\nPer quanto riguarda la verifica di ammissibilità dell'intervento per gli anni di domanda 2023 e 2024, sono previsti specifici controlli. Questi controlli sono documentati nella comunicazione di AGEA, identificata con il protocollo Uscita N.0002664, datata 12 gennaio 2024. Questo protocollo è stato citato più volte, sottolineando l'importanza della documentazione per la verifica dell'intervento.""]",Nei documenti recuperati sono presenti indicazioni operative generali. Di seguito quanto emerge: La DCDAit del principio attivo di un determinato farmaco si ottiene moltiplicando la DDDAit per i giorni di trattamento.   **DDDAit**   Defined Daily Dose Animal for Italy - rappresenta la dose in milligrammi di principio attivo utilizzata per mantenere in trattamento un chilogrammo di peso vivo nel...,OdC sta per organismo di certificazione.,0.5,0.24100290991210704,0.0,0.0,0.07342119604346334
Cosa mi serve per inserire i dati di valutazione del Benessere Animale e della Biosicurezza tramite app?,"[""Si ricorda che il caricamento della valutazione del benessere nel sistema deve essere effettuato utilizzando un dispositivo mobile o fisso con sistema operativo Android®, iOS (Apple®) o Windows®. Si informa inoltre che sarà disponibile una guida grafica per facilitare la compilazione delle check-list tramite l'applicativo, accessibile sul sito www.classyfarm.it."", ""Prima di iniziare a inserire i dati di valutazione del Benessere Animale e della Biosicurezza tramite l'app ClassyFarm 2.0, è necessario seguire alcune indicazioni fondamentali. \n\nInnanzitutto, è indispensabile essere in possesso delle credenziali VETINFO, che possono essere ottenute visitando il sito www.vetinfo.it. \n\nIn secondo luogo, per i Veterinari Aziendali, è richiesto di essere iscritti all'Elenco Pubblico Nazionale dei Veterinari Aziendali, gestito dalla FNOVI. \n\nPer quanto riguarda i Veterinari Incaricati, secondo l'aggiornamento della Nota Ministeriale 0016001-16/07/2020-DGSAF-MDS-P, non è necessaria l'iscrizione all'Elenco FNOVI. Tuttavia, è obbligatorio aver completato un corso di veterinario aziendale e aver seguito un percorso di formazione specifico, che includa argomenti pertinenti alla specie animale oggetto di valutazione."", ""Il testo descrive il processo di inserimento dei dati nel programma ClassyFarm, utilizzato per valutare il benessere degli animali da reddito, in particolare per l'allevamento di suini riproduttori. \n\nLa valutazione del benessere animale può essere effettuata attraverso due modalità: una cartacea e una informatizzata, utilizzando un tablet o un computer. In entrambe le modalità, si fa riferimento a una check-list specifica per l'allevamento dei suini, che è composta da 71 item.\n\nPer inserire i dati, è necessario accedere all'applicativo ClassyFarm tramite VETINFO, utilizzando le credenziali consuete, previa abilitazione. È importante notare che l'ultima versione della check-list cartacea, insieme al manuale e ad altri documenti necessari, è disponibile in formato PDF sul sito ufficiale di ClassyFarm.\n\nInfine, si sottolinea che il caricamento della valutazione del benessere nel sistema deve essere effettuato seguendo le procedure indicate."", ""**118**\n\n**INSERIMENTO DEI DATI NEL PROGRAMMA CLASSYFARM PER LA VALUTAZIONE DEL BENESSERE NELL'ALLEVAMENTO DEGLI ANIMALI DA REDDITO**\n\n**APPLICAZIONE DEL SISTEMA E INSERIMENTO DEI DATI PER IL CALCOLO DEL LIVELLO DI BENESSERE/INDICE DI RISCHIO**\n\nLa valutazione del benessere animale in allevamento, attraverso le procedure delineate in questo manuale, può essere effettuata utilizzando due modalità: cartacea e informatizzata, tramite tablet o PC. In entrambe le opzioni, si utilizza la check-list per l'allevamento suino da ingrasso, composta da 50 elementi.\n\nI dati devono essere inseriti tramite l'applicativo ClassyFarm, accedendo attraverso VETINFO con le consuete credenziali, previa abilitazione. L'ultima versione di ogni check-list cartacea, il presente manuale e tutta la documentazione necessaria sono disponibili in formato .pdf sul sito https://www.classyfarm.it.\n\nSi ricorda che il caricamento della valutazione del benessere nel sistema deve avvenire utilizzando un..."", ""**116**\n\n**INSERIMENTO DEI DATI NEL PROGRAMMA CLASSYFARM PER LA VALUTAZIONE DEL BENESSERE NELL'ALLEVAMENTO DEGLI ANIMALI DA REDDITO**\n\n**APPLICAZIONE DEL SISTEMA E INSERIMENTO DEI DATI PER IL CALCOLO DEL LIVELLO DI BENESSERE/INDICE DI RISCHIO**\n\nLa valutazione del benessere animale in allevamento, attraverso le procedure delineate in questo manuale, può essere effettuata utilizzando due modalità: cartacea e informatizzata, tramite tablet o PC. In entrambe le opzioni, si utilizza la check-list per l'allevamento suino da ingrasso e svezzamento, composta da 53 elementi.\n\nI dati devono essere inseriti tramite l'applicativo ClassyFarm, accedendo attraverso VETINFO con le consuete credenziali, previa abilitazione. L'ultima versione di ogni check-list cartacea, il presente manuale e tutta la documentazione necessaria sono disponibili in formato .pdf sul sito https://www.classyfarm.it.\n\nSi ricorda che il caricamento della valutazione del benessere nel sistema deve avvenire utilizzando un..."", ""Il caricamento della valutazione del benessere nel sistema deve essere effettuato utilizzando un dispositivo mobile o fisso. È possibile utilizzare dispositivi con sistema operativo Android®, iOS (Apple®) o Windows®. Inoltre, sarà disponibile una guida grafica che assisterà gli utenti nella compilazione delle check-list tramite l'applicativo. Questa guida sarà accessibile sul sito www.classyfarm.it."", ""### Guida all'Inserimento della Check-list per il Benessere Riproduttori nel Sistema Integrato «ClassyFarm»\n\n#### Prima di Iniziare\n\nPer procedere con l'inserimento dei dati relativi alla valutazione del Benessere Animale e della Biosicurezza tramite l'app, è fondamentale che sia il Medico Veterinario Aziendale che il Medico Veterinario Incaricato abbiano a disposizione alcuni documenti essenziali. Questi documenti possono essere presentati in forma di foto o scansione e sono necessari per associarsi all'allevamento. \n\nI documenti richiesti sono i seguenti:\n\n1. **Documento di identità personale** del veterinario.\n2. **Documento di identità dell'allevatore**.\n3. **Modulo di richiesta di associazione all'operatore** (modulo di autorizzazione), che deve essere compilato in ogni sua parte e firmato sia dal veterinario che dall'allevatore. Questo modulo è disponibile per il download sul sito ufficiale di ClassyFarm, www.classyfarm.it.\n\nÈ importante notare che esistono due moduli di associazione distinti: uno specifico per il Medico Veterinario Aziendale e l'altro per il Medico Veterinario Incaricato. \n\n#### Moduli di Richiesta di Associazione\n\n- **Modulo di richiesta di associazione per il Medico Veterinario Aziendale**\n- **Modulo di richiesta di associazione per il Medico Veterinario Incaricato** \n\nAssicurati di avere tutti i documenti pronti prima di iniziare il processo di associazione."", 'Il sistema integrato ""ClassyFarm"" offre una guida per l\'inserimento della check-list relativa al benessere degli animali durante le fasi di svezzamento e ingrasso. Prima di iniziare il processo di inserimento dei dati di valutazione del benessere animale e della biosicurezza tramite l\'app, è fondamentale che sia il Medico Veterinario Aziendale che il Medico Veterinario Incaricato dispongano di alcuni documenti necessari per associarsi all\'allevamento.\n\nI documenti richiesti includono:\n\n1. Un documento di identità personale del veterinario.\n2. Un documento di identità dell\'allevatore.\n3. Il ""Modulo di richiesta di associazione all\'operatore"", che deve essere compilato in tutte le sue parti e firmato sia dal veterinario che dall\'allevatore. Questo modulo è disponibile per il download sul sito www.classyfarm.it.\n\nÈ importante notare che esistono due moduli di associazione distinti: uno specifico per il Medico Veterinario Aziendale e l\'altro per il Medico Veterinario Incaricato.', 'Nel contesto della gestione del benessere animale, è emerso che la mancanza di adeguate procedure di biosicurezza espone gli animali a un rischio maggiore di disagio, sia a causa di nuove infezioni che per la diffusione di quelle già esistenti. Questo può compromettere la loro integrità fisica e psichica. \n\nPer affrontare questa problematica, è stata introdotta un\'ulteriore valutazione nell\'Area A, dedicata al ""Management aziendale e personale"", della check-list ClassyFarm. Questa valutazione si concentra sulle condizioni derivanti dal punteggio ottenuto per la biosicurezza all\'interno dello stesso allevamento. \n\nIl valore relativo a questa valutazione è rappresentato dall\'item denominato ""Biosicurezza"", che costituisce l\'ultimo quesito dell\'Area A del benessere animale. È importante notare che questo item viene completato automaticamente dal sistema ClassyFarm, in seguito all\'analisi dei dati raccolti durante la valutazione della biosicurezza.', 'prima di iniziare a inserire i dati di valutazione del benessere animale e della biosicurezza tramite lapp classyfarm 2 0 è necessario seguire alcune indicazioni fondamentali innanzitutto è indispensabile essere in possesso delle credenziali vetinfo che possono essere ottenute visitando il sito www vetinfo it in secondo luogo per i veterinari aziendali è richiesto di essere iscritti allelenco pubblico nazionale dei veterinari aziendali gestito dalla fnovi per quanto riguarda i veterinari incaricati secondo laggiornamento della nota ministeriale 0016001 16/07/2020 dgsaf mds p non è necessaria liscrizione allelenco fnovi tuttavia è obbligatorio aver completato un corso di veterinario aziendale e aver seguito un percorso di formazione specifico che includa argomenti pertinenti alla specie animale oggetto di valutazione']","Per inserire i dati di valutazione del Benessere Animale e della Biosicurezza tramite l'app ClassyFarm, hai bisogno dei seguenti documenti:

1. **Documento di identità personale** del veterinario.
2. **Documento di identità dell'allevatore**.
3. **Modulo di richiesta di associazione all'operatore** (modulo di autorizzazione), che deve essere compilato e firmato sia dal veterinario che dall'allevatore. Questo modulo è disponibile per il download sul sito ufficiale di ClassyFarm: [www.classyfarm.it](https://www.classyfarm.it).

Inoltre, è fondamentale avere le credenziali VETINFO, che possono essere ottenute visitando il sito [www.vetinfo.it](http://www.vetinfo.it) [2][10].","Prima di inserire i dati di valutazione del Benessere Animale e della Biosicurezza tramite app, sia il medico veterinario aziendale sia il medico veterinario incaricato devono avere a disposizione, in foto o scansione, il documento di identità, il documento di identità dell'allevatore e il modulo di richiesta di associazione all'operatore compilato e firmato da veterinario e allevatore. Sono disponibili due moduli distinti, uno per il veterinario aziendale e uno per il veterinario incaricato.",1.0,0.7819123447091136,0.6972789115546648,1.0,0.5054821193053249
Come faccio ad associarmi all'allevamento?,"[""Per associarsi all'allevamento nel sistema integrato «ClassyFarm», seguire questi passaggi:\n\n1. Dopo aver scelto il proprio ruolo, cliccare su «Selezione Azienda».\n2. Procedere cliccando su «Nuovo Allevamento».\n3. Inserire il codice aziendale e poi cliccare su «Verifica».\n4. Cliccando su «Dettagli», è possibile visualizzare le informazioni relative all'allevamento, come la ragione sociale, la partita IVA e l'indirizzo.\n5. Selezionare la checklist che deve essere compilata per l'allevamento scelto. Si noti che, nel caso si disponga di un veterinario aziendale, il passaggio 4 non è necessario."", '**ISTRUZIONI PER L\'ASSOCIAZIONE DI UN ALLEVAMENTO**\n\nPrima di procedere con l\'inserimento della checklist, è fondamentale associare l\'allevamento di interesse.\n\n1. Cliccare sul pulsante ""Nuovo Allevamento"".\n2. Inserire il codice dell\'allevamento, quindi cliccare sul pulsante ""Verifica"" e selezionare l\'allevamento da associare.', '**21  \nASSOCIAZIONE DI UN ALLEVAMENTO**  \nQuesta operazione è necessaria esclusivamente per il Veterinario Incaricato e il Veterinario Aziendale.\n\n1. Accedere a ClassyFarm e selezionare l\'opzione ""Selezione Azienda"".\n2. Cliccare sul pulsante ""Nuovo Allevamento"".\n3. Inserire il codice dell\'allevamento, cliccare sul pulsante ""Verifica"" e selezionare l\'allevamento da associare.\n4. Scegliere le tipologie di questionario che si desidera compilare tramite il menu a tendina.\n5. Caricare i documenti richiesti (si consiglia di utilizzare file in formato PDF; il modulo di autorizzazione è scaricabile al seguente link: https://www.classyfarm.it/index.php/register-it) e cliccare sul pulsante ""Conferma"" in fondo alla pagina.', 'Per associarsi all\'allevamento nel sistema integrato ""ClassyFarm"" e procedere con l\'inserimento della check-list per il benessere dei riproduttori, seguire i seguenti passaggi:\n\n1. Dopo aver scelto il proprio ruolo, cliccare su ""Selezione Azienda"".\n2. Selezionare l\'opzione ""Nuovo Allevamento"".\n3. Inserire il codice aziendale e cliccare su ""Verifica"".\n4. Cliccando su ""Dettagli"", sarà possibile visualizzare le informazioni relative all\'allevamento, come la ragione sociale, la partita IVA e l\'indirizzo.\n5. Infine, selezionare la check-list che deve essere compilata per l\'allevamento scelto. Si noti che, nel caso in cui si disponga di un veterinario aziendale, il passaggio 4 non è necessario.', ""Il sistema integrato «ClassyFarm» offre una guida per l'inserimento della check-list sull'app. Per associarsi all'allevamento, è necessario seguire alcuni passaggi. Innanzitutto, bisogna caricare tutti i documenti richiesti, che includono il documento di identità del veterinario, il documento di identità dell'allevatore e il modulo di autorizzazione, noto come «Modulo di richiesta di associazione». Una volta completata questa fase, si deve cliccare su «Conferma» per finalizzare il processo di associazione."", 'Il sistema integrato ""ClassyFarm"" offre una guida per l\'inserimento della check-list relativa al benessere durante le fasi di svezzamento e ingrasso. Per associarsi all\'allevamento, è necessario seguire alcuni passaggi. Innanzitutto, bisogna caricare tutti i documenti richiesti, che includono il documento di identità del veterinario, il documento di identità dell\'allevatore e il modulo di autorizzazione, noto come ""Modulo di richiesta di associazione"". Una volta completata questa fase, si deve cliccare su ""Conferma"" per finalizzare il processo di associazione.', 'Il sistema integrato ""ClassyFarm"" offre una guida per l\'inserimento della check-list per la valutazione del rischio relativo al taglio della coda. Per procedere, è necessario seguire alcuni passaggi.\n\nInnanzitutto, è importante cliccare sul pulsante ""Conferma"". Successivamente, per associarsi all\'allevamento, è richiesto di caricare tutti i documenti necessari. Questi documenti includono:\n\n- Il documento di identità del veterinario.\n- Il documento di identità dell\'allevatore.\n- Il modulo di autorizzazione, noto anche come ""Modulo di richiesta di associazione"".\n\nSeguendo queste indicazioni, sarà possibile completare il processo di associazione all\'allevamento.', 'Il sistema integrato ""ClassyFarm"" offre una guida per l\'inserimento della check-list relativa al benessere dei riproduttori. Per associarsi all\'allevamento, è necessario seguire alcuni passaggi. Innanzitutto, è fondamentale caricare tutti i documenti richiesti, che includono il documento di identità del veterinario, il documento di identità dell\'allevatore e il modulo di autorizzazione, noto come ""Modulo di richiesta di associazione"". Una volta completata questa fase, si deve cliccare su ""Conferma"" per finalizzare il processo di associazione.', ""**PAG**  \nSistema Integrato «ClassyFarm» - Guida per Delegati Operatori - Filiera o Gruppo  \n\n**Procedura per l'abbinamento all'allevamento:**  \n1. Dopo aver selezionato il profilo, cliccare su «Selezione Azienda».  \n2. Cliccare su «Nuovo Allevamento».  \n3. Inserire il codice aziendale e cliccare su «Verifica».  \n\n**CARICAMENTO DELEGA**  \n1. Cliccando su «Dettagli», è possibile visualizzare le informazioni relative all'allevamento (Ragione sociale, Partita IVA, Indirizzo, ecc.).  \n(N.B. Se sono presenti più allevamenti, è necessario SELEZIONARE l'allevamento desiderato dall'elenco fornito in base al codice aziendale.)"", '1. Cliccare su ""Nuovo Allevamento"".\n2. Inserire il codice aziendale (es. 001XX001) e fare clic su ""Verifica"".\n   - Il sistema recupererà automaticamente i dati dell\'allevamento.\n3. Selezionare l\'Azienda.']","Per associarti all'allevamento nel sistema integrato «ClassyFarm», segui questi passaggi:

1. **Seleziona il tuo ruolo**: Accedi al sistema e clicca su «Selezione Azienda».
2. **Crea un nuovo allevamento**: Clicca su «Nuovo Allevamento».
3. **Inserisci il codice aziendale**: Digita il codice dell'allevamento e poi clicca su «Verifica».
4. **Visualizza i dettagli**: Cliccando su «Dettagli», puoi visualizzare le informazioni relative all'allevamento, come la ragione sociale, la partita IVA e l'indirizzo. (Nota: se hai un veterinario aziendale, questo passaggio non è necessario.)
5. **Seleziona la checklist**: Scegli la checklist che deve essere compilata per l'allevamento scelto.
6. **Carica i documenti richiesti**: Assicurati di caricare tutti i documenti necessari, che includono:
   - Il documento di identità del veterinario.
   - Il documento di identità dell'allevatore.
   - Il modulo di autorizzazione, noto come «Modulo di richiesta di associazione».
7. **Conferma l'associazione**: Dopo aver caricato i documenti, clicca sul pulsante «Conferma» in fondo alla pagina per finalizzare il processo di associazione.

Seguendo questi passaggi, potrai completare l'associazione all'allevamento nel sistema «ClassyFarm».","Per associarsi a un allevamento, dopo aver selezionato il ruolo bisogna cliccare su ""Seleziona azienda"", poi su ""Nuovo allevamento"", inserire il codice aziendale e cliccare su ""Verifica"". Solo per il veterinario incaricato è necessario selezionare la checklist che verrà compilata per l'allevamento selezionato. Infine si caricano i documenti richiesti (documento di identità, documento di identità dell'allevatore, modulo di autorizzazione) e si clicca su ""Conferma"".",1.0,0.5272925219939564,0.99999999999,1.0,0.9516693072422264
Come faccio a modificare una checklist sul benessere dei suini riproduttori?,"['Il sistema integrato «ClassyFarm» offre una guida per l\'inserimento della check-list relativa al benessere dei riproduttori. Per compilare il controllo, è necessario seguire alcuni semplici passaggi. \n\nInnanzitutto, bisogna cliccare su ""Crea nuovo questionario"". Successivamente, si deve scorrere l\'elenco e selezionare la specie desiderata, in questo caso i suini. Infine, si deve cliccare su ""Benessere Suini Riproduttori"" per accedere alla sezione specifica.', 'Il sistema integrato ""ClassyFarm"" offre una guida per l\'inserimento della check-list relativa al benessere durante le fasi di svezzamento e ingrasso. Per compilare il controllo, è necessario seguire alcuni semplici passaggi.\n\nInnanzitutto, bisogna cliccare su ""Crea nuovo questionario"". Successivamente, si deve scorrere l\'elenco e selezionare la specie desiderata, in questo caso i suini. Infine, è necessario cliccare su ""Benessere Suini Svezzamento e Ingrasso"", versione 09.2019, per accedere alla check-list specifica.', 'Il sistema integrato ""ClassyFarm"" offre una guida per l\'inserimento della check-list sul benessere dei riproduttori. Per iniziare, è necessario selezionare la data della visita, il tipo di allevamento e l\'indirizzo produttivo utilizzando i menù a tendina disponibili. \n\nSuccessivamente, per inserire le linee genetiche, ovvero le razze presenti in allevamento, è necessario cliccare su ""Apri linee genetiche"". Da lì, si possono selezionare le razze attive spostando il cursore su ""Attivato"" e, una volta completata la selezione, cliccare su ""Aggiorna"" per confermare le modifiche.\n\nInfine, per salvare i dati inseriti e procedere alla sezione successiva, è importante cliccare su ""Salva"".', 'Il sistema integrato ""ClassyFarm"" offre una guida per l\'inserimento della check-list relativa al benessere dei riproduttori. Per facilitare la compilazione, è possibile cliccare sulle icone ""Info"" associate agli item, che permettono di visualizzare tooltip contenenti una descrizione dettagliata di ciascun elemento. Inoltre, cliccando sulle icone ""Info"" delle singole risposte, si può accedere al testo completo per una comprensione più approfondita.', 'La guida per l\'inserimento della check-list sul benessere dei riproduttori nel sistema integrato ""ClassyFarm"" presenta alcune premesse fondamentali. \n\nIn primo luogo, è importante sapere che tutto il materiale informativo, inclusi guide, manuali e moduli, è accessibile online all\'indirizzo www.classyfarm.it. Questa guida è stata creata per facilitare gli utenti nella compilazione della check-list necessaria per valutare il rischio di taglio coda negli allevamenti suini.\n\nInoltre, la guida offre istruzioni dettagliate e passo-passo per la compilazione della check-list elettronica. Tuttavia, è fondamentale sottolineare che non sostituisce i corsi di formazione specifici e il manuale, che sono considerati propedeutici per un corretto utilizzo del sistema.\n\nInfine, si raccomanda di utilizzare un browser internet per accedere all\'applicativo di raccolta dati, con una preferenza per Google Chrome, assicurandosi che sia aggiornato all\'ultima versione disponibile.', 'La guida per l\'inserimento della check-list sul benessere dei riproduttori nel sistema integrato ""ClassyFarm"" prevede alcuni passaggi fondamentali. \n\nIn primo luogo, è necessario inserire il numero di animali presenti in azienda per ogni settore. Successivamente, è importante rispondere a tutte le domande proposte. Una volta completata e salvata la sezione, apparirà una spunta verde in alto a destra, sotto la dicitura ""Sezioni"", a indicare che il lavoro è stato portato a termine. Infine, per procedere alla sezione successiva, è sufficiente cliccare sul pulsante ""prossima"". \n\nQuesti passaggi sono essenziali per garantire una corretta compilazione del controllo.', 'Il documento riguarda il sistema integrato ""ClassyFarm"" e fornisce una guida per l\'inserimento della check-list sul benessere dei riproduttori, focalizzandosi sull\'area C, che si occupa delle misure basate sugli animali (Animal Based Measures - ABMs) per i riproduttori.\n\nPer compilare il controllo delle ABMs, è possibile seguire due procedure. Se si sono già effettuati i calcoli, è sufficiente cliccare direttamente sulla risposta al quesito. In alternativa, se si desidera utilizzare dei contatori, si devono seguire i seguenti passaggi:\n\n1. Premere su un apposito pulsante per aprire i contatori, che permettono di valutare tutte le ABMs per ciascun animale.\n2. Seguire le indicazioni del contatore, ad esempio cliccando su un altro pulsante per registrare il numero di animali sporchi.\n3. Dopo aver valutato un animale, è necessario premere su ""Prossimo"" per aggiornare il contatore relativo al numero di animali già valutati.\n4. Infine, cliccare su ""Chiudi"" per autocompletare le risposte per tutti i contatori.\n\nÈ importante ricordare di cliccare su ""Prossimo"" per incrementare il numero di animali valutati.', 'Il sistema integrato ""ClassyFarm"" offre una guida per l\'inserimento della check-list relativa al benessere durante le fasi di svezzamento e ingrasso. \n\nPer iniziare, è necessario selezionare la data della visita, il tipo di allevamento e l\'indirizzo produttivo utilizzando i menù a tendina disponibili. Successivamente, per inserire le linee genetiche, ovvero le razze presenti nell\'allevamento, si deve cliccare su ""Apri linee genetiche"". Da lì, è possibile selezionare le razze attive spostando il cursore su ""Attivato"" e poi cliccare su ""Aggiorna"" per confermare le scelte effettuate. \n\nInfine, per salvare i dati inseriti e procedere alla sezione successiva, è necessario cliccare su ""Salva"".', '[DASHBOARD] Il sistema integrato ""ClassyFarm"" offre una guida per l\'inserimento della check-list sul benessere dei riproduttori. Per iniziare, è necessario seguire alcuni passaggi fondamentali.\n\nIn primo luogo, bisogna cliccare su ""Selezione Azienda"" per associarsi all\'allevamento desiderato. Successivamente, si deve cliccare su ""Trasmissione Checklist"" per accedere alla compilazione del controllo. Infine, per consultare i cruscotti, è necessario cliccare su ""Dashboard"".\n\nInoltre, è possibile visualizzare il nome utente e il ruolo scelto, con l\'opzione di cambiare il ruolo se necessario.', 'Il documento riguarda il sistema integrato ""ClassyFarm"" e fornisce una guida per l\'inserimento della check-list sul benessere dei riproduttori. \n\nPer iniziare la compilazione del controllo, è necessario seguire alcuni passaggi. Innanzitutto, si deve inserire il codice di allevamento. Successivamente, è importante cliccare sulla lente d’ingrandimento, che funge da funzione di ricerca, per cercare l\'allevamento nel database nazionale (BDN). \n\nDopo aver effettuato la ricerca, il sistema restituirà un elenco di allevamenti che corrispondono al codice aziendale inserito. A questo punto, è sufficiente selezionare l\'allevamento desiderato con un clic. Il sistema provvederà automaticamente a completare i dati anagrafici dell\'allevamento utilizzando le informazioni disponibili nel BDN. È importante notare che, durante l\'inserimento del codice, non bisogna includere il prefisso ""IT"" o eventuali sottocodici, come ad esempio ""/2"". \n\nInfine, il documento menziona una sezione dedicata alla testata del questionario, che sembra essere numerata con i valori 14, 1, 2 e 3, ma non fornisce ulteriori dettagli su questa parte.']","Per modificare una checklist sul benessere dei suini riproduttori nel sistema integrato ""ClassyFarm"", segui questi passaggi:

1. **Crea un nuovo questionario**: Clicca su ""Crea nuovo questionario"".
2. **Seleziona la specie**: Scorri l'elenco e seleziona ""Suini"" come specie desiderata.
3. **Accedi alla sezione specifica**: Clicca su ""Benessere Suini Riproduttori"" per entrare nella sezione dedicata.
4. **Inserisci i dati**: Seleziona la data della visita, il tipo di allevamento e l'indirizzo produttivo utilizzando i menù a tendina disponibili.
5. **Inserisci le linee genetiche**: Clicca su ""Apri linee genetiche"" per selezionare le razze presenti in allevamento. Attiva le razze desiderate spostando il cursore su ""Attivato"" e poi clicca su ""Aggiorna"" per confermare le modifiche.
6. **Compila la checklist**: Rispondi a tutte le domande proposte nella checklist.
7. **Salva i dati**: Clicca su ""Salva"" per salvare i dati inseriti e procedere alla sezione successiva.
8. **Controlla il completamento**: Una volta completata e salvata la sezione, apparirà una spunta verde in alto a destra, sotto la dicitura ""Sezioni"", a indicare che il lavoro è stato portato a termine.
9. **Procedi alla sezione successiva**: Clicca sul pulsante ""prossima"" per continuare.

Se hai bisogno di ulteriori informazioni su ciascun item, puoi cliccare sulle icone ""Info"" associate per visualizzare tooltip con descrizioni dettagliate.","Per modificare una checklist sul benessere dei suini riproduttori occorre individuare la checklist di interesse nello storico delle checklist di valutazione, aprirla in modifica e aggiornare le risposte secondo le esigenze operative previste dal sistema ClassyFarm.",1.0,0.8861350027232289,0.99999999999,0.0,0.19963898271723213
"Perché se clicco su ""Visualizza"" in una bozza non me lo fa modificare?","['**SISTEMA QUESTIONARI**\n\nPer alcuni questionari, dopo la generazione del documento in formato PDF, è possibile visualizzarlo selezionando l\'opzione ""Azioni"" e successivamente ""Documenti"". \n\n**VISUALIZZAZIONE DEL DOCUMENTO**', 'Il pulsante ""Visualizza"" consente esclusivamente di visualizzare le risposte selezionate nel questionario prima del salvataggio.  \nPer continuare la compilazione, fare clic su ""Modifica"".  \nEsito della valutazione salvato come bozza.', 'Il pulsante ""Visualizza"" consente esclusivamente di visualizzare il questionario.  \nPer continuare la compilazione, è necessario cliccare su ""Modifica"".  \nPiano di Rientro salvato come bozza.', 'Il pulsante «Visualizza» permette esclusivamente di visualizzare le risposte selezionate nel questionario prima del salvataggio. \n\nQuestionario salvato come bozza \n(per continuare la compilazione, cliccare su «Modifica») \n14', ""**Questionario Salvato in Bozza**\n\nQualora il questionario sia stato salvato come bozza, per riprendere la compilazione è necessario selezionare l'opzione «Storico» e successivamente «Modifica».  \n1.  \n2.  \n13"", ""25  \n2.  \n3. Selezionare l'esito della valutazione da modificare, cliccare su «Modifica» e successivamente salvare l'esito della valutazione in bozza."", 'Riprendere la compilazione di una checklist salvata come bozza.', ""Se l'esito della valutazione è stato salvato come bozza, per riprendere la compilazione seguire i seguenti passaggi:\n\n1. Cliccare su «Esito Valutazione».\n2. Individuare la specie di interesse, cliccare su di essa e successivamente selezionare «Storico».\n\nEsito della valutazione salvato in bozza: 24."", 'Riprendere la compilazione di un Esito di Valutazione salvato in bozza.  \n23', '3 individuare il piano di rientro da modificare fare clic su modifica piano di rientro salvato in bozza']","Cliccando su ""Visualizza"" in una bozza, puoi solo visualizzare le risposte selezionate nel questionario prima del salvataggio. Per continuare la compilazione e modificare la bozza, è necessario cliccare su ""Modifica"" [Doc 2][Doc 3][Doc 4].","Se si clicca su ""Visualizza"" quando è selezionata una bozza, il sistema permette solo di visualizzare il questionario senza poter apportare modifiche. Per completare o modificare il questionario o la checklist è necessario selezionare la bozza di interesse e cliccare su ""Modifica"".",1.0,0.8367933542683341,0.9593749999880078,1.0,0.9586179400484661
"Cosa vogliono dire Q1, Q2, Q3, Q4 nei cruscotti?","['[DASHBOARD] **PAG**  \nSistema Integrato «ClassyFarm» - Guida per Delegati Operatori - Filiera o Gruppo  \n**CRUSCOTTI - RISULTATI**  \n16  \n\nPer accedere ai cruscotti interattivi:  \n- Accedere a VETINFO  \n- Selezionare ClassyFarm → ClassyFarm 2.0  \n- Selezionare il PROFILO  \n- Cliccare su Dashboard  \n\n1. Consultare la GUIDA AI CRUSCOTTI INTERATTIVI al seguente link: www.classyfarm.it', '[DASHBOARD] **PAG**  \nSistema Integrato «ClassyFarm» - Guida per Delegati Operatori - Filiera o Gruppo  \n**CRUSCOTTI - RISULTATI**  \n29  \n\nPer accedere ai cruscotti interattivi:  \n- Accedere a VETINFO  \n- Selezionare ClassyFarm → ClassyFarm 2.0  \n- Scegliere il profilo  \n- Cliccare su Dashboard  \n\n1. Consultare la GUIDA AI CRUSCOTTI INTERATTIVI al seguente link: www.classyfarm.it', '[DASHBOARD] **PAG**  \nSistema Integrato «ClassyFarm» - Guida per Delegati Operatori - Filiera o Gruppo  \n**CRUSCOTTI - RISULTATI**  \n21  \n\nPer accedere ai cruscotti interattivi:  \n- Accedere a VETINFO  \n- Selezionare ClassyFarm → ClassyFarm 2.0  \n- Selezionare il PROFILO  \n- Cliccare su Dashboard  \n\n1. Consultare la GUIDA AI CRUSCOTTI INTERATTIVI al seguente link: www.classyfarm.it', 'Per accedere ai cruscotti, ai risultati e ai report, è importante seguire alcuni passaggi. Se richiesto, sarà necessario abilitare Flash Player per il browser in uso. Per farlo, cliccare su ""Enable or Install"".', ""[DASHBOARD] Le soglie che delimitano il passaggio tra i quartili sono indicate di seguito. Si avvisa che il cruscotto viene aggiornato trimestralmente; pertanto, selezionando l'anno corrente, i dati potrebbero risultare parziali e riferirsi esclusivamente ai mesi specificati nell'apposito riquadro (ad esempio, 2023 - 9 M = primi nove mesi del 2023). \n\nFARMACO BIOMASSA - AGGREGATO."", ""**www.classyfarm.it**\n\n**Quartili e Mediana**\n\nIn statistica, i quartili sono valori che suddividono una distribuzione ordinata di elementi in quattro parti uguali. Il primo quartile (Q1) comprende il 25% degli allevamenti selezionati, così come il secondo quartile (Q2), il terzo quartile (Q3) e il quarto quartile (Q4). La mediana, che rappresenta il valore centrale nella distribuzione ordinata, separa il secondo quartile dal terzo quartile.\n\nPer facilitare l'interpretazione dei dati di ClassyFarm relativi alla valutazione del benessere animale e della biosicurezza, come illustrato nel grafico allegato, il primo quartile (Q1) include il 25% degli allevamenti con i punteggi più elevati, mentre il quarto quartile (Q4) comprende il 25% degli allevamenti con i punteggi più bassi."", ""**www.classyfarm.it**\n\n**Quartili e Mediana**\n\nIn statistica, i quartili sono valori che suddividono una distribuzione ordinata di elementi in quattro parti uguali. Il primo quartile (Q1) comprende il 25% degli allevamenti selezionati, così come il secondo quartile (Q2), il terzo quartile (Q3) e il quarto quartile (Q4). La mediana, che rappresenta il valore centrale nella distribuzione ordinata, separa il secondo quartile dal terzo quartile.\n\nPer facilitare l'interpretazione dei dati di ClassyFarm relativi alla valutazione del benessere animale e della biosicurezza, come illustrato nel grafico allegato, il primo quartile (Q1) include il 25% degli allevamenti con i punteggi più elevati (Miglior benessere). Al contrario, il quarto quartile (Q4) comprende il 25% degli allevamenti con i punteggi più bassi (Peggior benessere)."", ""**www.classyfarm.it**  \n**IL SISTEMA CLASSYFARM**  \n**QUARTILI e MEDIANA**  \n\nIn statistica, i quartili sono valori che suddividono una distribuzione ordinata di elementi in quattro parti uguali. Il primo quartile (Q1) comprende il 25% degli allevamenti selezionati, così come il secondo (Q2), il terzo (Q3) e il quarto (Q4) quartile. Il secondo quartile è separato dal terzo quartile dalla mediana, che rappresenta il valore centrale nella distribuzione ordinata.\n\nPer facilitare l'interpretazione dei dati di ClassyFarm relativi alla valutazione del benessere animale e della biosicurezza, come illustrato nel grafico allegato, il primo quartile (Q1) include il 25% degli allevamenti con i punteggi più elevati. Al contrario, il quarto quartile (Q4) comprende il 25% degli allevamenti con i punteggi più bassi."", ""Ecco l'elenco strutturato discorsivo basato sulla tabella fornita:\n\n- 156\n- 17 (ripetuto 3 volte)\n- 18 (ripetuto 3 volte)\n- 19a (ripetuto 3 volte)\n- 19b (ripetuto 3 volte)\n- 20a\n- 20b\n- 21a (ripetuto 3 volte)\n- 21b\n- 22a (ripetuto 3 volte)\n- 22b (ripetuto 3 volte)\n- 23a\n- 23b (ripetuto 3 volte)\n- 24a\n- 24° (ripetuto 2 volte)\n- 24b (ripetuto 3 volte)\n- 25 (ripetuto 3 volte)\n- 26a\n- 26b\n- 27 (ripetuto 3 volte)\n- 28\n- 29\n- 30a\n- 30b (ripetuto 2 volte)\n- 31\n- 32 (ripetuto 3 volte)\n- 33 (ripetuto 3 volte)\n- 34 (ripetuto 3 volte)\n- 35a, b\n- 35c (ripetuto 3 volte)\n- 36 (ripetuto 3 volte)\n- 37 (ripetuto 3 volte)\n- 38 (ripetuto 2 volte)\n- 39 (ripetuto 3 volte)\n- 40 (ripetuto 3 volte)\n- 41 (ripetuto 3 volte)\n- 42 (ripetuto 2 volte)\n\nQuesto elenco rappresenta i dati in modo discorsivo, evidenziando le ripetizioni e le varianti."", ""**www.classyfarm.it**  \n**IL SISTEMA CLASSYFARM**  \n**QUARTILI e MEDIANA**  \n\nIn statistica, i quartili sono valori che suddividono una distribuzione ordinata di elementi in quattro parti uguali. Il primo quartile (Q1) comprende il 25% degli allevamenti selezionati, così come il secondo (Q2), il terzo (Q3) e il quarto (Q4) quartile. La mediana, che rappresenta il valore centrale nella distribuzione ordinata, separa il secondo quartile dal terzo quartile.\n\nPer facilitare l'interpretazione dei dati di ClassyFarm relativi alla valutazione del benessere animale e della biosicurezza, come illustrato nel grafico allegato, il primo quartile (Q1) include il 25% degli allevamenti con i punteggi più elevati, mentre il quarto quartile (Q4) comprende il 25% degli allevamenti con i punteggi più bassi.""]","[DASHBOARD] Le soglie che delimitano il passaggio tra i quartili sono indicate di seguito. Si avvisa che il cruscotto viene aggiornato trimestralmente; pertanto, selezionando l'anno corrente, i dati potrebbero risultare parziali e riferirsi esclusivamente ai mesi specificati nell'apposito riquadro (ad esempio, 2023 - 9 M = primi nove mesi del 2023).","Q1, Q2, Q3 e Q4 rappresentano i quartili in cui vengono raggruppati gli allevamenti. Gli allevamenti sono ordinati in funzione del punteggio ottenuto e i quartili sono rappresentati da diverse intensità di blu. In statistica i quartili sono valori che suddividono una distribuzione ordinata in quattro parti uguali; ClassyFarm li usa per semplificare la lettura dei dati.",1.0,0.0,0.3923809523731047,0.75,0.1300705130279411
"Cosa mi mostra la funzione ""Analisi risposte"" nel cruscotto?","['[DASHBOARD] **12  \nCruscotto di Visualizzazione**  \nDopo 48 ore, sarà possibile accedere al cruscotto interattivo: selezionare ""Dashboard"".', '[DASHBOARD] **www.classyfarm.it**  \n**Andamento storico dei controlli e relativi esiti**  \n- Modifica delle schermate del cruscotto  \n- Ripristino dei filtri applicati  \n- Accesso alla guida del cruscotto in formato PDF  \n- Data di aggiornamento del cruscotto  \n- Variazione degli indicatori Heatmap: forniscono una visione complessiva e di confronto tra le regioni  \n- Indicatori nazionali per specie e area: consentono il confronto a livello nazionale con la regione/ASL selezionata  \n- Rischio-programmazione', '[DASHBOARD] **16**  \nVisualizzazione a schermo intero della tabella  \nDashboard: Cruscotto di Visualizzazione  \nPossibilità di esportare i dati in Excel.', ""[DASHBOARD] **8  \nDashboard: Cruscotto per la verifica dei prerequisiti**  \nPer accedere al cruscotto interattivo, selezionare l'opzione «Dashboard»."", '[DASHBOARD] **14  \nSISTEMA QUESTIONARI**  \n**CARICAMENTO DI UN QUESTIONARIO**  \nUna volta che il questionario è stato compilato correttamente in tutte le sue sezioni e si è cliccato sul tasto ""Salva"" situato in fondo alla pagina, apparirà un pulsante giallo per la verifica in alto a destra. Dopo aver selezionato il pulsante giallo, sarà possibile visualizzare il tasto per procedere con il caricamento. I report dei questionari caricati saranno disponibili esclusivamente 48 ore dopo il caricamento nella sezione ""Dashboard"".', '[DASHBOARD] **Report**\n\nAl termine della compilazione, per visualizzare il report, è necessario seguire i seguenti passaggi:\n\n1. Accedere a «Trasmissione Checklist (Nuovo)».\n2. Cliccare su «Azioni» e successivamente su «Storico».\n3. Selezionare il controllo di interesse e cliccare su «Azioni».\n4. Scorrere fino in fondo alla pagina e cliccare su «Salva PDF».\n\n**Nota Bene:** Questa modalità di download del report è temporanea; in futuro, il report sarà nuovamente scaricabile dal cruscotto.', '[DASHBOARD] **14  \nSISTEMA QUESTIONARI**  \n**CARICARE UN QUESTIONARIO**  \nUna volta che il questionario è stato compilato correttamente in tutte le sue parti e si è cliccato sul tasto ""Salva"" situato in fondo alla pagina, apparirà un pulsante giallo per la verifica in alto a destra. Dopo aver selezionato il pulsante giallo, sarà possibile visualizzare il tasto per procedere con il caricamento.  \nI report dei questionari caricati saranno disponibili esclusivamente 48 ore dopo il caricamento nella sezione ""Dashboard"".', '[DASHBOARD] **Dashboard: Consultazione delle Checklist Compilate**\n\nÈ possibile visualizzare le checklist compilate dal Valutatore direttamente dal cruscotto, in formato tabellare. \n\n1. \n2.', '[DASHBOARD] **14  \nDashboard: Cruscotto di Visualizzazione**  \nAzienda già associata al Valutatore.  \nSarà possibile visualizzare, tramite il cruscotto, tutti gli allevamenti associati nella sezione ""Selezione Azienda"".  \nÈ prevista la possibilità di visualizzare la tabella a schermo intero cliccando sull\'icona corrispondente.  \nFiltri di Selezione: Azienda non ancora associata al Valutatore.', '[DASHBOARD] **PAG**  \nSistema Integrato «ClassyFarm» - Guida per Delegati Operatori - Filiera o Gruppo  \n**CRUSCOTTI - RISULTATI**  \n21  \n\nPer accedere ai cruscotti interattivi:  \n- Accedere a VETINFO  \n- Selezionare ClassyFarm → ClassyFarm 2.0  \n- Selezionare il PROFILO  \n- Cliccare su Dashboard  \n\n1. Consultare la GUIDA AI CRUSCOTTI INTERATTIVI al seguente link: www.classyfarm.it']",Dai documenti: è necessario aggiornare l’APP; in alternativa usare il sistema ‘Questionari’.,"Cliccando su ""Analisi risposte"" nella consultazione di un cruscotto viene visualizzato il grafico relativo alla distribuzione delle risposte ai questionari per gli allevamenti selezionati.",0.5,0.12016806928625295,0.162499999991875,0.0,0.08289242346263519
Che codice devo inserire per poter compilare un controllo di farmacosorveglianza?,"['**Sistema Integrato «ClassyFarm» - GUIDA ALL\'INSERIMENTO DEL CONTROLLO FARMACOSORVEGLIANZA**\n\nIn caso di un secondo controllo per verificare l\'adempimento delle prescrizioni:\n\n1. Compilare un nuovo controllo, inserendo esclusivamente le informazioni necessarie. Per tutte le altre risposte, selezionare l\'opzione NA. (Nota bene: per velocizzare la compilazione, è possibile utilizzare gli aiuti disponibili. Ad esempio, se si desidera compilare l\'area A, selezionare ""No"", quindi cliccare su ""Salva""; in questo modo, tutte le risposte verranno automaticamente contrassegnate come NA. Se è necessario compilare solo una o due risposte, è possibile selezionare ""Sì"" e modificare le informazioni richieste).\n\nSi prega di prestare attenzione: alcune risposte sono comunque obbligatorie per la sezione. Assicurarsi di compilare tali risposte secondo le indicazioni fornite al momento del salvataggio del controllo.\n\n**SECONDO CONTROLLO**  \n29', '**Sistema Integrato «ClassyFarm» - GUIDA ALL\'INSERIMENTO DEL CONTROLLO FARMACOSORVEGLIANZA**\n\n**PAGINA 17**\n\n**COMPILAZIONE DEL CONTROLLO**\n\n**2. AREA A – SCORTA DEI MEDICINALI VETERINARI**\n\nQualora non si desideri compilare questa sezione (ad esempio, in caso di un controllo successivo alla verifica delle prescrizioni), è possibile selezionare ""NO"" (1.) alla prima domanda, salvare (2.) e procedere alla sezione successiva (3).\n\nNegli altri casi, selezionare ""SI"" e procedere alla compilazione delle ulteriori domande e campi, quindi salvare e proseguire alla sezione successiva. \n\n1  \n2  \n3', '**Sistema Integrato «ClassyFarm» - GUIDA PER L\'INSERIMENTO DEL CONTROLLO FARMACOSORVEGLIANZA**\n\n**PAGINA**  \n**COMPILAZIONE DEL CONTROLLO**  \n**22**  \n\n**7. PROVVEDIMENTI ADOTTATI**  \n1. Rispondere a tutte le domande (barrare ""NA"" quando non applicabili).  \n2. Salvare e procedere alla sezione successiva (2.1).  \n**2.1**  \n**2**  \n**1**', '**Sistema Integrato «ClassyFarm» - GUIDA ALL\'INSERIMENTO DEL CONTROLLO FARMACOSORVEGLIANZA**\n\n**PAGINA**  \n**COMPILAZIONE DEL CONTROLLO**  \n**23**\n\n**8. VERIFICA DELLE PRESCRIZIONI**\n\n1. Rispondere a tutte le domande (barrare ""NA"" quando non applicabili, ad esempio, indicare la data delle verifiche delle prescrizioni nel caso in cui non siano state assegnate prescrizioni).\n2. Salvare e procedere alla sezione successiva (2.1).  \n**2.1**  \n**2**  \n**1**', ""[ASSISTENZA_TELEFONICA] **Sistema Integrato «ClassyFarm» - GUIDA ALL'INSERIMENTO DEL CONTROLLO FARMACOSORVEGLIANZA**\n\n**COMPILAZIONE DEL CONTROLLO**\n\n1. Inserire il codice aziendale BDN* (es. 000XY000) e cliccare su «cerca» (1.1).\n2. Selezionare l'allevamento da controllare (facendo clic sopra) tra quelli disponibili per il codice aziendale.\n3. I dati aziendali verranno automaticamente compilati nella testata del questionario.\n\n*Gli utenti ufficiali sono autorizzati a effettuare la compilazione per il proprio territorio di competenza. Qualora si inserisca un codice e non venga visualizzato alcun risultato, si prega di contattare l'assistenza inviando un'email a info@classyfarm.it."", '**Sistema Integrato «ClassyFarm» - GUIDA ALL\'INSERIMENTO DEL CONTROLLO FARMACOSORVEGLIANZA**\n\n**COMPILAZIONE CONTROLLO**\n\n**PAGINA 16**\n\n**1. INFORMAZIONI SPECIFICHE E RACCOLTA DATI AZIENDALI GENERALI**\n\n1. Selezionare e inserire le risposte pertinenti.\n2. Cliccare su ""Salva"".\n3. Cliccare su ""Prossima sezione"".\n\nSi prega di notare che è obbligatorio fornire una risposta a ciascuna domanda. Alcuni dati si autocompilano al momento del salvataggio; qualora rimanessero vuoti, procedere con l\'inserimento manuale.\n\n1. Risposta fornita\n2. Cancella risposta\n3. Info\n\n**Sezione completata**', '**Sistema Integrato «ClassyFarm» - GUIDA ALL\'INSERIMENTO DEL CONTROLLO FARMACOSORVEGLIANZA**\n\nIn caso di necessità di modificare la data relativa alle prescrizioni:\n\n1. Utilizzare la funzione ""Copia"" → cliccare sul pulsante e attendere → verrà creata una copia identica del controllo con tutte le risposte già fornite per quel controllo dell\'azienda → apportare le modifiche necessarie, giustificando nei campi di testo il motivo della variazione → caricare il nuovo controllo.\n\n**MODIFICA DATA PRESCRIZIONI**  \n30', ""Sistema Integrato «ClassyFarm» - GUIDA PER L'INSERIMENTO DEL CONTROLLO FARMACOSORVEGLIANZA\n\nPAGINA\n\nCOMPILAZIONE DEL CONTROLLO\n\n20\n\n5. AREA D – VALUTAZIONE DEL RISCHIO\n\nProcedere come indicato nella sezione precedente, seguendo le istruzioni contenute nel Manuale Operativo."", '**Sistema Integrato «ClassyFarm» - GUIDA ALL\'INSERIMENTO DEL CONTROLLO FARMACOSORVEGLIANZA**\n\n**COMPILAZIONE DEL CONTROLLO**\n\n1. Inserire la data del controllo.\n2. Selezionare dal menù a tendina il tipo di allevamento e l\'indirizzo produttivo.\n3. Cliccare su ""linee genetiche"" e selezionare quelle presenti (3.1. Si prega di notare che, in assenza del dato, è necessario selezionare l\'opzione «Altra») e cliccare su ""aggiorna"" (3.2).\n4. Cliccare su ""salva"" (il questionario è stato creato).', ""Nel contesto della farmacosorveglianza, si possono identificare due situazioni distinte riguardo alla registrazione e conservazione dei dati. \n\n1. **Situazioni non adeguate**:\n   - L'assenza del registro o delle registrazioni in vetinfo.\n   - La mancata conservazione dei dati per il periodo stabilito di 5 anni.\n   - La non corrispondenza del controllo a campione sui trattamenti.\n\n2. **Situazione adeguata**:\n   - La presenza e la conservazione adeguata delle registrazioni.\n   - La piena corrispondenza del controllo a campione sui trattamenti. \n\nIn sintesi, è fondamentale garantire la registrazione e la conservazione dei dati secondo le normative vigenti per assicurare la corretta sorveglianza dei farmaci.""]","Per compilare un controllo di farmacosorveglianza, devi inserire il codice aziendale BDN (es. 000XY000) e cliccare su «cerca» [Doc 5].","Per compilare un controllo di farmacosorveglianza è necessario inserire il codice azienda BDN nell'apposita sezione. Dopo aver inserito il codice si clicca su ""Cerca"" per selezionare l'allevamento corrispondente.",1.0,0.8137179947535321,0.19999999998,1.0,0.6423346898408979
Come faccio a modificare la data delle prescrizioni in un controllo già compilato?,"['**Sistema Integrato «ClassyFarm» - GUIDA ALL\'INSERIMENTO DEL CONTROLLO FARMACOSORVEGLIANZA**\n\nIn caso di necessità di modificare la data relativa alle prescrizioni:\n\n1. Utilizzare la funzione ""Copia"" → cliccare sul pulsante e attendere → verrà creata una copia identica del controllo con tutte le risposte già fornite per quel controllo dell\'azienda → apportare le modifiche necessarie, giustificando nei campi di testo il motivo della variazione → caricare il nuovo controllo.\n\n**MODIFICA DATA PRESCRIZIONI**  \n30', '**Sistema Integrato «ClassyFarm» - GUIDA ALL\'INSERIMENTO DEL CONTROLLO FARMACOSORVEGLIANZA**\n\nIn caso di un secondo controllo per verificare l\'adempimento delle prescrizioni:\n\n1. Compilare un nuovo controllo, inserendo esclusivamente le informazioni necessarie. Per tutte le altre risposte, selezionare l\'opzione NA. (Nota bene: per velocizzare la compilazione, è possibile utilizzare gli aiuti disponibili. Ad esempio, se si desidera compilare l\'area A, selezionare ""No"", quindi cliccare su ""Salva""; in questo modo, tutte le risposte verranno automaticamente contrassegnate come NA. Se è necessario compilare solo una o due risposte, è possibile selezionare ""Sì"" e modificare le informazioni richieste).\n\nSi prega di prestare attenzione: alcune risposte sono comunque obbligatorie per la sezione. Assicurarsi di compilare tali risposte secondo le indicazioni fornite al momento del salvataggio del controllo.\n\n**SECONDO CONTROLLO**  \n29', '**Sistema Integrato «ClassyFarm» - GUIDA ALL\'INSERIMENTO DEL CONTROLLO FARMACOSORVEGLIANZA**\n\n**PAGINA**  \n**COMPILAZIONE DEL CONTROLLO**  \n**23**\n\n**8. VERIFICA DELLE PRESCRIZIONI**\n\n1. Rispondere a tutte le domande (barrare ""NA"" quando non applicabili, ad esempio, indicare la data delle verifiche delle prescrizioni nel caso in cui non siano state assegnate prescrizioni).\n2. Salvare e procedere alla sezione successiva (2.1).  \n**2.1**  \n**2**  \n**1**', ""[DASHBOARD] **Sistema Integrato «ClassyFarm» - GUIDA ALL'INSERIMENTO DEL CONTROLLO FARMACOSORVEGLIANZA**\n\n**PAGINA 7**\n\n**SCELTA DELL'AMBIENTE**\n\n1. Cliccare su «Dashboard» per accedere alla consultazione dei cruscotti.\n2. Cliccare su «Trasmissione Checklist» per accedere alla compilazione del controllo.\n\n**Nome utente e ruolo selezionato. Cliccare qui per modificare il ruolo.**"", '**Sistema Integrato «ClassyFarm» - GUIDA ALL\'INSERIMENTO DEL CONTROLLO FARMACOSORVEGLIANZA**\n\n**COMPILAZIONE DEL CONTROLLO**\n\n1. Inserire la data del controllo.\n2. Selezionare dal menù a tendina il tipo di allevamento e l\'indirizzo produttivo.\n3. Cliccare su ""linee genetiche"" e selezionare quelle presenti (3.1. Si prega di notare che, in assenza del dato, è necessario selezionare l\'opzione «Altra») e cliccare su ""aggiorna"" (3.2).\n4. Cliccare su ""salva"" (il questionario è stato creato).', '**Sistema Integrato «ClassyFarm» - GUIDA PER L\'INSERIMENTO DEL CONTROLLO FARMACOSORVEGLIANZA**\n\n**PAGINA**  \n**COMPILAZIONE DEL CONTROLLO**  \n**22**  \n\n**7. PROVVEDIMENTI ADOTTATI**  \n1. Rispondere a tutte le domande (barrare ""NA"" quando non applicabili).  \n2. Salvare e procedere alla sezione successiva (2.1).  \n**2.1**  \n**2**  \n**1**', 'Nel documento sono riportate le prescrizioni relative a un controllo. Si inizia con la domanda se siano state assegnate delle prescrizioni, con la possibilità di rispondere ""Sì"" o ""No"". Se la risposta è affermativa, è richiesto di specificare quali prescrizioni sono state assegnate, lasciando uno spazio per la descrizione.\n\nSuccessivamente, viene chiesto di indicare entro quale data le prescrizioni dovranno essere eseguite.\n\nIn merito alle sanzioni applicate, sono elencate diverse opzioni, tra cui il blocco delle movimentazioni, l\'abbattimento dei capi, sanzioni amministrative o pecuniarie, sequestro dei capi e la possibilità di un\'informativa in procura. È anche prevista la possibilità di specificare ulteriori sanzioni, se presenti.\n\nInfine, è presente uno spazio dedicato alle note e osservazioni del controllore, dove possono essere annotate ulteriori informazioni o commenti relativi al controllo effettuato.', '**Sistema Integrato «ClassyFarm» - GUIDA ALL\'INSERIMENTO DEL CONTROLLO FARMACOSORVEGLIANZA**\n\n**PAGINA 17**\n\n**COMPILAZIONE DEL CONTROLLO**\n\n**2. AREA A – SCORTA DEI MEDICINALI VETERINARI**\n\nQualora non si desideri compilare questa sezione (ad esempio, in caso di un controllo successivo alla verifica delle prescrizioni), è possibile selezionare ""NO"" (1.) alla prima domanda, salvare (2.) e procedere alla sezione successiva (3).\n\nNegli altri casi, selezionare ""SI"" e procedere alla compilazione delle ulteriori domande e campi, quindi salvare e proseguire alla sezione successiva. \n\n1  \n2  \n3', 'Nel documento si fa riferimento alle prescrizioni. Si chiede innanzitutto se siano state assegnate delle prescrizioni, con la possibilità di rispondere ""Sì"" o ""No"". Se la risposta è affermativa, viene richiesto di specificare quali siano le prescrizioni assegnate, lasciando uno spazio per la loro descrizione. Infine, si richiede di indicare entro quale data dovranno essere eseguite.', '**Sistema Integrato «ClassyFarm» - GUIDA ALL\'INSERIMENTO DEL CONTROLLO FARMACOSORVEGLIANZA**\n\n**COMPILAZIONE CONTROLLO**\n\n**PAGINA 16**\n\n**1. INFORMAZIONI SPECIFICHE E RACCOLTA DATI AZIENDALI GENERALI**\n\n1. Selezionare e inserire le risposte pertinenti.\n2. Cliccare su ""Salva"".\n3. Cliccare su ""Prossima sezione"".\n\nSi prega di notare che è obbligatorio fornire una risposta a ciascuna domanda. Alcuni dati si autocompilano al momento del salvataggio; qualora rimanessero vuoti, procedere con l\'inserimento manuale.\n\n1. Risposta fornita\n2. Cancella risposta\n3. Info\n\n**Sezione completata**']","Per modificare la data delle prescrizioni in un controllo già compilato, segui questi passaggi:

1. Utilizza la funzione ""Copia"": clicca sul pulsante ""Copia"" e attendi che venga creata una copia identica del controllo con tutte le risposte già fornite per quell'azienda.
2. Apporta le modifiche necessarie, inclusa la modifica della data delle prescrizioni.
3. Giustifica la variazione nei campi di testo dedicati.
4. Carica il nuovo controllo.

Assicurati di seguire queste istruzioni per garantire che le modifiche siano registrate correttamente.","Per modificare la data delle prescrizioni in un controllo già compilato bisogna utilizzare la funzione di copia, cliccare sul relativo pulsante e attendere la creazione di una copia del controllo con tutte le risposte già inserite. Su questa copia si effettuano le variazioni necessarie, si giustifica il motivo della variazione nei campi di testo e si carica il nuovo controllo.",0.9,0.9892802072116094,0.5396825396645502,1.0,0.9751418754939676
"Sto creando un questionario, ho inserito il codice dell'allevamento e ho cliccato ""Cerca"": cosa devo fare per continuare?","[""**SISTEMA QUESTIONARI**\n\n**CREAZIONE DI UN NUOVO QUESTIONARIO**\n\n3. Inserire il codice di allevamento nell'apposita sezione e premere sull'icona di ricerca.  \n4. Attendere il caricamento della schermata successiva e fare clic sull'icona a forma di occhio."", ""**SISTEMA QUESTIONARI**\n\n**CREAZIONE DI UN NUOVO QUESTIONARIO**\n\n3. Inserire il codice di allevamento nell'apposita sezione e premere sull'icona di ricerca.  \n4. Attendere il caricamento della schermata successiva e premere sull'icona a forma di occhio."", '1. Selezionare l\'allevamento di interesse nella parte superiore sinistra dello schermo.  \nNota Bene: Gli allevamenti visualizzati nel menu a tendina sono quelli precedentemente associati nella sezione ""Selezione Azienda"".  \n\n2. Procedere quindi alla compilazione del questionario.  \n\n**Compilazione del Questionario**  \nÈ possibile inserire il codice dell\'allevamento manualmente oppure selezionarlo dal menu a tendina.', '1. Selezionare l\'allevamento di interesse nella parte superiore sinistra dello schermo.  \nNota Bene: Gli allevamenti visualizzati nel menu a tendina sono quelli associati alla voce ""Selezione Azienda"".  \n\n2. Procedere quindi alla compilazione della checklist.  \n2.1. È possibile inserire il codice dell\'allevamento manualmente oppure selezionarlo dal menu a tendina.  \n\nComunicazione Esito Valutazione.', '1. Cliccare su ""Nuovo Allevamento"".\n2. Inserire il codice aziendale (es. 001XX001) e fare clic su ""Verifica"".\n   - Il sistema recupererà automaticamente i dati dell\'allevamento.\n3. Selezionare l\'Azienda.', '**8. SISTEMA QUESTIONARI**\n\nÈ possibile creare un nuovo questionario cliccando su ""+ Crea nuovo questionario"".\n\n**CREAZIONE DI UN NUOVO QUESTIONARIO**\n\nATTENZIONE: per i veterinari liberi professionisti, è necessario prima associare l\'allevamento.', 'Il pulsante ""Visualizza"" consente esclusivamente di visualizzare il questionario.  \nPer continuare la compilazione, è necessario cliccare su ""Modifica"".  \nPiano di Rientro salvato come bozza.', ""**Sistema Integrato «ClassyFarm» - GUIDA ALL'INSERIMENTO DEL CONTROLLO REMOTO DEL BENESSERE SUINO**\n\n**COMANDI GENERALI DELL'APP**\n\n- Elenco dei questionari compilati\n- Ricerca libera dei questionari compilati\n- Inizio di un nuovo questionario\n- Funzione di eliminazione del questionario (disponibile solo per quelli non caricati e non completati)\n- Funzione di caricamento del questionario, che consente di terminare il controllo. Questa opzione è disponibile solo quando il questionario è completamente compilato (Nota: l'opzione appare anche al termine del questionario)\n- Funzione di copia del questionario, che consente di duplicare un questionario completo e di procedere con una nuova verifica, mantenendo traccia delle risposte del questionario copiato per lo stesso allevamento. Questa funzione è visibile solo dopo aver completato e caricato il questionario.\n\nCliccare per aprire il questionario incompleto e completare il controllo."", ""La schermata principale dell'app presenta diverse funzionalità utili per la gestione dei questionari. In primo luogo, è possibile visualizzare un elenco dei questionari già compilati, oltre a effettuare una ricerca libera tra di essi. \n\nSe si desidera iniziare un nuovo questionario, è disponibile un'apposita funzione. Inoltre, è presente la funzione di eliminazione del questionario, che può essere utilizzata solo per quelli che non sono stati caricati e che sono stati terminati. \n\nUn'altra funzionalità importante è quella di caricare un questionario, che consente di completare il controllo. Questa opzione è attivabile solo quando il questionario è completamente compilato e compare anche al termine della compilazione. \n\nIn aggiunta, è possibile copiare un questionario già completo, il che permette di avviare una nuova verifica mantenendo traccia delle risposte del questionario originale per lo stesso allevamento. Questa funzione diventa disponibile solo dopo aver terminato e caricato il questionario. \n\nInfine, è possibile cliccare per aprire un questionario incompleto e completare il controllo."", ""**Sistema Integrato «ClassyFarm» - GUIDA ALL'INSERIMENTO DEL CONTROLLO BIOSICUREZZA PER SUINI**\n\n**COMANDI GENERALI DELL'APP**\n\n- Elenco dei questionari compilati\n- Ricerca libera dei questionari compilati\n- Inizio di un nuovo questionario\n- Funzione di eliminazione del questionario (disponibile solo per quelli non caricati e non completati)\n- Funzione di caricamento del questionario, che consente di terminare il controllo. Questa opzione è disponibile solo quando il questionario è completamente compilato (Nota: l'opzione appare anche al termine del questionario)\n- Funzione di copia del questionario, che consente di duplicare un questionario completo e di procedere con una nuova verifica, mantenendo traccia delle risposte del questionario copiato per lo stesso allevamento. Questa funzione è visibile solo dopo aver completato e caricato il questionario.\n\nCliccare per aprire il questionario incompleto e completare il controllo.""]","Dopo aver inserito il codice dell'allevamento e cliccato su ""Cerca"", devi attendere il caricamento della schermata successiva e poi fare clic sull'icona a forma di occhio per continuare [1][2].","Dopo aver inserito il codice allevamento e cliccato su ""Cerca"", bisogna attendere il caricamento della schermata successiva, premere sull'icona a forma di occhio e attendere che la testa del questionario si compili automaticamente. Poi si procede alla compilazione dei soli dati evidenziati in rosso e si clicca su ""Crea questionario"".",1.0,0.6915211498039178,0.9333333333177777,0.3333333333333333,0.44984133012046945
Perché non riesco a eliminare un questionario che ho creato?,"['**SISTEMA QUESTIONARI**\n\nÈ possibile procedere con l\'eliminazione di un nuovo questionario selezionando l\'opzione ""Azioni"" e successivamente ""Cancella"". In alcune circostanze, prima di poter procedere con la cancellazione del questionario, è necessario modificare una delle risposte e salvare le modifiche. \n\n**ELIMINAZIONE DI UN QUESTIONARIO**', '**18  \nSISTEMA QUESTIONARI**  \nÈ possibile eliminare un nuovo questionario selezionando l\'opzione ""Azioni"" e successivamente ""Copia"".  \n**COPIARE UN QUESTIONARIO**', '**SISTEMA QUESTIONARI**\n\nSelezionare il questionario di interesse, quindi cliccare su ""Azioni"" e successivamente su ""Modifica"". \n\n**MODIFICA DI UN QUESTIONARIO**', 'Il pulsante ""Visualizza"" consente esclusivamente di visualizzare il questionario.  \nPer continuare la compilazione, è necessario cliccare su ""Modifica"".  \nPiano di Rientro salvato come bozza.', '**SISTEMA QUESTIONARI**  \n**CREAZIONE DI UN NUOVO QUESTIONARIO**  \n\n5. Attendere che la parte introduttiva del questionario si compili automaticamente e procedere alla compilazione esclusiva dei dati evidenziati in rosso. Successivamente, fare clic su ""Crea questionario"".', '**SISTEMA QUESTIONARI**  \n**CREAZIONE DI UN NUOVO QUESTIONARIO**  \n\n5. Attendere che la parte introduttiva del questionario si compili automaticamente. Procedere quindi alla compilazione esclusiva dei dati evidenziati in rosso. Successivamente, fare clic su ""Crea questionario"".', '**SISTEMA QUESTIONARI**\n\n**CREAZIONE DI UN NUOVO QUESTIONARIO**\n\nDurante la compilazione del questionario, nell\'angolo in alto a sinistra verrà generato un indice riassuntivo. Per proseguire con la compilazione, è necessario utilizzare le frecce situate nella parte inferiore. Dopo aver risposto alle domande di ciascuna sezione, è fondamentale cliccare sul pulsante ""Salva"". È possibile visualizzare l\'intestazione iniziale del questionario facendo clic sull\'apposito pulsante.\n\n**INDICE DEL QUESTIONARIO**\n\n- Pulsante di intestazione\n- Frecce e pulsante ""Salva""', 'il sistema integrato classyfarm offre una guida per linserimento della check list per la valutazione del rischio relativo al taglio della coda allinterno dellapp sono disponibili diverse funzioni e comandi generali in primo luogo è possibile visualizzare un elenco dei questionari già compilati oltre a effettuare una ricerca libera per trovare specifici questionari completati se si desidera iniziare un nuovo questionario è disponibile unapposita funzione per farlo in caso di necessità è possibile eliminare un questionario ma questa opzione è limitata ai questionari che non sono stati ancora caricati e che non sono stati completati una volta che un questionario è stato completato è possibile utilizzare la funzione di caricamento che consente di terminare il controllo questa funzione è attivabile solo quando tutte le sezioni del questionario sono state completate e compare anche alla fine del questionario stesso in aggiunta esiste la funzione di copia del questionario che consente di duplicare un questionario già completo questa opzione è utile per procedere con una nuova verifica mantenendo traccia delle risposte del questionario originale per lo stesso allevamento è importante notare che questa funzione appare solo dopo aver terminato e caricato il questionario infine è possibile cliccare per aprire un questionario incompleto e completare il controllo', 'il sistema integrato classyfarm offre una guida per linserimento della check list relativa al benessere durante le fasi di svezzamento e ingrasso allinterno dellapp sono disponibili diversi comandi generali che facilitano la gestione dei questionari in primo luogo è possibile visualizzare un elenco dei questionari già compilati oltre a effettuare una ricerca libera per trovare specifici questionari completati se si desidera iniziare un nuovo questionario è disponibile unapposita funzione per farlo inoltre lapp consente di eliminare questionari ma questa operazione è possibile solo per quelli che non sono stati caricati e che non sono stati terminati unaltra funzione utile è quella di caricare un questionario che permette di completare il controllo questa opzione è attivabile solo quando il questionario è stato completamente compilato è importante notare che la funzione di caricamento compare anche alla fine del questionario unaltra caratteristica interessante è la possibilità di copiare un questionario già completo questa funzione consente di procedere con una nuova verifica mantenendo traccia delle risposte del questionario originale per lo stesso allevamento tuttavia la funzione di copia è disponibile solo dopo aver terminato e caricato il questionario infine è possibile cliccare per aprire un questionario incompleto e completare il controllo garantendo così una gestione efficiente e organizzata delle informazioni relative al benessere degli animali', 'il sistema integrato classyfarm offre una guida per linserimento della check list sul benessere dei riproduttori tra le funzionalità principali dellapp troviamo un elenco dei questionari già compilati che consente di visualizzare rapidamente le informazioni inserite è possibile effettuare una ricerca libera per trovare specifici questionari compilati per avviare un nuovo questionario lutente può selezionare lapposita funzione inoltre è prevista la possibilità di eliminare un questionario ma questa opzione è disponibile solo per i questionari che non sono stati ancora caricati e che non sono stati completati una funzione importante è quella di caricare un questionario che consente di terminare il controllo questa operazione è possibile solo quando il questionario è stato completato in tutte le sue parti è utile notare che lopzione di caricamento appare anche al termine del questionario infine lapp offre la funzione di copiare un questionario completo questa opzione permette di effettuare una nuova verifica mantenendo traccia delle risposte del questionario originale per lo stesso allevamento la funzione di copia diventa disponibile solo dopo che il questionario è stato terminato e caricato per completare un questionario incompleto è sufficiente cliccare sullapposito pulsante per aprirlo e proseguire con il controllo']","Non riesci a eliminare un questionario che hai creato perché, in alcune circostanze, è necessario modificare una delle risposte e salvare le modifiche prima di poter procedere con la cancellazione del questionario [1]. Inoltre, se il questionario è già stato completato o caricato, non sarà possibile eliminarlo [8][9][10].","Per eliminare un questionario bisogna cliccare su ""Azioni"" e poi su ""Cancella"". In alcuni casi, prima di poter cancellare il questionario, è necessario modificare una delle risposte e salvare le modifiche: per farlo si seleziona il questionario di interesse nell'elenco, si clicca su ""Azioni"" e poi su ""Modifica"".",0.6666666666666666,0.9999973822997561,0.599999999985,1.0,0.5555853564097197
Quali sono considerati principi attivi critici nell'ambito della DDDAit?,"['Ministero della Salute – Direzione Generale della Sanità Animale e dei Farmaci Veterinari  \nDose Giornaliera Definita per Animali in Italia (DDDAit)  \n\n20  \nPrincipi attivi ""critici"".', 'Ministero della Salute – Direzione Generale della Sanità Animale e dei Farmaci Veterinari  \nDose Giornaliera Definita per gli Animali in Italia (DDDAit)  \n\nPrincipi attivi ""critici""  \nÈ fondamentale preservare l\'efficacia di ciascun antimicrobico; tuttavia, non tutti i principi attivi rivestono la medesima importanza in relazione all\'antibiotico-resistenza. Alcuni di essi sono di cruciale rilevanza per la medicina umana, classificati come ""di importanza critica"", e la loro efficacia deve essere considerata una priorità.  \n\nAttualmente, non esistono indicazioni univoche per la classificazione delle molecole ""critiche"", e le linee guida delle diverse agenzie nazionali e internazionali possono presentare differenze significative. Pertanto, i criteri adottati dal sistema ClassyFarm sintetizzano quanto stabilito dalle due principali organizzazioni internazionali che si occupano di questa problematica: l\'Organizzazione Mondiale della Sanità (OMS) e l\'Agenzia Europea per i Medicinali (EMA).', ""La DCDAit del principio attivo di un determinato farmaco si ottiene moltiplicando la DDDAit per i giorni di trattamento. \n\n**DDDAit**  \nDefined Daily Dose Animal for Italy - rappresenta la dose in milligrammi di principio attivo utilizzata per mantenere in trattamento un chilogrammo di peso vivo nell'arco di ventiquattro ore. Questa dose non corrisponde a quella realmente somministrata in campo, ma piuttosto alla posologia corretta, come definita dal riassunto delle caratteristiche del prodotto (RCP). Tale dose è identificata e distinta per ciascun principio attivo presente nei farmaci antimicrobici veterinari utilizzabili nelle specie incluse nel sistema di monitoraggio.\n\n**EMA**  \nEuropean Medicines Agency\n\n**ESVAC**  \nEuropean Surveillance of Veterinary Antimicrobial Consumption\n\n**OMS**  \nOrganizzazione Mondiale della Sanità\n\n**PA**  \nPrincipio attivo\n\n**PCU**  \nPopulation Correction Unit\n\n**PNCAR**  \n[Nota: il significato di PNCAR non è fornito nel testo originale e potrebbe necessitare di una definizione specifica.]"", '**DDDAit come riportato nella Tabella 3.**\n\n**Tabella 3 – Casi specifici per il calcolo delle DDDAit**\n\n| Caso specifico | Soluzione adottata |\n|----------------|--------------------|\n| Dose indicata in forma d’intervallo (massimo e minimo dosaggio giornaliero) | DDDAit identificata come media di tale intervallo. Esempio: principio attivo con un dosaggio di 5-10 mg/kg al giorno; DDDAit = 7,5. |\n| Farmaco contenente più di un principio attivo | DDDAit assegnata separatamente per ciascun principio attivo. |\n| Principio attivo a rilascio prolungato | DDDAit calcolata dividendo la dose per la durata dell’attività terapeutica. Esempio: principio attivo che, con una singola somministrazione di 12 mg/kg, fornisce un intero ciclo terapeutico di 6 giorni; DDDAit = 2. |\n| Farmaco che prevede un dosaggio diverso a seconda della categoria animale | DDDAit assegnate separatamente per ciascuna categoria animale. |\n| Principio espresso in Unità Internazionali | Conversione in milligrammi secondo le indicazioni fornite da ESVAC (vedi Tabella 1). |\n| Dosaggio espresso come concentrazione del |  |', '**Categoria**: Procedure  \n**Contesto**: Raccolta dati ClassyFarm e BDN  \n\n**Domanda**: Cosa si intende per ""animali a rischio"" nel contesto del calcolo DDDAit?  \n**Risposta**: Gli ""animali a rischio"" sono definiti come quegli animali che possono essere esposti ai medicinali antimicrobici in un determinato periodo. La loro biomassa viene impiegata per normalizzare i consumi di antimicrobici e costituisce la base di calcolo per gli indicatori di consumo.  \n**Categoria**: Definizioni  \n**Contesto**: Classificazione degli animali a rischio  \n\n**Domanda**: Per quale motivo è fondamentale monitorare il consumo di antimicrobici negli allevamenti?  \n**Risposta**: Il monitoraggio del consumo di antimicrobici è essenziale per valutare l\'esposizione reale degli animali, analizzare le tendenze di utilizzo e prevenire la diffusione dell\'antimicrobico-resistenza, in conformità con il Piano Nazionale di Contrasto dell\'Antimicrobico-Resistenza (PNCAR).  \n**Categoria**: Avvertenze  \n**Contesto**: Obiettivi del monitoraggio', ""Il testo presenta i criteri di ammissibilità per l'intervento PD05-ECO1.2, suddivisi in due punti principali. \n\nIn primo luogo, i valori DDD devono essere uguali o inferiori alla mediana. In secondo luogo, se i valori DDD superano la mediana, è necessario che questi valori siano ridotti del 10% rispetto all'anno precedente.\n\nPer quanto riguarda la verifica di ammissibilità dell'intervento per gli anni di domanda 2023 e 2024, sono previsti specifici controlli. Questi controlli sono documentati nella comunicazione di AGEA, identificata con il protocollo Uscita N.0002664, datata 12 gennaio 2024. Questo protocollo è stato citato più volte, sottolineando l'importanza della documentazione per la verifica dell'intervento."", ""**Ministero della Salute – Direzione Generale della Sanità Animale e dei Farmaci Veterinari**  \n**Dose Giornaliera Definita per Animali in Italia (DDDAit)**  \n\n1. **Definizioni e acronimi**  \n   **AACTING**  \n   Rete per la quantificazione dell'uso degli antimicrobici veterinari a livello di allevamento e per l'analisi, comunicazione e benchmarking al fine di migliorare l'uso responsabile.  \n\n   **AMEG**  \n   Gruppo di Esperti Ad Hoc per la Consulenza sugli Antimicrobici.  \n\n   **BDN**  \n   Banca Dati Nazionale per l’identificazione e registrazione degli animali.  \n\n   **ClassyFarm**  \n   Sistema informatizzato per la classificazione delle aziende zootecniche basato su una valutazione dei rischi.  \n\n   **DDD**  \n   Dose Giornaliera Definita.  \n\n   **DCDAit**  \n   Dose Correttamente Definita per Animali in Italia - dose espressa in milligrammi di principio attivo utilizzata per mantenere in trattamento un chilogrammo di peso vivo durante l'intero ciclo terapeutico. Tale dose non corrisponde a quella realmente somministrata, ma è quella corretta, definita dal riassunto delle caratteristiche del prodotto (RCP). La DCDAit del..."", '− Macrolidi ad azione ""long-acting"" (gamitromicina, tildipirosina, tulatromicina nel suino);  \n− Antimicrobici intramammari per la terapia in asciutta (tutti);  \n− Alcuni principi attivi contenuti in medicinali autorizzati alla vendita in Italia (ad esempio, dicloxacillina iniettabile).  \n\nPertanto, l\'implementazione diretta delle DDDvet avrebbe richiesto un approccio ibrido, che avrebbe combinato l\'indicatore ESVAC con standard basati su dati nazionali. Un\'altra differenza tra DDDAit e DDDvet è rappresentata dalle modalità di assegnazione delle DDD: nel caso delle DDDAit, ogni medicinale ha una specifica unità di misura (si veda il capitolo 3).  \n\nDanimarca, Finlandia, Francia, Germania, Paesi Bassi, Spagna, Svezia, Regno Unito e Repubblica Ceca.', 'Ecco la riscrittura del testo in italiano professionale, mantenendo i dati tecnici:\n\n```json\n[\n  {\n    ""Domanda"": ""Cosa indica l\'acronimo DDDAit?"",\n    ""Risposta"": ""DDDAit sta per Defined Daily Dose Animal for Italy. Si riferisce alla dose in milligrammi di principio attivo necessaria per mantenere in trattamento un chilogrammo di peso vivo animale per un periodo di 24 ore. La DDDAit rappresenta una dose standard di riferimento, distinta dalla dose effettivamente somministrata, ed è definita in base al Riassunto delle Caratteristiche del Prodotto (RCP) dei farmaci veterinari."",\n    ""Categoria"": ""Definizioni"",\n    ""Contesto"": ""Indicatori di consumo antimicrobici""\n  },\n  {\n    ""Domanda"": ""Cosa si intende per DCDAit?"",\n    ""Risposta"": ""La DCDAit (Defined Course Dose Animal for Italy) rappresenta la quantità totale di principio attivo, espressa in milligrammi, necessaria per mantenere un chilogrammo di peso vivo sotto trattamento per l\'intero ciclo terapeutico. Essa viene calcolata moltiplicando la DDDAit per il numero di giorni previsti per il trattamento."",\n    ""Categoria"": ""Definizioni""\n  }\n]\n```', 'ministero della salute direzione generale della sanità animale e dei farmaci veterinari dose giornaliera definita per animali in italia dddait 20 principi attivi critici']","I principi attivi ""critici"" nell'ambito della Dose Giornaliera Definita per Animali in Italia (DDDAit) sono quelli di cruciale rilevanza per la medicina umana. La loro efficacia deve essere considerata una priorità per preservare l'efficacia di ciascun antimicrobico. Attualmente, non esistono indicazioni univoche per la classificazione di queste molecole, e le linee guida delle diverse agenzie nazionali e internazionali possono presentare differenze significative. I criteri adottati dal sistema ClassyFarm sintetizzano quanto stabilito dall'Organizzazione Mondiale della Sanità (OMS) e dall'Agenzia Europea per i Medicinali (EMA) [Doc 2].","Non esistono indicazioni univoche per la classificazione delle molecole critiche e le linee guida delle agenzie nazionali e internazionali possono divergere. ClassyFarm adotta criteri specifici: i principi attivi sono considerati critici quando appartengono a classi di antimicrobici che soddisfano due condizioni, essere classificati dall'OMS come HP-CIA e dall'EMA come categoria 2. I consumi di principi attivi sono considerati critici quando le molecole somministrate appartengono alle seguenti classi: cefalosporine di III e IV generazione, fluorochinoloni, polimixine.",1.0,0.0,0.7342857142710286,0.6666666666666666,0.4279826522481659
Quando posso inviare una richiesta di sostituzione degli allevamenti delle quote rischio?,"['dashboard **fase 3 sostituzione degli allevamenti per le quote a rischio o casuali** **quota a rischio ** di default il sistema informativo selezionerà i primi allevamenti di grandi dimensioni allinterno della quota discrezionale regionale privilegiando quelli con il rank più basso disponibile maggiore rischio in caso di problematiche relative ai primi allevamenti selezionati ad esempio se sono già stati inclusi nella quota regionale è necessario registrare la sostituzione nella tabella fornita nella fase 2 **quota casuale ** lestrazione degli allevamenti verrà eseguita automaticamente dal sistema informativo e i risultati saranno resi disponibili sul cruscotto dedicato alle quote casuali', 'www classyfarm it selezionando la tabella asl controlli in loco sarà possibile visualizzare gli obiettivi e il loro raggiungimento in forma aggregata e numerica con le percentuali di controllo relative alle diverse categorie di allevamenti grandi e piccole dimensioni e alle rispettive quote rischio regionale casuale rischio programmazione monitoraggio dell’andamento del piano per quote sulla specie selezionata è disponibile la funzione di download per scaricare i dati relativi a tutte le categorie di specie per il piano selezionato', 'la gestione delle attrezzature utilizzate per la profilassi vaccinale e i trattamenti terapeutici sia individuali che di gruppo è un aspetto cruciale per garantire la salute degli animali è fondamentale che esista una prassi igienica e sanitaria adeguata per queste attrezzature la letteratura scientifica mette in evidenza come i patogeni possano diffondersi attraverso strumenti per iniezioni come aghi e siringhe in molti allevamenti si osserva luso ripetuto delle stesse siringhe e aghi per le vaccinazioni e i trattamenti senza una sostituzione adeguata se non quando questi strumenti risultano completamente inutilizzabili questa prassi aumenta il rischio di contaminazione poiché le attrezzature possono facilmente raccogliere germi ambientali sia durante luso che durante la conservazione specialmente quando vengono impiegate su animali malati pertanto è essenziale adottare misure igieniche rigorose per garantire che le attrezzature siano sempre pulite e sicure riducendo così il rischio di trasmissione di malattie', 'assistenza_telefonica invio_email lanalisi dello screenshot della piattaforma ministeriale classyfarm si articola in diversi punti fondamentali che delineano il processo di registrazione per gli operatori in primo luogo il titolo della pagina è operatore il che indica chiaramente la sezione dedicata agli utenti che desiderano registrarsi o accedere come operatori allinterno di questa sezione è presente un elemento visivo importante un numero e una freccia che guidano lutente verso la sezione operatore e delegati nel menu di navigazione questo suggerisce che lutente deve selezionare questa opzione per procedere con la registrazione successivamente un altro punto evidenziato è il testo richiesta di registrazione classyfarm che funge da link per scaricare compilare e firmare il modulo necessario per la registrazione la freccia rossa che accompagna questo testo sottolinea limportanza di questo passaggio evidenziando che il modulo deve essere compilato e firmato per poter proseguire la procedura logica per la registrazione si articola in vari passaggi innanzitutto lutente deve collegarsi al sito www classyfarm it per iniziare la procedura di abilitazione una volta sul sito è necessario navigare nella sezione operatore e delegati per accedere alle informazioni specifiche per gli operatori il passo successivo consiste nel cliccare sul link richiesta di registrazione classyfarm per scaricare il modulo necessario dopo aver scaricato il modulo lutente deve compilarlo e firmarlo allegando i documenti richiesti infine per completare la registrazione è necessario inviare la richiesta online accedendo al link fornito che consente di inviare la documentazione necessaria tra i testi rilevanti che accompagnano questa procedura si trovano frasi come per far richiesta di abilitazione al sistema collegarsi al sito www classyfarm it e sistema per la categorizzazione del rischio degli allevamenti in ambito sanità pubblica veterinaria inoltre è importante notare che dopo aver firmato in m', 'in caso di necessità per il ripristino della funzionalità degli impianti si possono identificare due condizioni principali quella non adeguata e quella adeguata la condizione non adeguata si verifica quando in presenza di ventilazione unicamente forzata mancano sia il sistema di allarme che un sistema di sostituzione per limpianto di ventilazione artificiale questo è particolarmente critico in ambienti chiusi privi di finestre o di un generatore di corrente inoltre è considerata non adeguata anche lassenza di controlli regolari sul sistema di allarme e sul sistema sostitutivo al contrario la condizione adeguata si presenta quando in caso di ventilazione forzata sono presenti sia un sistema di allarme funzionante che un sistema di sostituzione per limpianto di ventilazione artificiale entrambi regolarmente controllati se lallevamento non richiede un impianto di ventilazione forzata ad esempio quando ci sono aperture verso lesterno che permettono una circolazione naturale dellaria o in allevamenti open air o semi open air il giudizio è considerato intermedio infine sebbene non sia espressamente richiesto dalla normativa vigente è auspicabile che vengano adottate misure aggiuntive per garantire la sicurezza e lefficienza degli impianti', 'il documento in questione presenta una sezione dedicata alla gestione delle richieste relative allinvio di suini specificando che non viene accettata la richiesta di inviare suini integri o con la coda tagliata la motivazione per il rifiuto di tale richiesta deve essere fornita e può includere dettagli specifici che giustifichino la decisione inoltre il documento richiede di indicare il luogo e la data insieme al timbro e alla firma del fornitore per confermare lautenticità della comunicazione', 'assistenza_telefonica invio_email **analisi dello screenshot della piattaforma ministeriale** 1 **titolo della pagina ** servizio di assistenza classyfarm 2 **numeri e frecce ** **freccia 1 ** indica il campo invia questa richiesta a nome di dove è necessario inserire lindirizzo email per ricevere la risposta **freccia 2 ** indica il campo riepilogo in cui deve essere fornita una descrizione sintetica del problema **freccia 3 ** indica la sezione del modulo da compilare con i dati personali e la descrizione del problema riscontrato **freccia 4 ** indica il pulsante invia per inviare la richiesta e suggerisce di attendere una risposta via email controllando anche le cartelle di spam e posta indesiderata 3 **testo rilevante visibile nellinterfaccia ** benvenuto da qui è possibile inserire le richieste di assistenza per il sistema classyfarm come possiamo aiutarti tecnica per effettuare una richiesta di assistenza o per la segnalazione di problemi invia questa richiesta a nome di * riepilogo * nome * cognome * ruolo * recapito * tipologia problematica descrizione * inserire una descrizione della richiesta avendo cura di riportare tutte le informazioni necessarie a gestirla allegato trascina i tuoi file incolla i tuoi screenshot o sfoglia invia annulla **descrizione dettagliata della procedura ** la pagina è progettata per facilitare linvio di richieste di assistenza per il sistema classyfarm lutente è accolto con un messaggio di benvenuto e una breve introduzione al servizio la procedura inizia con linserimento dellindirizzo email nel campo invia questa richiesta a nome di fondamentale per ricevere una risposta successivamente lutente deve fornire un riepilogo sintetico del problema il modulo richiede ulteriori dettagli personali quali nome cognome ruolo e recapito per identificare il richiedente è necessario selezionare la tipologia problematica e fornire una descrizione dettagliata del problema includendo tutte le informazioni rilevanti lutente ha la possibilità di a', ""[DASHBOARD] **Fase 3 - Sostituzione degli allevamenti per le quote a rischio o casuali**\n\n- **Quota a rischio:**\n  - Di default, il sistema informativo selezionerà i primi allevamenti di grandi dimensioni all'interno della quota discrezionale-regionale, privilegiando quelli con il Rank più basso disponibile (maggiore rischio).\n  - In caso di problematiche relative ai primi allevamenti selezionati (ad esempio, se sono già stati inclusi nella quota regionale), è necessario registrare la sostituzione nella tabella fornita nella Fase 2.\n\n- **Quota casuale:**\n  - L'estrazione degli allevamenti verrà eseguita automaticamente dal sistema informativo e i risultati saranno resi disponibili sul cruscotto dedicato alle quote casuali."", 'il testo discute limportanza della diagnosi e del monitoraggio della salute animale sottolineando che non è sufficiente limitarsi alla diagnosi di una malattia per garantire il benessere degli animali è fondamentale considerare anche il trattamento e la profilassi che ne derivano come evidenziato da broom nel 2017 inoltre si evidenzia che la mancanza totale di accertamenti diagnostici per il monitoraggio della situazione sanitaria in un allevamento è inadeguata tuttavia è ritenuta accettabile la pratica di inviare materiale biologico che può includere campioni patologici e non feti carcasse e campioni ematici a un laboratorio è importante che tali esami siano documentati e che siano stati eseguiti negli ultimi dodici mesi un esempio di pratica accettabile è linvio di campioni da parte dellallevatore della filiera di appartenenza o di personale ufficiale su richiesta dellallevatore stesso questo può includere analisi relative a specifiche malattie come il controllo degli aborti per il quale si possono inviare feti placenta altri annessi fetali e sangue per la ricerca di agenti patogeni', ""L'allevamento è considerato ammissibile all'aiuto se, durante il periodo di osservazione in corso, i valori DDD sono uguali o inferiori alla mediana regionale calcolata per l'anno precedente. \n\nIn caso di cessione dell'azienda, con conseguente cessazione definitiva dell'attività zootecnica da parte del soggetto cedente, l'agricoltore subentrante che ha presentato richiesta di aiuto può beneficiare del pagamento. Questo avviene sommando i valori DDD degli allevamenti di cui il cedente era titolare ai propri valori DDD, accumulati a partire dall'acquisizione dell'azienda.\n\nIn merito a questa situazione, si possono verificare diversi casi, come indicato nella comunicazione di AGEA - COORD, Prot. Uscita N.0002664 del 12 gennaio 2024.""]","Puoi inviare una richiesta di sostituzione degli allevamenti delle quote a rischio quando si verificano problematiche relative ai primi allevamenti selezionati dal sistema informativo. In particolare, se gli allevamenti già selezionati sono stati inclusi nella quota regionale, è necessario registrare la sostituzione nella tabella fornita nella Fase 2.

Per quanto riguarda le quote casuali, l'estrazione degli allevamenti verrà eseguita automaticamente dal sistema informativo e i risultati saranno disponibili sul cruscotto dedicato.

Assicurati di seguire le indicazioni specifiche per la registrazione e la sostituzione, come descritto nei documenti forniti.",La richiesta di sostituzione degli allevamenti delle quote rischio può essere inviata nell'ultima settimana di aprile dell'anno oggetto di controllo e nella prima settimana di gennaio dell'anno successivo a quello di verifica.,0.8,0.8712700543511384,0.09999999999,0.0,0.1715123652163257
Per cosa sta la sigla BDN?,"['ecco la riscrittura del testo in italiano professionale mantenendo i dati tecnici json domanda cosa indica lacronimo dddait risposta dddait sta per defined daily dose animal for italy si riferisce alla dose in milligrammi di principio attivo necessaria per mantenere in trattamento un chilogrammo di peso vivo animale per un periodo di 24 ore la dddait rappresenta una dose standard di riferimento distinta dalla dose effettivamente somministrata ed è definita in base al riassunto delle caratteristiche del prodotto rcp dei farmaci veterinari categoria definizioni contesto indicatori di consumo antimicrobici domanda cosa si intende per dcdait risposta la dcdait defined course dose animal for italy rappresenta la quantità totale di principio attivo espressa in milligrammi necessaria per mantenere un chilogrammo di peso vivo sotto trattamento per lintero ciclo terapeutico essa viene calcolata moltiplicando la dddait per il numero di giorni previsti per il trattamento categoria definizioni', 'json categoria procedure contesto monitoraggio dei principi attivi critici domanda cosa devo fare se i dati di consumo risultano incompleti o anomali risposta in caso di dati mancanti o incoerenti è fondamentale verificare la corretta registrazione dei trattamenti nella banca dati nazionale bdn o nel registro elettronico aziendale il sistema classyfarm segnala automaticamente eventuali incongruenze e richiede una revisione dei dati categoria risoluzione problemi contesto validazione dei dati domanda cosa indica un valore elevato di dddait in un’azienda risposta un valore elevato di dddait può indicare un utilizzo intensivo di antimicrobici o una frequenza elevata di trattamenti si consiglia di confrontare il valore con la media di settore e se necessario consultare il veterinario aziendale per ottimizzare i protocolli terapeutici categoria avvertenze contesto interpretazione dei risultati', 'assistenza_telefonica il codice penale italiano allinterno del libro iii titolo i capo ii sezione i articolo 727 stabilisce che chiunque detiene animali in condizioni incompatibili con la loro natura e che producono gravi sofferenze è soggetto alla stessa pena tuttavia determinare in anticipo cosa si intenda per natura degli animali o per gravi sofferenze è un compito complesso questo processo deve tenere conto di diversi fattori tra cui il grado di sviluppo ladattamento e laddomesticamento della specie oltre alle esigenze fisiologiche ed etologiche degli animali stessi è fondamentale basarsi sullesperienza accumulata e sulle conoscenze scientifiche attualmente disponibili come indicato nel decreto legislativo 146/2001 articolo 4 paragrafo 1 lettera a è importante evitare di confondere la reale condizione di vita degli animali con le aspettative e le conoscenze specifiche che ciascuno di noi ha riguardo allallevamento zootecnico per questi motivi il ministero della salute con il supporto del crenba sta lavorando su queste tematiche', '**categoria** procedure **contesto** raccolta dati classyfarm e bdn **domanda** cosa si intende per animali a rischio nel contesto del calcolo dddait **risposta** gli animali a rischio sono definiti come quegli animali che possono essere esposti ai medicinali antimicrobici in un determinato periodo la loro biomassa viene impiegata per normalizzare i consumi di antimicrobici e costituisce la base di calcolo per gli indicatori di consumo **categoria** definizioni **contesto** classificazione degli animali a rischio **domanda** per quale motivo è fondamentale monitorare il consumo di antimicrobici negli allevamenti **risposta** il monitoraggio del consumo di antimicrobici è essenziale per valutare lesposizione reale degli animali analizzare le tendenze di utilizzo e prevenire la diffusione dellantimicrobico resistenza in conformità con il piano nazionale di contrasto dellantimicrobico resistenza pncar **categoria** avvertenze **contesto** obiettivi del monitoraggio', '**contesto** formula di calcolo dddait 1 **domanda** qual è la formula generale per calcolare il consumo di antimicrobici **risposta** il consumo di antimicrobici è calcolato mediante la seguente formula quantità di principio attivo utilizzato in mg / dddait × biomassa animale esposta questo valore consente di stimare lintensità di utilizzo dei medicinali veterinari in relazione al peso totale degli animali trattati **categoria** comandi operativi **contesto** calcolo del consumo di antimicrobici 2 **domanda** che cosa rappresenta la biomassa animale esposta nel calcolo dddait **risposta** la biomassa animale esposta rappresenta il peso totale espresso in chilogrammi degli animali potenzialmente trattati in un determinato periodo tale valore è stimato sulla base dei dati anagrafici produttivi e di movimentazione registrati nella banca dati nazionale bdn **categoria** definizioni **contesto** parametri di calcolo', 'ecco la riscrittura del testo in italiano professionale mantenendo i dati tecnici json categoria avvertenze contesto obiettivi del monitoraggio domanda cosa si intende per principio attivo pa risposta il principio attivo pa è la sostanza chimica presente in un medicinale veterinario che genera l’effetto terapeutico nei calcoli dddait il pa è espresso in milligrammi e costituisce lunità fondamentale per la quantificazione dei consumi categoria definizioni contesto farmacosorveglianza veterinaria domanda come si calcola la quantità di principio attivo consumato risposta il sistema classyfarm effettua il calcolo automatico dei milligrammi di principio attivo contenuti nelle confezioni registrate avvalendosi dei dati forniti dall’autorizzazione all’immissione in commercio aic e dal riassunto delle caratteristiche del prodotto rcp categoria procedure contesto calcolo quantità principio attivo domanda cosa significa l’indicatore mg/pcu utilizzato da esvac', 'il testo fa riferimento alla necessità di indicare se necessario il numero di box ricovero o strutture simili in cui si sta svolgendo il trattamento è importante sottolineare che le identificazioni aggiuntive non sono incluse nella bdn banca dati nazionale e devono sempre essere conformi alle normative relative al benessere animale', ""[DASHBOARD] Il testo fornisce indicazioni sulla verifica della presenza e della correttezza del registro di carico e scarico in BDN, con l'obiettivo di valutare eventuali mortalità anomale. È fondamentale controllare che, in caso di mortalità anomale, queste siano state correttamente individuate, registrate e segnalate.\n\nSi definisce una situazione non adeguata quando:\n- Non è presente in BDN il registro di carico e scarico.\n- Le informazioni non sono state registrate correttamente o sono assenti.\n- Ci sono evidenze di mortalità anomale che non sono state registrate, in conformità con il D. Lgs. 5 agosto 2022, n. 136.\n\nAl contrario, si considera adeguata la situazione in cui:\n- È presente in BDN il registro di carico e scarico.\n- Le informazioni sono state registrate correttamente.\n- Non ci sono evidenze di mortalità anomale non registrate, sempre in conformità con il D. Lgs. 5 agosto 2022, n. 136.\n\nInoltre, viene sottolineata l'importanza della tenuta dei registri, in particolare per quanto riguarda la registrazione dei dati relativi ai trattamenti farmacologici, come indicato nel D. Lgs. 146/2001 e nell'allegato relativo alla registrazione. Questi elementi di verifica sono considerati prerequisiti per il sistema di qualità SQNBA."", 'il sistema integrato classyfarm offre una guida per linserimento della check list tramite unapp quando è presente licona del contatore questa apre una finestra di calcolo che assiste il veterinario nella compilazione dellitem ad esempio il veterinario può inserire il numero di animali puliti o sporchi osservati in stalla e il sistema calcola automaticamente la risposta per facilitare la navigazione cliccando su next question è possibile passare direttamente da un contatore allaltro allinterno dellarea che si sta compilando inoltre cliccando sullicona info presente nel contatore è possibile visualizzare limmagine corrispondente fornendo ulteriori dettagli utili per la compilazione della check list', 'Il testo fa riferimento alla necessità di indicare, se necessario, il numero di box, ricovero o strutture simili in cui si sta svolgendo il trattamento. È importante sottolineare che le identificazioni aggiuntive non sono incluse nella BDN (Banca Dati Nazionale) e devono sempre essere conformi alle normative relative al benessere animale.']",La sigla BDN sta per Banca Dati Nazionale. Essa è utilizzata per la registrazione dei trattamenti e per il monitoraggio dei dati relativi agli animali.,BDN sta per Banca Dati Nazionale.,1.0,0.8852950521326757,0.4321428571320536,1.0,0.5721158182834927
In quante aree vengono divisi gli elementi di valutazione della check-list ufficiale e quali sono?,"[""Il testo discute la possibilità di effettuare valutazioni a campione all'interno delle diverse categorie di animali, come ad esempio quelli di età differente. Questa pratica è particolarmente utile quando le strutture e le attrezzature sono molto simili tra loro. Tuttavia, se gli ambienti e i ricoveri per la stessa categoria di animali presentano notevoli differenze, è necessario ripetere le misurazioni per garantire l'accuratezza dei risultati. La scelta del metodo di valutazione deve essere documentata nella sezione della check list dedicata alla raccolta delle evidenze, specificando quale approccio campionario è stato utilizzato.\n\nIn merito ai criteri di valutazione per i requisiti del controllo ufficiale, le attività di osservazione e rilevazione condotte dal veterinario ufficiale riguardano parametri stabiliti dalle normative. Queste attività sono suddivise in diverse opzioni di scelta, come indicato nella Tabella 1, che fornisce una legenda per le non conformità. \n\nLa tabella classifica la non conformità su una scala e livello specifici, con le seguenti azioni intraprese dall'autorità competente: nel caso di conformità, non vengono intraprese azioni; per la categoria A, che rappresenta una non conformità minore, si procede con ulteriori valutazioni."", ""La nuova check-list di farmacovigilanza, contenuta nel manuale operativo 1.3, ha come obiettivo principale quello di semplificare il sistema dei controlli ufficiali a livello nazionale, perseguendo al contempo l'armonizzazione delle procedure. È importante notare che le spese relative ai controlli derivanti da rilievi di non conformità sono a carico degli operatori, come stabilito dal decreto legislativo del 2 febbraio 2021, n. 32.\n\nPer quanto riguarda la valutazione degli elementi di verifica, durante i controlli effettuati con l'ausilio della check-list, si deve considerare un arco temporale di riferimento degli ultimi 12 mesi. Le aree di verifica, denominate A, B e C, si riferiscono a indicazioni normative cogenti. In base ai risultati delle verifiche, è possibile fornire diverse risposte, che devono sempre essere supportate da evidenze raccolte. Le risposte possono essere:\n\n- SÌ, che indica conformità;\n- no, che segnala una non conformità minore;\n- NO, che indica una non conformità maggiore;\n- NA, che significa non applicabile.\n\nNel caso di una non conformità minore, generalmente si prevede una semplice prescrizione, ma è fondamentale che ogni valutazione sia accompagnata da adeguate evidenze."", 'Il testo riguarda un elemento di valutazione che è attualmente in fase di revisione. Per facilitare la nuova stima della numerosità accettabile di addetti, si raccomanda che il valutatore compili la voce relativa al ""numero di addetti che si occupano dell’azienda"". Questa voce si trova nella testata iniziale della check-list.', ""Il documento è strutturato in diverse sezioni che trattano vari aspetti del controllo ufficiale e delle misure basate sugli animali. \n\nIn primo luogo, si discute dell'area C, dedicata alle misure basate sugli animali, che occupa la pagina 14. Successivamente, si presenta una check list per il controllo ufficiale, che si trova a pagina 15. \n\nLa valutazione dei requisiti per il controllo ufficiale è trattata a pagina 17, seguita dai criteri di valutazione specifici per le misure basate sugli animali, che si trovano a pagina 18. \n\nLa sezione successiva, a pagina 19, riguarda l'applicazione pratica del sistema. Infine, si analizza il personale coinvolto, con un focus sul numero di addetti che si occupano degli animali, riportato a pagina 21, e sulla formazione di questi addetti, che è trattata a pagina 23."", 'Dalla normativa vigente, il livello ottenuto dal questionario compilato dal veterinario ufficiale corrisponde a un livello ""superiore ai requisiti previsti"". \n\nPer il valutatore, sarà sufficiente selezionare una delle tre condizioni disponibili. \n\nL\'obiettivo finale dell\'applicazione del sistema di valutazione è quello di identificare non solo le condizioni negative nelle loro varie forme, ma anche di determinare, attraverso un indice numerico globale di benessere, il livello di rischio associato all\'allevamento. \n\nIl risultato parziale di ciascuna area (A, B, C e Grandi Rischi) fornisce un\'indicazione riguardo al peso e all\'importanza di ciascuna di esse nella composizione finale dell\'indice di rischio per il benessere animale, indipendentemente dalle eventuali non conformità legislative. \n\nAl termine dell\'intero processo di valutazione, verrà redatto un documento finale che riassume l\'elaborazione dei dati e i punti critici emersi, nel quale saranno presenti:', 'Il documento è suddiviso in diverse aree tematiche e sezioni, ognuna delle quali affronta argomenti specifici. \n\nIn primo luogo, si trova l\'area dedicata ai ""Grandi rischi e sistemi di allarme"", che occupa la pagina 11. Segue l\'area C, che tratta delle ""Animal-based measures"" e si estende fino alla pagina 12. \n\nSuccessivamente, viene presentata la ""Check list per il controllo ufficiale"", che si trova a pagina 13. A questa segue una sezione sui ""Criteri di valutazione per i requisiti del controllo ufficiale"", che occupa la pagina 14. \n\nUn\'altra sezione importante è dedicata ai ""Criteri di valutazione per le animal-based measures (ABMs)"", che si trova a pagina 17. \n\nLa sezione successiva riguarda l\'""Applicazione in campo del sistema"", che si estende fino alla pagina 18. Infine, si conclude con una parte dedicata al ""Personale"", che include informazioni sul numero di addetti che si occupano degli animali e si trova a pagina 19.', 'Il documento è suddiviso in diverse aree tematiche e sezioni, ognuna delle quali affronta argomenti specifici. \n\nIn primo luogo, si trova l\'area dedicata ai ""Grandi rischi e sistemi di allarme"", che occupa la pagina 15. Segue l\'area C, che tratta delle ""Animal-based measures"" e si estende fino alla pagina 16. \n\nSuccessivamente, viene presentata la ""Check list per il controllo ufficiale"", che si trova a pagina 17. A questa segue una sezione sui ""Criteri di valutazione per i requisiti del controllo ufficiale"", che occupa la pagina 18. \n\nUn\'altra sezione importante è dedicata ai ""Criteri di valutazione per le animal-based measures (ABMs)"", che si estende fino alla pagina 22. \n\nLa pagina 23 è riservata all\'argomento dell\'""Applicazione in campo del sistema"". \n\nInfine, si conclude con una sezione riguardante il ""Personale"", che si trova a pagina 25 e include informazioni sul numero di addetti che si occupano degli animali.', 'Dalla normativa vigente, il livello ottenuto dal questionario compilato dal veterinario ufficiale corrisponde a un livello ""superiore ai requisiti previsti"". \n\nPer il valutatore, sarà sufficiente selezionare una delle tre condizioni di scelta. \n\nL\'obiettivo finale dell\'applicazione del sistema di valutazione è quello di identificare non solo le condizioni negative nelle loro varie forme, ma anche di determinare, attraverso un indice numerico globale di benessere, il livello di rischio associato all\'allevamento. \n\nIl risultato parziale di ciascuna area (A, B, C e Grandi Rischi) fornisce un\'indicazione riguardo al peso e all\'importanza di ciascuna di esse nella composizione finale dell\'indice di rischio per il benessere animale, indipendentemente dalle eventuali non conformità legislative. \n\nAl termine dell\'intero processo di valutazione, viene redatto un documento finale che elabora i dati e riassume i punti critici, nel quale sono presenti:', 'Il sistema integrato ""ClassyFarm"" fornisce una guida per l\'inserimento della check-list per la valutazione del rischio relativo al taglio della coda. \n\nPer la compilazione del controllo, è necessario seguire alcuni passaggi fondamentali. Innanzitutto, si deve proseguire nella compilazione di tutta la check-list, selezionando per ogni domanda (ITEM) la risposta appropriata. Le opzioni di risposta sono codificate con colori: ""INSUFFICIENTE"" è rappresentato dal rosso, ""MIGLIORABILE"" dall\'arancione e ""OTTIMALE"" dal verde. È importante notare che è obbligatorio assegnare una risposta a tutti gli ITEM presenti nella check-list.\n\nUna volta completata la compilazione di un\'AREA, per passare alla successiva è necessario cliccare su ""SALVA"" e poi su ""PROSSIMA"". Infine, la presenza di una ""spunta verde"" indica che l\'AREA è stata compilata in modo completo.', 'Il documento è strutturato in diverse aree tematiche e sezioni, ognuna delle quali affronta argomenti specifici. \n\nIn primo luogo, si trova l\'area dedicata ai ""Grandi rischi e sistemi di allarme"", che occupa la pagina 11. Segue l\'area C, che tratta delle ""Animal-based measures"" e si estende fino alla pagina 12. \n\nSuccessivamente, viene presentata la ""Check list per il controllo ufficiale"", che si trova a pagina 13. A questa segue una sezione sui ""Criteri di valutazione per i requisiti del controllo ufficiale"", che occupa la pagina 14. \n\nUn\'altra sezione importante è dedicata ai ""Criteri di valutazione per le animal-based measures (ABMs)"", che si estende fino alla pagina 17. \n\nLa pagina 19 è riservata all\'""Applicazione in campo del sistema"", mentre la sezione riguardante il ""Personale"" si trova a pagina 20. In particolare, questa sezione include informazioni sul numero di addetti che si occupano degli animali.']","Gli elementi di valutazione della check-list ufficiale sono divisi in tre aree, denominate A, B e C. Queste aree si riferiscono a indicazioni normative cogenti e sono utilizzate per la valutazione durante i controlli ufficiali [2].","Gli elementi di valutazione della check-list ufficiale sono suddivisi in quattro aree: Area A. Management aziendale, Area B. Strutture ed attrezzature, Area Grandi rischi e sistemi di allarme e Area C. Animal-based measures.",0.75,0.8630615547641415,0.3923809523731047,0.0,0.20370710754192503
Perché i liquami rappresentano una fonte di rischio?,"['**53** **49 i terreni adiacenti allazienda sono utilizzati per lo spandimento di liquami provenienti da altre aziende ** **elemento di verifica ** **i terreni adiacenti allazienda sono utilizzati per lo spandimento di liquami provenienti da altre aziende ** i liquami costituiscono una significativa fonte di rischio per la diffusione di agenti patogeni allinterno dellallevamento in particolare il contatto diretto o indiretto con liquami provenienti da altre aziende può facilitare la trasmissione di malattie tra allevamenti anche in assenza di movimentazione di animali pertanto lo spargimento di liquami provenienti da aziende terze nelle vicinanze dellallevamento rappresenta un importante fattore di rischio per la biosicurezza e dovrebbe essere evitato è fondamentale valutare la prossimità di terreni non di proprietà dellallevamento e verificare che in essi non venga effettuato lo smaltimento di liquami di altre aziende suinicole', 'la verifica riguarda luso dei terreni adiacenti allazienda per lo spandimento di liquami provenienti da altre aziende è fondamentale considerare che i liquami possono costituire una significativa fonte di rischio per la diffusione di agenti patogeni allinterno dellallevamento infatti il contatto sia diretto che indiretto con liquami di altre aziende può facilitare la trasmissione di malattie tra allevamenti anche in assenza di movimentazione di animali pertanto lo spargimento di liquami provenienti da aziende terze nelle vicinanze dellallevamento rappresenta un serio fattore di rischio per la biosicurezza per questo motivo è essenziale evitare tale pratica è necessario valutare la prossimità dei terreni non di proprietà dellallevamento e accertarsi che in essi non vengano smaltiti liquami di altre aziende suinicole', '**a 31 biosicurezza** i piani di biosicurezza rappresentano un aspetto cruciale nella gestione degli allevamenti poiché sono fondamentali per prevenire lingresso e la diffusione di malattie infettive allinterno del gregge la presenza o lassenza di tali piani può fornire indicazioni significative sul livello di rischio sanitario dellallevamento pertanto a completamento dellattività di valutazione del benessere animale è possibile raccogliere ed elaborare i dati relativi alla biosicurezza attraverso gli elementi da 1 a 15 della check list area biosicurezza si è ritenuto opportuno integrare larea a management con un ulteriore elemento di verifica basato sulla valutazione complessiva ottenuta dallazienda nellarea biosicurezza items 1 15 questo perché in assenza di procedure di biosicurezza adeguate gli animali possono trovarsi a un rischio maggiore di subire disagi legati a nuove infezioni o a una diffusione più ampia di quelle già presenti compromettendo così la loro integrità fisica e psichica', 'il regolamento di esecuzione ue 2023/594 della commissione allallegato iii punto 2 comma i stabilisce che è necessario verificare lesistenza di ingressi per le operazioni di trasporto dei liquami distinti da quelli dellarea di stabulazione e governo degli animali in particolare i liquami devono essere convogliati in una zona di stoccaggio esterna allallevamento è consigliabile che siano presenti tubature specifiche per lallevamento stesso al fine di evitare luso di tubature appartenenti alla ditta incaricata dello smaltimento dei liquami queste ultime potrebbero infatti essere state in contatto anche di recente con liquami provenienti da altri allevamenti inoltre è importante che la vasca di stoccaggio sia ubicata nella zona pulita dellallevamento ossia in prossimità dellarea di stabulazione degli animali per garantire una gestione adeguata e sicura dei liquami', '**52** **48 sono presenti ingressi per le operazioni di trasporto dei liquami distinti da quelli dellarea di stabulazione e gestione degli animali ** regolamento di esecuzione ue 2023/594 della commissione allegato iii punto 2 comma i **elemento di verifica ** esistono ingressi per le operazioni di trasporto dei liquami distinti da quelli dellarea di stabulazione e gestione degli animali i liquami devono essere convogliati in una zona di stoccaggio esterna allallevamento inoltre è consigliabile la presenza di tubature specifiche per lallevamento al fine di evitare lutilizzo di tubature appartenenti alla ditta incaricata dello smaltimento dei liquami che potrebbero essere state in contatto anche recentemente con i liquami di altri allevamenti lubicazione della vasca di stoccaggio nella zona pulita dellallevamento in prossimità dellarea di stabulazione degli animali implica che anche il camion', '**riferimento normativo 122/2011 allegato parte ii lettera b punto 3 cl min 21 b** nella settimana antecedente al parto previsto le scrofe e le scrofette devono avere accesso a una lettiera adeguata in quantità sufficiente salvo che ciò non sia tecnicamente realizzabile in base al sistema di smaltimento dei liquami adottato nello stabilimento è necessario verificare la disponibilità di materiali assenza di protezioni per i suinetti e/o mancanza di spazio sufficiente per lallattamento senza difficoltà presenza di protezioni per i suinetti e disponibilità di spazio adeguato per lallattamento senza difficoltà lettiera assente o insufficiente **libertà di movimento conformità delle pavimentazioni per suinetti lattonzoli e fonte di calore** **riferimento normativo 122/2011 allegato parte ii lettera a punto 1 cl min 20 b** **pavimentazioni spazio disponibile per i verri** una porzione del pavimento deve essere sufficientemente ampia per consentire agli animali di riposare insieme contemporaneamente', '**3000 ppm** tra gli indicatori di una ventilazione inadeguata che può compromettere sia la salute che il benessere degli animali i gas nocivi rappresentano parametri di valutazione significativi tra i principali gas che possono generarsi in un allevamento suino lammoniaca nh3 e il biossido di carbonio co2 sono considerati i più pericolosi per la salute degli animali lammoniaca si origina principalmente dal catabolismo delle sostanze organiche in particolare dallurea presente nei liquami pertanto la presenza di basse concentrazioni di ammoniaca è inevitabile e si riscontra anche negli allevamenti dotati di una ventilazione adeguata la presenza di biossido di carbonio invece è attribuibile alla respirazione degli animali analogamente allammoniaca un basso livello di anidride carbonica è da considerarsi normale anche nelle migliori condizioni di gestione in caso di insufficienza di ventilazione sia essa naturale che forzata allinterno del capannone la concentrazione di questi due gas', ""La verifica riguarda l'uso dei terreni adiacenti all'azienda per lo spandimento di liquami provenienti da altre aziende. È fondamentale considerare che i liquami possono costituire una significativa fonte di rischio per la diffusione di agenti patogeni all'interno dell'allevamento. Infatti, il contatto, sia diretto che indiretto, con liquami di altre aziende può facilitare la trasmissione di malattie tra allevamenti, anche in assenza di movimentazione di animali.\n\nPertanto, lo spargimento di liquami provenienti da aziende terze nelle vicinanze dell'allevamento rappresenta un serio fattore di rischio per la biosicurezza. Per questo motivo, è essenziale evitare tale pratica. È necessario valutare la prossimità dei terreni non di proprietà dell'allevamento e accertarsi che in essi non vengano smaltiti liquami di altre aziende suinicole."", 'il testo discute i livelli di rischio associati al benessere animale come definito dal fawc nel 1979 in particolare vengono identificati tre livelli di rischio 1 **livello 2** questo livello rappresenta un rischio controllato o una condizione accettabile conforme alla normativa in questa situazione si considera che tutti gli animali della mandria possano soddisfare le proprie cinque libertà come stabilito dal fawc e non subire condizioni di stress 2 **livello 3** qui si parla di un rischio basso che corrisponde a una condizione ottimale e superiore alla normativa in questo caso il benessere degli animali è positivo e benefico non solo perché gli animali si adattano pienamente al loro ambiente e rispettano le cinque libertà ma anche perché hanno lopportunità di vivere esperienze positive appaganti e soddisfacenti capaci di generare “eustress” inoltre il risultato parziale di ciascuna area a b c e grandi rischi fornisce unindicazione sul peso e sullimportanza di ciascuna di esse nella composizione finale dellindice di rischio per il benessere animale indipendentemente dalle eventuali non conformità legislative', ""La posizione dell'allevamento, situata nelle immediate vicinanze dell'area di stabulazione degli animali, implica che anche il camion incaricato dello smaltimento dei liquami debba transitare in tale zona, rappresentando un potenziale fattore di rischio per la biosicurezza dell'allevamento. È necessario verificare la localizzazione della vasca di stoccaggio dei liquami e valutare se il percorso del veicolo per lo smaltimento attraversa l'area di stabulazione degli animali. \n\nEsistono ingressi dedicati per le operazioni di trasporto dei liquami, distinti da quelli utilizzati per l'area di stabulazione e gestione degli animali? \nSÌ \nNO""]","I liquami rappresentano una significativa fonte di rischio per la diffusione di agenti patogeni all'interno dell'allevamento. Il contatto, sia diretto che indiretto, con liquami provenienti da altre aziende può facilitare la trasmissione di malattie tra allevamenti, anche in assenza di movimentazione di animali. Pertanto, lo spargimento di liquami di aziende terze nelle vicinanze dell'allevamento deve essere evitato per garantire la biosicurezza [Doc 2][Doc 8].",I liquami rappresentano una rilevante fonte di rischio per la diffusione degli agenti patogeni all'interno dell'allevamento. Il contatto diretto o indiretto con liquami provenienti da altre aziende può favorire la trasmissione di malattie tra allevamenti anche senza la movimentazione di animali.,1.0,0.7252367767316747,0.9593749999880078,1.0,0.8998724298510954
